ARM GAS  C:\Users\Admin\AppData\Local\Temp\cc179tLz.s 			page 1


   1              		.syntax unified
   2              		.cpu cortex-m0
   3              		.fpu softvfp
   4              		.eabi_attribute 20, 1
   5              		.eabi_attribute 21, 1
   6              		.eabi_attribute 23, 3
   7              		.eabi_attribute 24, 1
   8              		.eabi_attribute 25, 1
   9              		.eabi_attribute 26, 1
  10              		.eabi_attribute 30, 6
  11              		.eabi_attribute 34, 0
  12              		.eabi_attribute 18, 4
  13              		.thumb
  14              		.syntax unified
  15              		.file	"cyfitter_cfg.c"
  16              		.text
  17              	.Ltext0:
  18              		.cfi_sections	.debug_frame
  19              		.section	.text.CYMEMZERO,"ax",%progbits
  20              		.align	2
  21              		.code	16
  22              		.thumb_func
  23              		.type	CYMEMZERO, %function
  24              	CYMEMZERO:
  25              	.LFB2:
  26              		.file 1 "Generated_Source\\PSoC4\\cyfitter_cfg.c"
   1:Generated_Source\PSoC4/cyfitter_cfg.c **** 
   2:Generated_Source\PSoC4/cyfitter_cfg.c **** /*******************************************************************************
   3:Generated_Source\PSoC4/cyfitter_cfg.c **** * File Name: cyfitter_cfg.c
   4:Generated_Source\PSoC4/cyfitter_cfg.c **** * 
   5:Generated_Source\PSoC4/cyfitter_cfg.c **** * PSoC Creator  4.4
   6:Generated_Source\PSoC4/cyfitter_cfg.c **** *
   7:Generated_Source\PSoC4/cyfitter_cfg.c **** * Description:
   8:Generated_Source\PSoC4/cyfitter_cfg.c **** * This file contains device initialization code.
   9:Generated_Source\PSoC4/cyfitter_cfg.c **** * Except for the user defined sections in CyClockStartupError(), this file should not be modified.
  10:Generated_Source\PSoC4/cyfitter_cfg.c **** * This file is automatically generated by PSoC Creator.
  11:Generated_Source\PSoC4/cyfitter_cfg.c **** *
  12:Generated_Source\PSoC4/cyfitter_cfg.c **** ********************************************************************************
  13:Generated_Source\PSoC4/cyfitter_cfg.c **** * Copyright (c) 2007-2020 Cypress Semiconductor.  All rights reserved.
  14:Generated_Source\PSoC4/cyfitter_cfg.c **** * You may use this file only in accordance with the license, terms, conditions, 
  15:Generated_Source\PSoC4/cyfitter_cfg.c **** * disclaimers, and limitations in the end user license agreement accompanying 
  16:Generated_Source\PSoC4/cyfitter_cfg.c **** * the software package with which this file was provided.
  17:Generated_Source\PSoC4/cyfitter_cfg.c **** ********************************************************************************/
  18:Generated_Source\PSoC4/cyfitter_cfg.c **** 
  19:Generated_Source\PSoC4/cyfitter_cfg.c **** #include <string.h>
  20:Generated_Source\PSoC4/cyfitter_cfg.c **** #include "cytypes.h"
  21:Generated_Source\PSoC4/cyfitter_cfg.c **** #include "cydevice_trm.h"
  22:Generated_Source\PSoC4/cyfitter_cfg.c **** #include "cyfitter.h"
  23:Generated_Source\PSoC4/cyfitter_cfg.c **** #include "CyLib.h"
  24:Generated_Source\PSoC4/cyfitter_cfg.c **** #include "CyLFClk.h"
  25:Generated_Source\PSoC4/cyfitter_cfg.c **** #include "cyfitter_cfg.h"
  26:Generated_Source\PSoC4/cyfitter_cfg.c **** #include "cyapicallbacks.h"
  27:Generated_Source\PSoC4/cyfitter_cfg.c **** 
  28:Generated_Source\PSoC4/cyfitter_cfg.c **** 
  29:Generated_Source\PSoC4/cyfitter_cfg.c **** #if defined(__GNUC__) || defined(__ARMCC_VERSION)
  30:Generated_Source\PSoC4/cyfitter_cfg.c ****     #define CYPACKED 
  31:Generated_Source\PSoC4/cyfitter_cfg.c ****     #define CYPACKED_ATTR __attribute__ ((packed))
ARM GAS  C:\Users\Admin\AppData\Local\Temp\cc179tLz.s 			page 2


  32:Generated_Source\PSoC4/cyfitter_cfg.c ****     #define CYALIGNED __attribute__ ((aligned))
  33:Generated_Source\PSoC4/cyfitter_cfg.c ****     #define CY_CFG_UNUSED __attribute__ ((unused))
  34:Generated_Source\PSoC4/cyfitter_cfg.c ****     #ifndef CY_CFG_SECTION
  35:Generated_Source\PSoC4/cyfitter_cfg.c ****         #define CY_CFG_SECTION __attribute__ ((section(".psocinit")))
  36:Generated_Source\PSoC4/cyfitter_cfg.c ****     #endif
  37:Generated_Source\PSoC4/cyfitter_cfg.c ****     
  38:Generated_Source\PSoC4/cyfitter_cfg.c ****     #if defined(__ARMCC_VERSION)
  39:Generated_Source\PSoC4/cyfitter_cfg.c ****         #define CY_CFG_MEMORY_BARRIER() __memory_changed()
  40:Generated_Source\PSoC4/cyfitter_cfg.c ****     #else
  41:Generated_Source\PSoC4/cyfitter_cfg.c ****         #define CY_CFG_MEMORY_BARRIER() __sync_synchronize()
  42:Generated_Source\PSoC4/cyfitter_cfg.c ****     #endif
  43:Generated_Source\PSoC4/cyfitter_cfg.c ****     
  44:Generated_Source\PSoC4/cyfitter_cfg.c **** #elif defined(__ICCARM__)
  45:Generated_Source\PSoC4/cyfitter_cfg.c ****     #include <intrinsics.h>
  46:Generated_Source\PSoC4/cyfitter_cfg.c **** 
  47:Generated_Source\PSoC4/cyfitter_cfg.c ****     #define CYPACKED __packed
  48:Generated_Source\PSoC4/cyfitter_cfg.c ****     #define CYPACKED_ATTR 
  49:Generated_Source\PSoC4/cyfitter_cfg.c ****     #define CYALIGNED _Pragma("data_alignment=4")
  50:Generated_Source\PSoC4/cyfitter_cfg.c ****     #define CY_CFG_UNUSED _Pragma("diag_suppress=Pe177")
  51:Generated_Source\PSoC4/cyfitter_cfg.c ****     #define CY_CFG_SECTION _Pragma("location=\".psocinit\"")
  52:Generated_Source\PSoC4/cyfitter_cfg.c ****     
  53:Generated_Source\PSoC4/cyfitter_cfg.c ****     #define CY_CFG_MEMORY_BARRIER() __DMB()
  54:Generated_Source\PSoC4/cyfitter_cfg.c ****     
  55:Generated_Source\PSoC4/cyfitter_cfg.c **** #else
  56:Generated_Source\PSoC4/cyfitter_cfg.c ****     #error Unsupported toolchain
  57:Generated_Source\PSoC4/cyfitter_cfg.c **** #endif
  58:Generated_Source\PSoC4/cyfitter_cfg.c **** 
  59:Generated_Source\PSoC4/cyfitter_cfg.c **** #ifndef CYCODE
  60:Generated_Source\PSoC4/cyfitter_cfg.c ****     #define CYCODE
  61:Generated_Source\PSoC4/cyfitter_cfg.c **** #endif
  62:Generated_Source\PSoC4/cyfitter_cfg.c **** #ifndef CYDATA
  63:Generated_Source\PSoC4/cyfitter_cfg.c ****     #define CYDATA
  64:Generated_Source\PSoC4/cyfitter_cfg.c **** #endif
  65:Generated_Source\PSoC4/cyfitter_cfg.c **** #ifndef CYFAR
  66:Generated_Source\PSoC4/cyfitter_cfg.c ****     #define CYFAR
  67:Generated_Source\PSoC4/cyfitter_cfg.c **** #endif
  68:Generated_Source\PSoC4/cyfitter_cfg.c **** #ifndef CYXDATA
  69:Generated_Source\PSoC4/cyfitter_cfg.c ****     #define CYXDATA
  70:Generated_Source\PSoC4/cyfitter_cfg.c **** #endif
  71:Generated_Source\PSoC4/cyfitter_cfg.c **** 
  72:Generated_Source\PSoC4/cyfitter_cfg.c **** 
  73:Generated_Source\PSoC4/cyfitter_cfg.c **** CY_CFG_UNUSED
  74:Generated_Source\PSoC4/cyfitter_cfg.c **** static void CYMEMZERO(void *s, size_t n);
  75:Generated_Source\PSoC4/cyfitter_cfg.c **** CY_CFG_UNUSED
  76:Generated_Source\PSoC4/cyfitter_cfg.c **** static void CYMEMZERO(void *s, size_t n)
  77:Generated_Source\PSoC4/cyfitter_cfg.c **** {
  27              		.loc 1 77 0
  28              		.cfi_startproc
  29              		@ args = 0, pretend = 0, frame = 8
  30              		@ frame_needed = 1, uses_anonymous_args = 0
  31 0000 80B5     		push	{r7, lr}
  32              		.cfi_def_cfa_offset 8
  33              		.cfi_offset 7, -8
  34              		.cfi_offset 14, -4
  35 0002 82B0     		sub	sp, sp, #8
  36              		.cfi_def_cfa_offset 16
  37 0004 00AF     		add	r7, sp, #0
ARM GAS  C:\Users\Admin\AppData\Local\Temp\cc179tLz.s 			page 3


  38              		.cfi_def_cfa_register 7
  39 0006 7860     		str	r0, [r7, #4]
  40 0008 3960     		str	r1, [r7]
  78:Generated_Source\PSoC4/cyfitter_cfg.c **** 	(void)memset(s, 0, n);
  41              		.loc 1 78 0
  42 000a 3A68     		ldr	r2, [r7]
  43 000c 7B68     		ldr	r3, [r7, #4]
  44 000e 0021     		movs	r1, #0
  45 0010 1800     		movs	r0, r3
  46 0012 FFF7FEFF 		bl	memset
  79:Generated_Source\PSoC4/cyfitter_cfg.c **** }
  47              		.loc 1 79 0
  48 0016 C046     		nop
  49 0018 BD46     		mov	sp, r7
  50 001a 02B0     		add	sp, sp, #8
  51              		@ sp needed
  52 001c 80BD     		pop	{r7, pc}
  53              		.cfi_endproc
  54              	.LFE2:
  55              		.size	CYMEMZERO, .-CYMEMZERO
  56 001e C046     		.section	.text.CYCONFIGCPY,"ax",%progbits
  57              		.align	2
  58              		.code	16
  59              		.thumb_func
  60              		.type	CYCONFIGCPY, %function
  61              	CYCONFIGCPY:
  62              	.LFB3:
  80:Generated_Source\PSoC4/cyfitter_cfg.c **** CY_CFG_UNUSED
  81:Generated_Source\PSoC4/cyfitter_cfg.c **** static void CYCONFIGCPY(void *dest, const void *src, size_t n);
  82:Generated_Source\PSoC4/cyfitter_cfg.c **** CY_CFG_UNUSED
  83:Generated_Source\PSoC4/cyfitter_cfg.c **** static void CYCONFIGCPY(void *dest, const void *src, size_t n)
  84:Generated_Source\PSoC4/cyfitter_cfg.c **** {
  63              		.loc 1 84 0
  64              		.cfi_startproc
  65              		@ args = 0, pretend = 0, frame = 16
  66              		@ frame_needed = 1, uses_anonymous_args = 0
  67 0000 80B5     		push	{r7, lr}
  68              		.cfi_def_cfa_offset 8
  69              		.cfi_offset 7, -8
  70              		.cfi_offset 14, -4
  71 0002 84B0     		sub	sp, sp, #16
  72              		.cfi_def_cfa_offset 24
  73 0004 00AF     		add	r7, sp, #0
  74              		.cfi_def_cfa_register 7
  75 0006 F860     		str	r0, [r7, #12]
  76 0008 B960     		str	r1, [r7, #8]
  77 000a 7A60     		str	r2, [r7, #4]
  85:Generated_Source\PSoC4/cyfitter_cfg.c **** 	(void)memcpy(dest, src, n);
  78              		.loc 1 85 0
  79 000c 7A68     		ldr	r2, [r7, #4]
  80 000e B968     		ldr	r1, [r7, #8]
  81 0010 FB68     		ldr	r3, [r7, #12]
  82 0012 1800     		movs	r0, r3
  83 0014 FFF7FEFF 		bl	memcpy
  86:Generated_Source\PSoC4/cyfitter_cfg.c **** }
  84              		.loc 1 86 0
  85 0018 C046     		nop
ARM GAS  C:\Users\Admin\AppData\Local\Temp\cc179tLz.s 			page 4


  86 001a BD46     		mov	sp, r7
  87 001c 04B0     		add	sp, sp, #16
  88              		@ sp needed
  89 001e 80BD     		pop	{r7, pc}
  90              		.cfi_endproc
  91              	.LFE3:
  92              		.size	CYCONFIGCPY, .-CYCONFIGCPY
  93              		.section	.text.CYCONFIGCPYCODE,"ax",%progbits
  94              		.align	2
  95              		.code	16
  96              		.thumb_func
  97              		.type	CYCONFIGCPYCODE, %function
  98              	CYCONFIGCPYCODE:
  99              	.LFB4:
  87:Generated_Source\PSoC4/cyfitter_cfg.c **** CY_CFG_UNUSED
  88:Generated_Source\PSoC4/cyfitter_cfg.c **** static void CYCONFIGCPYCODE(void *dest, const void *src, size_t n);
  89:Generated_Source\PSoC4/cyfitter_cfg.c **** CY_CFG_UNUSED
  90:Generated_Source\PSoC4/cyfitter_cfg.c **** static void CYCONFIGCPYCODE(void *dest, const void *src, size_t n)
  91:Generated_Source\PSoC4/cyfitter_cfg.c **** {
 100              		.loc 1 91 0
 101              		.cfi_startproc
 102              		@ args = 0, pretend = 0, frame = 16
 103              		@ frame_needed = 1, uses_anonymous_args = 0
 104 0000 80B5     		push	{r7, lr}
 105              		.cfi_def_cfa_offset 8
 106              		.cfi_offset 7, -8
 107              		.cfi_offset 14, -4
 108 0002 84B0     		sub	sp, sp, #16
 109              		.cfi_def_cfa_offset 24
 110 0004 00AF     		add	r7, sp, #0
 111              		.cfi_def_cfa_register 7
 112 0006 F860     		str	r0, [r7, #12]
 113 0008 B960     		str	r1, [r7, #8]
 114 000a 7A60     		str	r2, [r7, #4]
  92:Generated_Source\PSoC4/cyfitter_cfg.c **** 	(void)memcpy(dest, src, n);
 115              		.loc 1 92 0
 116 000c 7A68     		ldr	r2, [r7, #4]
 117 000e B968     		ldr	r1, [r7, #8]
 118 0010 FB68     		ldr	r3, [r7, #12]
 119 0012 1800     		movs	r0, r3
 120 0014 FFF7FEFF 		bl	memcpy
  93:Generated_Source\PSoC4/cyfitter_cfg.c **** }
 121              		.loc 1 93 0
 122 0018 C046     		nop
 123 001a BD46     		mov	sp, r7
 124 001c 04B0     		add	sp, sp, #16
 125              		@ sp needed
 126 001e 80BD     		pop	{r7, pc}
 127              		.cfi_endproc
 128              	.LFE4:
 129              		.size	CYCONFIGCPYCODE, .-CYCONFIGCPYCODE
 130              		.section	.text.cfg_write_bytes32,"ax",%progbits
 131              		.align	2
 132              		.code	16
 133              		.thumb_func
 134              		.type	cfg_write_bytes32, %function
 135              	cfg_write_bytes32:
ARM GAS  C:\Users\Admin\AppData\Local\Temp\cc179tLz.s 			page 5


 136              	.LFB5:
  94:Generated_Source\PSoC4/cyfitter_cfg.c **** 
  95:Generated_Source\PSoC4/cyfitter_cfg.c **** 
  96:Generated_Source\PSoC4/cyfitter_cfg.c **** 
  97:Generated_Source\PSoC4/cyfitter_cfg.c **** 
  98:Generated_Source\PSoC4/cyfitter_cfg.c **** /* Clock startup error codes                                                   */
  99:Generated_Source\PSoC4/cyfitter_cfg.c **** #define CYCLOCKSTART_NO_ERROR    0u
 100:Generated_Source\PSoC4/cyfitter_cfg.c **** #define CYCLOCKSTART_XTAL_ERROR  1u
 101:Generated_Source\PSoC4/cyfitter_cfg.c **** #define CYCLOCKSTART_32KHZ_ERROR 2u
 102:Generated_Source\PSoC4/cyfitter_cfg.c **** #define CYCLOCKSTART_PLL_ERROR   3u
 103:Generated_Source\PSoC4/cyfitter_cfg.c **** #define CYCLOCKSTART_FLL_ERROR   4u
 104:Generated_Source\PSoC4/cyfitter_cfg.c **** #define CYCLOCKSTART_WCO_ERROR   5u
 105:Generated_Source\PSoC4/cyfitter_cfg.c **** 
 106:Generated_Source\PSoC4/cyfitter_cfg.c **** 
 107:Generated_Source\PSoC4/cyfitter_cfg.c **** #ifdef CY_NEED_CYCLOCKSTARTUPERROR
 108:Generated_Source\PSoC4/cyfitter_cfg.c **** /*******************************************************************************
 109:Generated_Source\PSoC4/cyfitter_cfg.c **** * Function Name: CyClockStartupError
 110:Generated_Source\PSoC4/cyfitter_cfg.c **** ********************************************************************************
 111:Generated_Source\PSoC4/cyfitter_cfg.c **** * Summary:
 112:Generated_Source\PSoC4/cyfitter_cfg.c **** *  If an error is encountered during clock configuration (crystal startup error,
 113:Generated_Source\PSoC4/cyfitter_cfg.c **** *  PLL lock error, etc.), the system will end up here.  Unless reimplemented by
 114:Generated_Source\PSoC4/cyfitter_cfg.c **** *  the customer, this function will stop in an infinite loop.
 115:Generated_Source\PSoC4/cyfitter_cfg.c **** *
 116:Generated_Source\PSoC4/cyfitter_cfg.c **** * Parameters:
 117:Generated_Source\PSoC4/cyfitter_cfg.c **** *   void
 118:Generated_Source\PSoC4/cyfitter_cfg.c **** *
 119:Generated_Source\PSoC4/cyfitter_cfg.c **** * Return:
 120:Generated_Source\PSoC4/cyfitter_cfg.c **** *   void
 121:Generated_Source\PSoC4/cyfitter_cfg.c **** *
 122:Generated_Source\PSoC4/cyfitter_cfg.c **** *******************************************************************************/
 123:Generated_Source\PSoC4/cyfitter_cfg.c **** CY_CFG_UNUSED
 124:Generated_Source\PSoC4/cyfitter_cfg.c **** static void CyClockStartupError(uint8 errorCode);
 125:Generated_Source\PSoC4/cyfitter_cfg.c **** CY_CFG_UNUSED
 126:Generated_Source\PSoC4/cyfitter_cfg.c **** static void CyClockStartupError(uint8 errorCode)
 127:Generated_Source\PSoC4/cyfitter_cfg.c **** {
 128:Generated_Source\PSoC4/cyfitter_cfg.c ****     /* To remove the compiler warning if errorCode not used.                */
 129:Generated_Source\PSoC4/cyfitter_cfg.c ****     errorCode = errorCode;
 130:Generated_Source\PSoC4/cyfitter_cfg.c **** 
 131:Generated_Source\PSoC4/cyfitter_cfg.c ****     /* If we have a clock startup error (bad MHz crystal, PLL lock, etc.),  */
 132:Generated_Source\PSoC4/cyfitter_cfg.c ****     /* we will end up here to allow the customer to implement something to  */
 133:Generated_Source\PSoC4/cyfitter_cfg.c ****     /* deal with the clock condition.                                       */
 134:Generated_Source\PSoC4/cyfitter_cfg.c **** 
 135:Generated_Source\PSoC4/cyfitter_cfg.c **** #ifdef CY_CFG_CLOCK_STARTUP_ERROR_CALLBACK
 136:Generated_Source\PSoC4/cyfitter_cfg.c ****     CY_CFG_Clock_Startup_ErrorCallback();
 137:Generated_Source\PSoC4/cyfitter_cfg.c **** #else
 138:Generated_Source\PSoC4/cyfitter_cfg.c ****     /*  If not using CY_CFG_CLOCK_STARTUP_ERROR_CALLBACK, place your clock startup code here. */
 139:Generated_Source\PSoC4/cyfitter_cfg.c ****     /* `#START CyClockStartupError` */
 140:Generated_Source\PSoC4/cyfitter_cfg.c **** 
 141:Generated_Source\PSoC4/cyfitter_cfg.c **** 
 142:Generated_Source\PSoC4/cyfitter_cfg.c **** 
 143:Generated_Source\PSoC4/cyfitter_cfg.c ****     /* `#END` */
 144:Generated_Source\PSoC4/cyfitter_cfg.c **** 
 145:Generated_Source\PSoC4/cyfitter_cfg.c ****     while(1) {}
 146:Generated_Source\PSoC4/cyfitter_cfg.c **** #endif /* CY_CFG_CLOCK_STARTUP_ERROR_CALLBACK */
 147:Generated_Source\PSoC4/cyfitter_cfg.c **** }
 148:Generated_Source\PSoC4/cyfitter_cfg.c **** #endif
 149:Generated_Source\PSoC4/cyfitter_cfg.c **** 
ARM GAS  C:\Users\Admin\AppData\Local\Temp\cc179tLz.s 			page 6


 150:Generated_Source\PSoC4/cyfitter_cfg.c **** #define CY_CFG_BASE_ADDR_COUNT 8u
 151:Generated_Source\PSoC4/cyfitter_cfg.c **** CYPACKED typedef struct
 152:Generated_Source\PSoC4/cyfitter_cfg.c **** {
 153:Generated_Source\PSoC4/cyfitter_cfg.c **** 	uint8 offset;
 154:Generated_Source\PSoC4/cyfitter_cfg.c **** 	uint8 value;
 155:Generated_Source\PSoC4/cyfitter_cfg.c **** } CYPACKED_ATTR cy_cfg_addrvalue_t;
 156:Generated_Source\PSoC4/cyfitter_cfg.c **** 
 157:Generated_Source\PSoC4/cyfitter_cfg.c **** 
 158:Generated_Source\PSoC4/cyfitter_cfg.c **** 
 159:Generated_Source\PSoC4/cyfitter_cfg.c **** /*******************************************************************************
 160:Generated_Source\PSoC4/cyfitter_cfg.c **** * Function Name: cfg_write_bytes32
 161:Generated_Source\PSoC4/cyfitter_cfg.c **** ********************************************************************************
 162:Generated_Source\PSoC4/cyfitter_cfg.c **** * Summary:
 163:Generated_Source\PSoC4/cyfitter_cfg.c **** *  This function is used for setting up the chip configuration areas that
 164:Generated_Source\PSoC4/cyfitter_cfg.c **** *  contain relatively sparse data.
 165:Generated_Source\PSoC4/cyfitter_cfg.c **** *
 166:Generated_Source\PSoC4/cyfitter_cfg.c **** * Parameters:
 167:Generated_Source\PSoC4/cyfitter_cfg.c **** *   void
 168:Generated_Source\PSoC4/cyfitter_cfg.c **** *
 169:Generated_Source\PSoC4/cyfitter_cfg.c **** * Return:
 170:Generated_Source\PSoC4/cyfitter_cfg.c **** *   void
 171:Generated_Source\PSoC4/cyfitter_cfg.c **** *
 172:Generated_Source\PSoC4/cyfitter_cfg.c **** *******************************************************************************/
 173:Generated_Source\PSoC4/cyfitter_cfg.c **** static void cfg_write_bytes32(const uint32 addr_table[], const cy_cfg_addrvalue_t data_table[]);
 174:Generated_Source\PSoC4/cyfitter_cfg.c **** static void cfg_write_bytes32(const uint32 addr_table[], const cy_cfg_addrvalue_t data_table[])
 175:Generated_Source\PSoC4/cyfitter_cfg.c **** {
 137              		.loc 1 175 0
 138              		.cfi_startproc
 139              		@ args = 0, pretend = 0, frame = 24
 140              		@ frame_needed = 1, uses_anonymous_args = 0
 141 0000 80B5     		push	{r7, lr}
 142              		.cfi_def_cfa_offset 8
 143              		.cfi_offset 7, -8
 144              		.cfi_offset 14, -4
 145 0002 86B0     		sub	sp, sp, #24
 146              		.cfi_def_cfa_offset 32
 147 0004 00AF     		add	r7, sp, #0
 148              		.cfi_def_cfa_register 7
 149 0006 7860     		str	r0, [r7, #4]
 150 0008 3960     		str	r1, [r7]
 176:Generated_Source\PSoC4/cyfitter_cfg.c **** 	/* For 32-bit little-endian architectures */
 177:Generated_Source\PSoC4/cyfitter_cfg.c **** 	uint32 i, j = 0u;
 151              		.loc 1 177 0
 152 000a 0023     		movs	r3, #0
 153 000c 3B61     		str	r3, [r7, #16]
 178:Generated_Source\PSoC4/cyfitter_cfg.c **** 	for (i = 0u; i < CY_CFG_BASE_ADDR_COUNT; i++)
 154              		.loc 1 178 0
 155 000e 0023     		movs	r3, #0
 156 0010 7B61     		str	r3, [r7, #20]
 157 0012 2FE0     		b	.L5
 158              	.L8:
 159              	.LBB2:
 179:Generated_Source\PSoC4/cyfitter_cfg.c **** 	{
 180:Generated_Source\PSoC4/cyfitter_cfg.c **** 		uint32 baseAddr = addr_table[i];
 160              		.loc 1 180 0
 161 0014 7B69     		ldr	r3, [r7, #20]
 162 0016 9B00     		lsls	r3, r3, #2
ARM GAS  C:\Users\Admin\AppData\Local\Temp\cc179tLz.s 			page 7


 163 0018 7A68     		ldr	r2, [r7, #4]
 164 001a D318     		adds	r3, r2, r3
 165 001c 1B68     		ldr	r3, [r3]
 166 001e BB60     		str	r3, [r7, #8]
 181:Generated_Source\PSoC4/cyfitter_cfg.c **** 		uint8 count = (uint8)baseAddr;
 167              		.loc 1 181 0
 168 0020 0F23     		movs	r3, #15
 169 0022 FB18     		adds	r3, r7, r3
 170 0024 BA68     		ldr	r2, [r7, #8]
 171 0026 1A70     		strb	r2, [r3]
 182:Generated_Source\PSoC4/cyfitter_cfg.c **** 		baseAddr &= 0xFFFFFF00u;
 172              		.loc 1 182 0
 173 0028 BB68     		ldr	r3, [r7, #8]
 174 002a FF22     		movs	r2, #255
 175 002c 9343     		bics	r3, r2
 176 002e BB60     		str	r3, [r7, #8]
 183:Generated_Source\PSoC4/cyfitter_cfg.c **** 		while (count != 0u)
 177              		.loc 1 183 0
 178 0030 18E0     		b	.L6
 179              	.L7:
 184:Generated_Source\PSoC4/cyfitter_cfg.c **** 		{
 185:Generated_Source\PSoC4/cyfitter_cfg.c **** 			CY_SET_REG8((void *)(baseAddr + data_table[j].offset), data_table[j].value);
 180              		.loc 1 185 0
 181 0032 3B69     		ldr	r3, [r7, #16]
 182 0034 5B00     		lsls	r3, r3, #1
 183 0036 3A68     		ldr	r2, [r7]
 184 0038 D318     		adds	r3, r2, r3
 185 003a 1B78     		ldrb	r3, [r3]
 186 003c 1A00     		movs	r2, r3
 187 003e BB68     		ldr	r3, [r7, #8]
 188 0040 D318     		adds	r3, r2, r3
 189 0042 1900     		movs	r1, r3
 190 0044 3B69     		ldr	r3, [r7, #16]
 191 0046 5B00     		lsls	r3, r3, #1
 192 0048 3A68     		ldr	r2, [r7]
 193 004a D318     		adds	r3, r2, r3
 194 004c 5B78     		ldrb	r3, [r3, #1]
 195 004e 0B70     		strb	r3, [r1]
 186:Generated_Source\PSoC4/cyfitter_cfg.c **** 			j++;
 196              		.loc 1 186 0
 197 0050 3B69     		ldr	r3, [r7, #16]
 198 0052 0133     		adds	r3, r3, #1
 199 0054 3B61     		str	r3, [r7, #16]
 187:Generated_Source\PSoC4/cyfitter_cfg.c **** 			count--;
 200              		.loc 1 187 0
 201 0056 0F23     		movs	r3, #15
 202 0058 FB18     		adds	r3, r7, r3
 203 005a 1A78     		ldrb	r2, [r3]
 204 005c 0F23     		movs	r3, #15
 205 005e FB18     		adds	r3, r7, r3
 206 0060 013A     		subs	r2, r2, #1
 207 0062 1A70     		strb	r2, [r3]
 208              	.L6:
 183:Generated_Source\PSoC4/cyfitter_cfg.c **** 		{
 209              		.loc 1 183 0
 210 0064 0F23     		movs	r3, #15
 211 0066 FB18     		adds	r3, r7, r3
ARM GAS  C:\Users\Admin\AppData\Local\Temp\cc179tLz.s 			page 8


 212 0068 1B78     		ldrb	r3, [r3]
 213 006a 002B     		cmp	r3, #0
 214 006c E1D1     		bne	.L7
 215              	.LBE2:
 178:Generated_Source\PSoC4/cyfitter_cfg.c **** 	{
 216              		.loc 1 178 0 discriminator 2
 217 006e 7B69     		ldr	r3, [r7, #20]
 218 0070 0133     		adds	r3, r3, #1
 219 0072 7B61     		str	r3, [r7, #20]
 220              	.L5:
 178:Generated_Source\PSoC4/cyfitter_cfg.c **** 	{
 221              		.loc 1 178 0 is_stmt 0 discriminator 1
 222 0074 7B69     		ldr	r3, [r7, #20]
 223 0076 072B     		cmp	r3, #7
 224 0078 CCD9     		bls	.L8
 188:Generated_Source\PSoC4/cyfitter_cfg.c **** 		}
 189:Generated_Source\PSoC4/cyfitter_cfg.c **** 	}
 190:Generated_Source\PSoC4/cyfitter_cfg.c **** }
 225              		.loc 1 190 0 is_stmt 1
 226 007a C046     		nop
 227 007c BD46     		mov	sp, r7
 228 007e 06B0     		add	sp, sp, #24
 229              		@ sp needed
 230 0080 80BD     		pop	{r7, pc}
 231              		.cfi_endproc
 232              	.LFE5:
 233              		.size	cfg_write_bytes32, .-cfg_write_bytes32
 234 0082 C046     		.section	.psocinit,"ax",%progbits
 235              		.align	2
 236              		.code	16
 237              		.thumb_func
 238              		.type	ClockSetup, %function
 239              	ClockSetup:
 240              	.LFB6:
 191:Generated_Source\PSoC4/cyfitter_cfg.c **** 
 192:Generated_Source\PSoC4/cyfitter_cfg.c **** 
 193:Generated_Source\PSoC4/cyfitter_cfg.c **** /*******************************************************************************
 194:Generated_Source\PSoC4/cyfitter_cfg.c **** * Function Name: ClockSetup
 195:Generated_Source\PSoC4/cyfitter_cfg.c **** ********************************************************************************
 196:Generated_Source\PSoC4/cyfitter_cfg.c **** *
 197:Generated_Source\PSoC4/cyfitter_cfg.c **** * Summary:
 198:Generated_Source\PSoC4/cyfitter_cfg.c **** *   Performs the initialization of all of the clocks in the device based on the
 199:Generated_Source\PSoC4/cyfitter_cfg.c **** *   settings in the Clock tab of the DWR.  This includes enabling the requested
 200:Generated_Source\PSoC4/cyfitter_cfg.c **** *   clocks and setting the necessary dividers to produce the desired frequency. 
 201:Generated_Source\PSoC4/cyfitter_cfg.c **** *
 202:Generated_Source\PSoC4/cyfitter_cfg.c **** * Parameters:
 203:Generated_Source\PSoC4/cyfitter_cfg.c **** *   void
 204:Generated_Source\PSoC4/cyfitter_cfg.c **** *
 205:Generated_Source\PSoC4/cyfitter_cfg.c **** * Return:
 206:Generated_Source\PSoC4/cyfitter_cfg.c **** *   void
 207:Generated_Source\PSoC4/cyfitter_cfg.c **** *
 208:Generated_Source\PSoC4/cyfitter_cfg.c **** *******************************************************************************/
 209:Generated_Source\PSoC4/cyfitter_cfg.c **** static void ClockSetup(void);
 210:Generated_Source\PSoC4/cyfitter_cfg.c **** CY_CFG_SECTION
 211:Generated_Source\PSoC4/cyfitter_cfg.c **** static void ClockSetup(void)
 212:Generated_Source\PSoC4/cyfitter_cfg.c **** {
 241              		.loc 1 212 0
ARM GAS  C:\Users\Admin\AppData\Local\Temp\cc179tLz.s 			page 9


 242              		.cfi_startproc
 243              		@ args = 0, pretend = 0, frame = 0
 244              		@ frame_needed = 1, uses_anonymous_args = 0
 245 0000 80B5     		push	{r7, lr}
 246              		.cfi_def_cfa_offset 8
 247              		.cfi_offset 7, -8
 248              		.cfi_offset 14, -4
 249 0002 00AF     		add	r7, sp, #0
 250              		.cfi_def_cfa_register 7
 213:Generated_Source\PSoC4/cyfitter_cfg.c **** 
 214:Generated_Source\PSoC4/cyfitter_cfg.c **** 	/* Set Flash Cycles based on max possible frequency in case a glitch occurs during ClockSetup(). *
 215:Generated_Source\PSoC4/cyfitter_cfg.c **** 	CY_SET_REG32((void CYXDATA *)(CYREG_CPUSS_FLASH_CTL), (0x0012u));
 251              		.loc 1 215 0
 252 0004 324B     		ldr	r3, .L10
 253 0006 1222     		movs	r2, #18
 254 0008 1A60     		str	r2, [r3]
 216:Generated_Source\PSoC4/cyfitter_cfg.c **** 
 217:Generated_Source\PSoC4/cyfitter_cfg.c **** 	/* Start the WCO */
 218:Generated_Source\PSoC4/cyfitter_cfg.c **** 	CySysClkWcoStart();
 255              		.loc 1 218 0
 256 000a FFF7FEFF 		bl	CySysClkWcoStart
 219:Generated_Source\PSoC4/cyfitter_cfg.c **** 	CyDelayCycles(12000000u); /* WCO may take up to 500ms to start */
 257              		.loc 1 219 0
 258 000e 314B     		ldr	r3, .L10+4
 259 0010 1800     		movs	r0, r3
 260 0012 FFF7FEFF 		bl	CyDelayCycles
 220:Generated_Source\PSoC4/cyfitter_cfg.c **** 	(void)CySysClkWcoSetPowerMode(CY_SYS_CLK_WCO_LPM);    /* Switch to the low power mode */
 261              		.loc 1 220 0
 262 0016 0120     		movs	r0, #1
 263 0018 FFF7FEFF 		bl	CySysClkWcoSetPowerMode
 221:Generated_Source\PSoC4/cyfitter_cfg.c **** 
 222:Generated_Source\PSoC4/cyfitter_cfg.c **** 	/* Setup and trim IMO based on desired frequency. */
 223:Generated_Source\PSoC4/cyfitter_cfg.c **** 	CySysClkWriteImoFreq(48u);
 264              		.loc 1 223 0
 265 001c 3020     		movs	r0, #48
 266 001e FFF7FEFF 		bl	CySysClkWriteImoFreq
 224:Generated_Source\PSoC4/cyfitter_cfg.c **** 	/* CYDEV_CLK_ILO_CONFIG Starting address: CYDEV_CLK_ILO_CONFIG */
 225:Generated_Source\PSoC4/cyfitter_cfg.c **** 	CY_SET_REG32((void *)(CYREG_CLK_ILO_CONFIG), 0x80000006u);
 267              		.loc 1 225 0
 268 0022 2D4B     		ldr	r3, .L10+8
 269 0024 2D4A     		ldr	r2, .L10+12
 270 0026 1A60     		str	r2, [r3]
 226:Generated_Source\PSoC4/cyfitter_cfg.c **** 
 227:Generated_Source\PSoC4/cyfitter_cfg.c **** 	/* CYDEV_WDT_CONFIG Starting address: CYDEV_WDT_CONFIG */
 228:Generated_Source\PSoC4/cyfitter_cfg.c **** 	CY_SET_REG32((void *)(CYREG_WDT_CONFIG), 0x40000000u);
 271              		.loc 1 228 0
 272 0028 2D4B     		ldr	r3, .L10+16
 273 002a 8022     		movs	r2, #128
 274 002c D205     		lsls	r2, r2, #23
 275 002e 1A60     		str	r2, [r3]
 229:Generated_Source\PSoC4/cyfitter_cfg.c **** 
 230:Generated_Source\PSoC4/cyfitter_cfg.c **** 
 231:Generated_Source\PSoC4/cyfitter_cfg.c **** 	/* Enable fast start mode for XO */
 232:Generated_Source\PSoC4/cyfitter_cfg.c **** 	CY_SET_REG32((void*)CYREG_BLE_BLERD_BB_XO, CY_GET_REG32((void*)CYREG_BLE_BLERD_BB_XO) | (uint32)0x
 276              		.loc 1 232 0
 277 0030 2C4B     		ldr	r3, .L10+20
 278 0032 2C4A     		ldr	r2, .L10+20
ARM GAS  C:\Users\Admin\AppData\Local\Temp\cc179tLz.s 			page 10


 279 0034 1268     		ldr	r2, [r2]
 280 0036 0221     		movs	r1, #2
 281 0038 0A43     		orrs	r2, r1
 282 003a 1A60     		str	r2, [r3]
 233:Generated_Source\PSoC4/cyfitter_cfg.c **** 	CY_SET_REG32((void *)(CYREG_BLE_BLERD_BB_XO_CAPTRIM), 0x0000BCBCu);
 283              		.loc 1 233 0
 284 003c 2A4B     		ldr	r3, .L10+24
 285 003e 2B4A     		ldr	r2, .L10+28
 286 0040 1A60     		str	r2, [r3]
 234:Generated_Source\PSoC4/cyfitter_cfg.c **** 	/*Set XTAL(ECO) divider*/
 235:Generated_Source\PSoC4/cyfitter_cfg.c **** 	CY_SET_REG32((void *)(CYREG_BLE_BLESS_XTAL_CLK_DIV_CONFIG), 0x00000000u);
 287              		.loc 1 235 0
 288 0042 2B4B     		ldr	r3, .L10+32
 289 0044 0022     		movs	r2, #0
 290 0046 1A60     		str	r2, [r3]
 236:Generated_Source\PSoC4/cyfitter_cfg.c **** 	/* Disable Crystal Stable Interrupt before enabling ECO */
 237:Generated_Source\PSoC4/cyfitter_cfg.c **** 	CY_SET_REG32((void*)CYREG_BLE_BLESS_LL_DSM_CTRL, CY_GET_REG32((void*)CYREG_BLE_BLESS_LL_DSM_CTRL) 
 291              		.loc 1 237 0
 292 0048 2A4B     		ldr	r3, .L10+36
 293 004a 2A4A     		ldr	r2, .L10+36
 294 004c 1268     		ldr	r2, [r2]
 295 004e 0821     		movs	r1, #8
 296 0050 8A43     		bics	r2, r1
 297 0052 1A60     		str	r2, [r3]
 238:Generated_Source\PSoC4/cyfitter_cfg.c **** 	/* Start the ECO and do not check status since it is not needed for HFCLK */
 239:Generated_Source\PSoC4/cyfitter_cfg.c **** 	(void)CySysClkEcoStart(2000u);
 298              		.loc 1 239 0
 299 0054 FA23     		movs	r3, #250
 300 0056 DB00     		lsls	r3, r3, #3
 301 0058 1800     		movs	r0, r3
 302 005a FFF7FEFF 		bl	CySysClkEcoStart
 240:Generated_Source\PSoC4/cyfitter_cfg.c **** 	CyDelayUs(1500u); /* Wait to stabilize */
 303              		.loc 1 240 0
 304 005e 264B     		ldr	r3, .L10+40
 305 0060 1800     		movs	r0, r3
 306 0062 FFF7FEFF 		bl	CyDelayUs
 241:Generated_Source\PSoC4/cyfitter_cfg.c **** 
 242:Generated_Source\PSoC4/cyfitter_cfg.c **** 	/* Setup phase aligned clocks */
 243:Generated_Source\PSoC4/cyfitter_cfg.c **** 	CY_SET_REG32((void *)CYREG_PERI_DIV_16_CTL2, 0x00EA5F00u);
 307              		.loc 1 243 0
 308 0066 254B     		ldr	r3, .L10+44
 309 0068 254A     		ldr	r2, .L10+48
 310 006a 1A60     		str	r2, [r3]
 244:Generated_Source\PSoC4/cyfitter_cfg.c **** 	CY_SET_REG32((void *)CYREG_PERI_DIV_CMD, 0x8000FF42u);
 311              		.loc 1 244 0
 312 006c 254B     		ldr	r3, .L10+52
 313 006e 264A     		ldr	r2, .L10+56
 314 0070 1A60     		str	r2, [r3]
 245:Generated_Source\PSoC4/cyfitter_cfg.c **** 	CY_SET_REG32((void *)CYREG_PERI_DIV_16_CTL0, 0x00000500u);
 315              		.loc 1 245 0
 316 0072 264B     		ldr	r3, .L10+60
 317 0074 A022     		movs	r2, #160
 318 0076 D200     		lsls	r2, r2, #3
 319 0078 1A60     		str	r2, [r3]
 246:Generated_Source\PSoC4/cyfitter_cfg.c **** 	CY_SET_REG32((void *)CYREG_PERI_DIV_CMD, 0x8000FF40u);
 320              		.loc 1 246 0
 321 007a 224B     		ldr	r3, .L10+52
ARM GAS  C:\Users\Admin\AppData\Local\Temp\cc179tLz.s 			page 11


 322 007c 244A     		ldr	r2, .L10+64
 323 007e 1A60     		str	r2, [r3]
 247:Generated_Source\PSoC4/cyfitter_cfg.c **** 	CY_SET_REG32((void *)CYREG_PERI_DIV_16_CTL1, 0x00013800u);
 324              		.loc 1 247 0
 325 0080 244B     		ldr	r3, .L10+68
 326 0082 9C22     		movs	r2, #156
 327 0084 5202     		lsls	r2, r2, #9
 328 0086 1A60     		str	r2, [r3]
 248:Generated_Source\PSoC4/cyfitter_cfg.c **** 	CY_SET_REG32((void *)CYREG_PERI_DIV_CMD, 0x8000FF41u);
 329              		.loc 1 248 0
 330 0088 1E4B     		ldr	r3, .L10+52
 331 008a 234A     		ldr	r2, .L10+72
 332 008c 1A60     		str	r2, [r3]
 249:Generated_Source\PSoC4/cyfitter_cfg.c **** 
 250:Generated_Source\PSoC4/cyfitter_cfg.c **** 	/* CYDEV_CLK_IMO_CONFIG Starting address: CYDEV_CLK_IMO_CONFIG */
 251:Generated_Source\PSoC4/cyfitter_cfg.c **** 	CY_SET_REG32((void *)(CYREG_CLK_IMO_CONFIG), 0x80000000u);
 333              		.loc 1 251 0
 334 008e 234B     		ldr	r3, .L10+76
 335 0090 8022     		movs	r2, #128
 336 0092 1206     		lsls	r2, r2, #24
 337 0094 1A60     		str	r2, [r3]
 252:Generated_Source\PSoC4/cyfitter_cfg.c **** 
 253:Generated_Source\PSoC4/cyfitter_cfg.c **** 	/* CYDEV_CLK_SELECT Starting address: CYDEV_CLK_SELECT */
 254:Generated_Source\PSoC4/cyfitter_cfg.c **** 	CY_SET_REG32((void *)(CYREG_CLK_SELECT), 0x00040000u);
 338              		.loc 1 254 0
 339 0096 224B     		ldr	r3, .L10+80
 340 0098 8022     		movs	r2, #128
 341 009a D202     		lsls	r2, r2, #11
 342 009c 1A60     		str	r2, [r3]
 255:Generated_Source\PSoC4/cyfitter_cfg.c **** 
 256:Generated_Source\PSoC4/cyfitter_cfg.c **** 	/* CYDEV_PERI_PCLK_CTL14 Starting address: CYDEV_PERI_PCLK_CTL14 */
 257:Generated_Source\PSoC4/cyfitter_cfg.c **** 	CY_SET_REG32((void *)(CYREG_PERI_PCLK_CTL14), 0x00000042u);
 343              		.loc 1 257 0
 344 009e 214B     		ldr	r3, .L10+84
 345 00a0 4222     		movs	r2, #66
 346 00a2 1A60     		str	r2, [r3]
 258:Generated_Source\PSoC4/cyfitter_cfg.c **** 
 259:Generated_Source\PSoC4/cyfitter_cfg.c **** 	/* CYDEV_PERI_PCLK_CTL12 Starting address: CYDEV_PERI_PCLK_CTL12 */
 260:Generated_Source\PSoC4/cyfitter_cfg.c **** 	CY_SET_REG32((void *)(CYREG_PERI_PCLK_CTL12), 0x00000040u);
 347              		.loc 1 260 0
 348 00a4 204B     		ldr	r3, .L10+88
 349 00a6 4022     		movs	r2, #64
 350 00a8 1A60     		str	r2, [r3]
 261:Generated_Source\PSoC4/cyfitter_cfg.c **** 
 262:Generated_Source\PSoC4/cyfitter_cfg.c **** 	/* CYDEV_PERI_PCLK_CTL1 Starting address: CYDEV_PERI_PCLK_CTL1 */
 263:Generated_Source\PSoC4/cyfitter_cfg.c **** 	CY_SET_REG32((void *)(CYREG_PERI_PCLK_CTL1), 0x00000041u);
 351              		.loc 1 263 0
 352 00aa 204B     		ldr	r3, .L10+92
 353 00ac 4122     		movs	r2, #65
 354 00ae 1A60     		str	r2, [r3]
 264:Generated_Source\PSoC4/cyfitter_cfg.c **** 
 265:Generated_Source\PSoC4/cyfitter_cfg.c **** 	(void)CyIntSetVector(8u, &CySysWdtIsr);
 355              		.loc 1 265 0
 356 00b0 1F4B     		ldr	r3, .L10+96
 357 00b2 1900     		movs	r1, r3
 358 00b4 0820     		movs	r0, #8
 359 00b6 FFF7FEFF 		bl	CyIntSetVector
ARM GAS  C:\Users\Admin\AppData\Local\Temp\cc179tLz.s 			page 12


 266:Generated_Source\PSoC4/cyfitter_cfg.c **** 	CyIntEnable(8u);
 360              		.loc 1 266 0
 361 00ba 0820     		movs	r0, #8
 362 00bc FFF7FEFF 		bl	CyIntEnable
 267:Generated_Source\PSoC4/cyfitter_cfg.c **** 	CY_SET_REG32((void *)(CYREG_WDT_CONFIG), 0x40000000u);
 363              		.loc 1 267 0
 364 00c0 074B     		ldr	r3, .L10+16
 365 00c2 8022     		movs	r2, #128
 366 00c4 D205     		lsls	r2, r2, #23
 367 00c6 1A60     		str	r2, [r3]
 268:Generated_Source\PSoC4/cyfitter_cfg.c **** }
 368              		.loc 1 268 0
 369 00c8 C046     		nop
 370 00ca BD46     		mov	sp, r7
 371              		@ sp needed
 372 00cc 80BD     		pop	{r7, pc}
 373              	.L11:
 374 00ce C046     		.align	2
 375              	.L10:
 376 00d0 30001040 		.word	1074790448
 377 00d4 001BB700 		.word	12000000
 378 00d8 04010B40 		.word	1074462980
 379 00dc 06000080 		.word	-2147483642
 380 00e0 0C020B40 		.word	1074463244
 381 00e4 78002E40 		.word	1076756600
 382 00e8 7C002E40 		.word	1076756604
 383 00ec BCBC0000 		.word	48316
 384 00f0 64F02E40 		.word	1076818020
 385 00f4 6CF02E40 		.word	1076818028
 386 00f8 DC050000 		.word	1500
 387 00fc 08030140 		.word	1073808136
 388 0100 005FEA00 		.word	15359744
 389 0104 00000140 		.word	1073807360
 390 0108 42FF0080 		.word	-2147418302
 391 010c 00030140 		.word	1073808128
 392 0110 40FF0080 		.word	-2147418304
 393 0114 04030140 		.word	1073808132
 394 0118 41FF0080 		.word	-2147418303
 395 011c 08010B40 		.word	1074462984
 396 0120 00010B40 		.word	1074462976
 397 0124 38010140 		.word	1073807672
 398 0128 30010140 		.word	1073807664
 399 012c 04010140 		.word	1073807620
 400 0130 00000000 		.word	CySysWdtIsr
 401              		.cfi_endproc
 402              	.LFE6:
 403              		.size	ClockSetup, .-ClockSetup
 404              		.section	.text.AnalogSetDefault,"ax",%progbits
 405              		.align	2
 406              		.code	16
 407              		.thumb_func
 408              		.type	AnalogSetDefault, %function
 409              	AnalogSetDefault:
 410              	.LFB7:
 269:Generated_Source\PSoC4/cyfitter_cfg.c **** 
 270:Generated_Source\PSoC4/cyfitter_cfg.c **** 
 271:Generated_Source\PSoC4/cyfitter_cfg.c **** /* Analog API Functions */
ARM GAS  C:\Users\Admin\AppData\Local\Temp\cc179tLz.s 			page 13


 272:Generated_Source\PSoC4/cyfitter_cfg.c **** 
 273:Generated_Source\PSoC4/cyfitter_cfg.c **** 
 274:Generated_Source\PSoC4/cyfitter_cfg.c **** /*******************************************************************************
 275:Generated_Source\PSoC4/cyfitter_cfg.c **** * Function Name: AnalogSetDefault
 276:Generated_Source\PSoC4/cyfitter_cfg.c **** ********************************************************************************
 277:Generated_Source\PSoC4/cyfitter_cfg.c **** *
 278:Generated_Source\PSoC4/cyfitter_cfg.c **** * Summary:
 279:Generated_Source\PSoC4/cyfitter_cfg.c **** *  Sets up the analog portions of the chip to default values based on chip
 280:Generated_Source\PSoC4/cyfitter_cfg.c **** *  configuration options from the project.
 281:Generated_Source\PSoC4/cyfitter_cfg.c **** *
 282:Generated_Source\PSoC4/cyfitter_cfg.c **** * Parameters:
 283:Generated_Source\PSoC4/cyfitter_cfg.c **** *  void
 284:Generated_Source\PSoC4/cyfitter_cfg.c **** *
 285:Generated_Source\PSoC4/cyfitter_cfg.c **** * Return:
 286:Generated_Source\PSoC4/cyfitter_cfg.c **** *  void
 287:Generated_Source\PSoC4/cyfitter_cfg.c **** *
 288:Generated_Source\PSoC4/cyfitter_cfg.c **** *******************************************************************************/
 289:Generated_Source\PSoC4/cyfitter_cfg.c **** static void AnalogSetDefault(void);
 290:Generated_Source\PSoC4/cyfitter_cfg.c **** static void AnalogSetDefault(void)
 291:Generated_Source\PSoC4/cyfitter_cfg.c **** {
 411              		.loc 1 291 0
 412              		.cfi_startproc
 413              		@ args = 0, pretend = 0, frame = 0
 414              		@ frame_needed = 1, uses_anonymous_args = 0
 415 0000 80B5     		push	{r7, lr}
 416              		.cfi_def_cfa_offset 8
 417              		.cfi_offset 7, -8
 418              		.cfi_offset 14, -4
 419 0002 00AF     		add	r7, sp, #0
 420              		.cfi_def_cfa_register 7
 292:Generated_Source\PSoC4/cyfitter_cfg.c **** 	CY_SET_XTND_REG32((void CYFAR *)CYREG_CTBM0_DFT_CTRL, 0x00000003u);
 421              		.loc 1 292 0
 422 0004 054B     		ldr	r3, .L13
 423 0006 0322     		movs	r2, #3
 424 0008 1A60     		str	r2, [r3]
 293:Generated_Source\PSoC4/cyfitter_cfg.c **** 	CY_SET_XTND_REG32((void CYFAR *)CYREG_CTBM1_DFT_CTRL, 0x00000003u);
 425              		.loc 1 293 0
 426 000a 054B     		ldr	r3, .L13+4
 427 000c 0322     		movs	r2, #3
 428 000e 1A60     		str	r2, [r3]
 294:Generated_Source\PSoC4/cyfitter_cfg.c **** 	CY_SET_XTND_REG32((void CYFAR *)CYREG_PASS_DSAB_DSAB_CTRL, 0x00000000u);
 429              		.loc 1 294 0
 430 0010 044B     		ldr	r3, .L13+8
 431 0012 0022     		movs	r2, #0
 432 0014 1A60     		str	r2, [r3]
 295:Generated_Source\PSoC4/cyfitter_cfg.c **** }
 433              		.loc 1 295 0
 434 0016 C046     		nop
 435 0018 BD46     		mov	sp, r7
 436              		@ sp needed
 437 001a 80BD     		pop	{r7, pc}
 438              	.L14:
 439              		.align	2
 440              	.L13:
 441 001c 30003040 		.word	1076887600
 442 0020 30003140 		.word	1076953136
 443 0024 000E3F40 		.word	1077874176
ARM GAS  C:\Users\Admin\AppData\Local\Temp\cc179tLz.s 			page 14


 444              		.cfi_endproc
 445              	.LFE7:
 446              		.size	AnalogSetDefault, .-AnalogSetDefault
 447              		.section	.psocinit
 448              		.align	2
 449              		.global	cyfitter_cfg
 450              		.code	16
 451              		.thumb_func
 452              		.type	cyfitter_cfg, %function
 453              	cyfitter_cfg:
 454              	.LFB8:
 296:Generated_Source\PSoC4/cyfitter_cfg.c **** 
 297:Generated_Source\PSoC4/cyfitter_cfg.c **** 
 298:Generated_Source\PSoC4/cyfitter_cfg.c **** 
 299:Generated_Source\PSoC4/cyfitter_cfg.c **** 
 300:Generated_Source\PSoC4/cyfitter_cfg.c **** /*******************************************************************************
 301:Generated_Source\PSoC4/cyfitter_cfg.c **** * Function Name: cyfitter_cfg
 302:Generated_Source\PSoC4/cyfitter_cfg.c **** ********************************************************************************
 303:Generated_Source\PSoC4/cyfitter_cfg.c **** * Summary:
 304:Generated_Source\PSoC4/cyfitter_cfg.c **** *  This function is called by the start-up code for the selected device. It
 305:Generated_Source\PSoC4/cyfitter_cfg.c **** *  performs all of the necessary device configuration based on the design
 306:Generated_Source\PSoC4/cyfitter_cfg.c **** *  settings.  This includes settings from the Design Wide Resources (DWR) such
 307:Generated_Source\PSoC4/cyfitter_cfg.c **** *  as Clocks and Pins as well as any component configuration that is necessary.
 308:Generated_Source\PSoC4/cyfitter_cfg.c **** *
 309:Generated_Source\PSoC4/cyfitter_cfg.c **** * Parameters:
 310:Generated_Source\PSoC4/cyfitter_cfg.c **** *   void
 311:Generated_Source\PSoC4/cyfitter_cfg.c **** *
 312:Generated_Source\PSoC4/cyfitter_cfg.c **** * Return:
 313:Generated_Source\PSoC4/cyfitter_cfg.c **** *   void
 314:Generated_Source\PSoC4/cyfitter_cfg.c **** *
 315:Generated_Source\PSoC4/cyfitter_cfg.c **** *******************************************************************************/
 316:Generated_Source\PSoC4/cyfitter_cfg.c **** CY_CFG_SECTION
 317:Generated_Source\PSoC4/cyfitter_cfg.c **** void cyfitter_cfg(void)
 318:Generated_Source\PSoC4/cyfitter_cfg.c **** {
 455              		.loc 1 318 0
 456              		.cfi_startproc
 457              		@ args = 0, pretend = 0, frame = 8
 458              		@ frame_needed = 1, uses_anonymous_args = 0
 459 0134 80B5     		push	{r7, lr}
 460              		.cfi_def_cfa_offset 8
 461              		.cfi_offset 7, -8
 462              		.cfi_offset 14, -4
 463 0136 82B0     		sub	sp, sp, #8
 464              		.cfi_def_cfa_offset 16
 465 0138 00AF     		add	r7, sp, #0
 466              		.cfi_def_cfa_register 7
 319:Generated_Source\PSoC4/cyfitter_cfg.c **** 	/* Disable interrupts by default. Let user enable if/when they want. */
 320:Generated_Source\PSoC4/cyfitter_cfg.c **** 	CyGlobalIntDisable;
 467              		.loc 1 320 0
 468              		.syntax divided
 469              	@ 320 "Generated_Source\PSoC4\cyfitter_cfg.c" 1
 470 013a 72B6     		CPSID   i
 471              	@ 0 "" 2
 321:Generated_Source\PSoC4/cyfitter_cfg.c **** 
 322:Generated_Source\PSoC4/cyfitter_cfg.c **** 	CY_SET_REG32((void *)(CYREG_BLE_BLESS_LL_DSM_CTRL), 0x00000000u);
 472              		.loc 1 322 0
 473              		.thumb
ARM GAS  C:\Users\Admin\AppData\Local\Temp\cc179tLz.s 			page 15


 474              		.syntax unified
 475 013c 3E4B     		ldr	r3, .L18
 476 013e 0022     		movs	r2, #0
 477 0140 1A60     		str	r2, [r3]
 323:Generated_Source\PSoC4/cyfitter_cfg.c **** 
 324:Generated_Source\PSoC4/cyfitter_cfg.c **** 	/* Enable the clock in the interrupt controller for the routed interrupts */
 325:Generated_Source\PSoC4/cyfitter_cfg.c **** 	CY_SET_REG8((void *)CYREG_UDB_UDBIF_INT_CLK_CTL, 0x01u);
 478              		.loc 1 325 0
 479 0142 3E4B     		ldr	r3, .L18+4
 480 0144 0122     		movs	r2, #1
 481 0146 1A70     		strb	r2, [r3]
 482              	.LBB3:
 326:Generated_Source\PSoC4/cyfitter_cfg.c **** 	{
 327:Generated_Source\PSoC4/cyfitter_cfg.c **** 		static const uint32 CYCODE cy_cfg_addr_table[] = {
 328:Generated_Source\PSoC4/cyfitter_cfg.c **** 			0x400F0001u, /* Base address: 0x400F0000 Count: 1 */
 329:Generated_Source\PSoC4/cyfitter_cfg.c **** 			0x400F304Eu, /* Base address: 0x400F3000 Count: 78 */
 330:Generated_Source\PSoC4/cyfitter_cfg.c **** 			0x400F312Du, /* Base address: 0x400F3100 Count: 45 */
 331:Generated_Source\PSoC4/cyfitter_cfg.c **** 			0x400F3257u, /* Base address: 0x400F3200 Count: 87 */
 332:Generated_Source\PSoC4/cyfitter_cfg.c **** 			0x400F3331u, /* Base address: 0x400F3300 Count: 49 */
 333:Generated_Source\PSoC4/cyfitter_cfg.c **** 			0x400F4002u, /* Base address: 0x400F4000 Count: 2 */
 334:Generated_Source\PSoC4/cyfitter_cfg.c **** 			0x400F410Au, /* Base address: 0x400F4100 Count: 10 */
 335:Generated_Source\PSoC4/cyfitter_cfg.c **** 			0x400F6002u, /* Base address: 0x400F6000 Count: 2 */
 336:Generated_Source\PSoC4/cyfitter_cfg.c **** 		};
 337:Generated_Source\PSoC4/cyfitter_cfg.c **** 
 338:Generated_Source\PSoC4/cyfitter_cfg.c **** 		static const cy_cfg_addrvalue_t CYCODE cy_cfg_data_table[] = {
 339:Generated_Source\PSoC4/cyfitter_cfg.c **** 			{0x81u, 0x1Fu},
 340:Generated_Source\PSoC4/cyfitter_cfg.c **** 			{0x02u, 0x01u},
 341:Generated_Source\PSoC4/cyfitter_cfg.c **** 			{0x04u, 0x24u},
 342:Generated_Source\PSoC4/cyfitter_cfg.c **** 			{0x06u, 0xC8u},
 343:Generated_Source\PSoC4/cyfitter_cfg.c **** 			{0x0Cu, 0x9Au},
 344:Generated_Source\PSoC4/cyfitter_cfg.c **** 			{0x0Eu, 0x01u},
 345:Generated_Source\PSoC4/cyfitter_cfg.c **** 			{0x10u, 0x02u},
 346:Generated_Source\PSoC4/cyfitter_cfg.c **** 			{0x12u, 0x64u},
 347:Generated_Source\PSoC4/cyfitter_cfg.c **** 			{0x14u, 0xE4u},
 348:Generated_Source\PSoC4/cyfitter_cfg.c **** 			{0x16u, 0x10u},
 349:Generated_Source\PSoC4/cyfitter_cfg.c **** 			{0x18u, 0x04u},
 350:Generated_Source\PSoC4/cyfitter_cfg.c **** 			{0x1Au, 0x1Au},
 351:Generated_Source\PSoC4/cyfitter_cfg.c **** 			{0x1Cu, 0x20u},
 352:Generated_Source\PSoC4/cyfitter_cfg.c **** 			{0x1Eu, 0xC0u},
 353:Generated_Source\PSoC4/cyfitter_cfg.c **** 			{0x20u, 0x9Bu},
 354:Generated_Source\PSoC4/cyfitter_cfg.c **** 			{0x24u, 0x9Bu},
 355:Generated_Source\PSoC4/cyfitter_cfg.c **** 			{0x28u, 0x1Bu},
 356:Generated_Source\PSoC4/cyfitter_cfg.c **** 			{0x2Au, 0x80u},
 357:Generated_Source\PSoC4/cyfitter_cfg.c **** 			{0x2Cu, 0x9Bu},
 358:Generated_Source\PSoC4/cyfitter_cfg.c **** 			{0x32u, 0x01u},
 359:Generated_Source\PSoC4/cyfitter_cfg.c **** 			{0x34u, 0x1Eu},
 360:Generated_Source\PSoC4/cyfitter_cfg.c **** 			{0x36u, 0xE0u},
 361:Generated_Source\PSoC4/cyfitter_cfg.c **** 			{0x3Au, 0xA0u},
 362:Generated_Source\PSoC4/cyfitter_cfg.c **** 			{0x3Eu, 0x04u},
 363:Generated_Source\PSoC4/cyfitter_cfg.c **** 			{0x54u, 0x40u},
 364:Generated_Source\PSoC4/cyfitter_cfg.c **** 			{0x58u, 0x04u},
 365:Generated_Source\PSoC4/cyfitter_cfg.c **** 			{0x5Bu, 0x04u},
 366:Generated_Source\PSoC4/cyfitter_cfg.c **** 			{0x5Cu, 0x01u},
 367:Generated_Source\PSoC4/cyfitter_cfg.c **** 			{0x5Du, 0x10u},
 368:Generated_Source\PSoC4/cyfitter_cfg.c **** 			{0x5Fu, 0x01u},
 369:Generated_Source\PSoC4/cyfitter_cfg.c **** 			{0x80u, 0x08u},
 370:Generated_Source\PSoC4/cyfitter_cfg.c **** 			{0x81u, 0x1Au},
ARM GAS  C:\Users\Admin\AppData\Local\Temp\cc179tLz.s 			page 16


 371:Generated_Source\PSoC4/cyfitter_cfg.c **** 			{0x82u, 0x01u},
 372:Generated_Source\PSoC4/cyfitter_cfg.c **** 			{0x84u, 0xACu},
 373:Generated_Source\PSoC4/cyfitter_cfg.c **** 			{0x85u, 0x18u},
 374:Generated_Source\PSoC4/cyfitter_cfg.c **** 			{0x86u, 0x12u},
 375:Generated_Source\PSoC4/cyfitter_cfg.c **** 			{0x87u, 0x02u},
 376:Generated_Source\PSoC4/cyfitter_cfg.c **** 			{0x88u, 0x14u},
 377:Generated_Source\PSoC4/cyfitter_cfg.c **** 			{0x89u, 0x02u},
 378:Generated_Source\PSoC4/cyfitter_cfg.c **** 			{0x8Au, 0x20u},
 379:Generated_Source\PSoC4/cyfitter_cfg.c **** 			{0x8Bu, 0x18u},
 380:Generated_Source\PSoC4/cyfitter_cfg.c **** 			{0x8Cu, 0x09u},
 381:Generated_Source\PSoC4/cyfitter_cfg.c **** 			{0x8Du, 0x18u},
 382:Generated_Source\PSoC4/cyfitter_cfg.c **** 			{0x8Fu, 0x02u},
 383:Generated_Source\PSoC4/cyfitter_cfg.c **** 			{0x90u, 0x0Eu},
 384:Generated_Source\PSoC4/cyfitter_cfg.c **** 			{0x91u, 0x33u},
 385:Generated_Source\PSoC4/cyfitter_cfg.c **** 			{0x92u, 0x70u},
 386:Generated_Source\PSoC4/cyfitter_cfg.c **** 			{0x93u, 0x44u},
 387:Generated_Source\PSoC4/cyfitter_cfg.c **** 			{0x94u, 0x02u},
 388:Generated_Source\PSoC4/cyfitter_cfg.c **** 			{0x95u, 0xC1u},
 389:Generated_Source\PSoC4/cyfitter_cfg.c **** 			{0x97u, 0x38u},
 390:Generated_Source\PSoC4/cyfitter_cfg.c **** 			{0x98u, 0xC0u},
 391:Generated_Source\PSoC4/cyfitter_cfg.c **** 			{0x99u, 0x9Cu},
 392:Generated_Source\PSoC4/cyfitter_cfg.c **** 			{0x9Bu, 0x03u},
 393:Generated_Source\PSoC4/cyfitter_cfg.c **** 			{0x9Cu, 0x08u},
 394:Generated_Source\PSoC4/cyfitter_cfg.c **** 			{0xA0u, 0x09u},
 395:Generated_Source\PSoC4/cyfitter_cfg.c **** 			{0xA1u, 0x18u},
 396:Generated_Source\PSoC4/cyfitter_cfg.c **** 			{0xA4u, 0x01u},
 397:Generated_Source\PSoC4/cyfitter_cfg.c **** 			{0xA6u, 0x08u},
 398:Generated_Source\PSoC4/cyfitter_cfg.c **** 			{0xA8u, 0x09u},
 399:Generated_Source\PSoC4/cyfitter_cfg.c **** 			{0xA9u, 0x82u},
 400:Generated_Source\PSoC4/cyfitter_cfg.c **** 			{0xADu, 0x1Au},
 401:Generated_Source\PSoC4/cyfitter_cfg.c **** 			{0xB0u, 0x10u},
 402:Generated_Source\PSoC4/cyfitter_cfg.c **** 			{0xB1u, 0x13u},
 403:Generated_Source\PSoC4/cyfitter_cfg.c **** 			{0xB2u, 0xFEu},
 404:Generated_Source\PSoC4/cyfitter_cfg.c **** 			{0xB3u, 0xE0u},
 405:Generated_Source\PSoC4/cyfitter_cfg.c **** 			{0xB5u, 0x0Fu},
 406:Generated_Source\PSoC4/cyfitter_cfg.c **** 			{0xB6u, 0x01u},
 407:Generated_Source\PSoC4/cyfitter_cfg.c **** 			{0xB8u, 0x08u},
 408:Generated_Source\PSoC4/cyfitter_cfg.c **** 			{0xBBu, 0x28u},
 409:Generated_Source\PSoC4/cyfitter_cfg.c **** 			{0xBEu, 0x41u},
 410:Generated_Source\PSoC4/cyfitter_cfg.c **** 			{0xD6u, 0x02u},
 411:Generated_Source\PSoC4/cyfitter_cfg.c **** 			{0xD7u, 0x20u},
 412:Generated_Source\PSoC4/cyfitter_cfg.c **** 			{0xD8u, 0x04u},
 413:Generated_Source\PSoC4/cyfitter_cfg.c **** 			{0xD9u, 0x04u},
 414:Generated_Source\PSoC4/cyfitter_cfg.c **** 			{0xDBu, 0x04u},
 415:Generated_Source\PSoC4/cyfitter_cfg.c **** 			{0xDCu, 0x11u},
 416:Generated_Source\PSoC4/cyfitter_cfg.c **** 			{0xDDu, 0x10u},
 417:Generated_Source\PSoC4/cyfitter_cfg.c **** 			{0xDFu, 0x01u},
 418:Generated_Source\PSoC4/cyfitter_cfg.c **** 			{0x00u, 0x05u},
 419:Generated_Source\PSoC4/cyfitter_cfg.c **** 			{0x01u, 0x42u},
 420:Generated_Source\PSoC4/cyfitter_cfg.c **** 			{0x04u, 0x02u},
 421:Generated_Source\PSoC4/cyfitter_cfg.c **** 			{0x06u, 0x02u},
 422:Generated_Source\PSoC4/cyfitter_cfg.c **** 			{0x07u, 0x28u},
 423:Generated_Source\PSoC4/cyfitter_cfg.c **** 			{0x09u, 0x09u},
 424:Generated_Source\PSoC4/cyfitter_cfg.c **** 			{0x0Au, 0x05u},
 425:Generated_Source\PSoC4/cyfitter_cfg.c **** 			{0x0Du, 0x02u},
 426:Generated_Source\PSoC4/cyfitter_cfg.c **** 			{0x0Eu, 0x21u},
 427:Generated_Source\PSoC4/cyfitter_cfg.c **** 			{0x0Fu, 0x08u},
ARM GAS  C:\Users\Admin\AppData\Local\Temp\cc179tLz.s 			page 17


 428:Generated_Source\PSoC4/cyfitter_cfg.c **** 			{0x10u, 0x28u},
 429:Generated_Source\PSoC4/cyfitter_cfg.c **** 			{0x11u, 0x01u},
 430:Generated_Source\PSoC4/cyfitter_cfg.c **** 			{0x12u, 0x01u},
 431:Generated_Source\PSoC4/cyfitter_cfg.c **** 			{0x15u, 0x01u},
 432:Generated_Source\PSoC4/cyfitter_cfg.c **** 			{0x17u, 0x14u},
 433:Generated_Source\PSoC4/cyfitter_cfg.c **** 			{0x18u, 0x10u},
 434:Generated_Source\PSoC4/cyfitter_cfg.c **** 			{0x1Au, 0x05u},
 435:Generated_Source\PSoC4/cyfitter_cfg.c **** 			{0x1Cu, 0x42u},
 436:Generated_Source\PSoC4/cyfitter_cfg.c **** 			{0x1Du, 0x80u},
 437:Generated_Source\PSoC4/cyfitter_cfg.c **** 			{0x1Eu, 0x22u},
 438:Generated_Source\PSoC4/cyfitter_cfg.c **** 			{0x24u, 0x04u},
 439:Generated_Source\PSoC4/cyfitter_cfg.c **** 			{0x25u, 0x0Bu},
 440:Generated_Source\PSoC4/cyfitter_cfg.c **** 			{0x26u, 0x02u},
 441:Generated_Source\PSoC4/cyfitter_cfg.c **** 			{0x27u, 0x28u},
 442:Generated_Source\PSoC4/cyfitter_cfg.c **** 			{0x2Du, 0x80u},
 443:Generated_Source\PSoC4/cyfitter_cfg.c **** 			{0x2Eu, 0x01u},
 444:Generated_Source\PSoC4/cyfitter_cfg.c **** 			{0x2Fu, 0x08u},
 445:Generated_Source\PSoC4/cyfitter_cfg.c **** 			{0x36u, 0x02u},
 446:Generated_Source\PSoC4/cyfitter_cfg.c **** 			{0x37u, 0x28u},
 447:Generated_Source\PSoC4/cyfitter_cfg.c **** 			{0x3Du, 0x69u},
 448:Generated_Source\PSoC4/cyfitter_cfg.c **** 			{0x60u, 0x11u},
 449:Generated_Source\PSoC4/cyfitter_cfg.c **** 			{0x62u, 0x20u},
 450:Generated_Source\PSoC4/cyfitter_cfg.c **** 			{0x66u, 0x80u},
 451:Generated_Source\PSoC4/cyfitter_cfg.c **** 			{0x6Cu, 0x29u},
 452:Generated_Source\PSoC4/cyfitter_cfg.c **** 			{0x6Du, 0x69u},
 453:Generated_Source\PSoC4/cyfitter_cfg.c **** 			{0x6Fu, 0x14u},
 454:Generated_Source\PSoC4/cyfitter_cfg.c **** 			{0x75u, 0x80u},
 455:Generated_Source\PSoC4/cyfitter_cfg.c **** 			{0x76u, 0x03u},
 456:Generated_Source\PSoC4/cyfitter_cfg.c **** 			{0xC0u, 0xFDu},
 457:Generated_Source\PSoC4/cyfitter_cfg.c **** 			{0xC2u, 0xFFu},
 458:Generated_Source\PSoC4/cyfitter_cfg.c **** 			{0xC4u, 0x7Fu},
 459:Generated_Source\PSoC4/cyfitter_cfg.c **** 			{0xCAu, 0xB0u},
 460:Generated_Source\PSoC4/cyfitter_cfg.c **** 			{0xCCu, 0xE0u},
 461:Generated_Source\PSoC4/cyfitter_cfg.c **** 			{0xCEu, 0xF0u},
 462:Generated_Source\PSoC4/cyfitter_cfg.c **** 			{0xD8u, 0x1Eu},
 463:Generated_Source\PSoC4/cyfitter_cfg.c **** 			{0x01u, 0x03u},
 464:Generated_Source\PSoC4/cyfitter_cfg.c **** 			{0x03u, 0x0Cu},
 465:Generated_Source\PSoC4/cyfitter_cfg.c **** 			{0x04u, 0x50u},
 466:Generated_Source\PSoC4/cyfitter_cfg.c **** 			{0x05u, 0x05u},
 467:Generated_Source\PSoC4/cyfitter_cfg.c **** 			{0x06u, 0x27u},
 468:Generated_Source\PSoC4/cyfitter_cfg.c **** 			{0x07u, 0x0Au},
 469:Generated_Source\PSoC4/cyfitter_cfg.c **** 			{0x08u, 0x54u},
 470:Generated_Source\PSoC4/cyfitter_cfg.c **** 			{0x0Au, 0x2Bu},
 471:Generated_Source\PSoC4/cyfitter_cfg.c **** 			{0x10u, 0x4Du},
 472:Generated_Source\PSoC4/cyfitter_cfg.c **** 			{0x12u, 0x10u},
 473:Generated_Source\PSoC4/cyfitter_cfg.c **** 			{0x19u, 0x09u},
 474:Generated_Source\PSoC4/cyfitter_cfg.c **** 			{0x1Au, 0x02u},
 475:Generated_Source\PSoC4/cyfitter_cfg.c **** 			{0x1Bu, 0x06u},
 476:Generated_Source\PSoC4/cyfitter_cfg.c **** 			{0x1Cu, 0x38u},
 477:Generated_Source\PSoC4/cyfitter_cfg.c **** 			{0x1Du, 0x02u},
 478:Generated_Source\PSoC4/cyfitter_cfg.c **** 			{0x1Fu, 0x0Du},
 479:Generated_Source\PSoC4/cyfitter_cfg.c **** 			{0x30u, 0x40u},
 480:Generated_Source\PSoC4/cyfitter_cfg.c **** 			{0x31u, 0x0Fu},
 481:Generated_Source\PSoC4/cyfitter_cfg.c **** 			{0x34u, 0x03u},
 482:Generated_Source\PSoC4/cyfitter_cfg.c **** 			{0x36u, 0x3Cu},
 483:Generated_Source\PSoC4/cyfitter_cfg.c **** 			{0x38u, 0x80u},
 484:Generated_Source\PSoC4/cyfitter_cfg.c **** 			{0x3Bu, 0x02u},
ARM GAS  C:\Users\Admin\AppData\Local\Temp\cc179tLz.s 			page 18


 485:Generated_Source\PSoC4/cyfitter_cfg.c **** 			{0x3Eu, 0x01u},
 486:Generated_Source\PSoC4/cyfitter_cfg.c **** 			{0x40u, 0x32u},
 487:Generated_Source\PSoC4/cyfitter_cfg.c **** 			{0x41u, 0x05u},
 488:Generated_Source\PSoC4/cyfitter_cfg.c **** 			{0x42u, 0x10u},
 489:Generated_Source\PSoC4/cyfitter_cfg.c **** 			{0x47u, 0x0Bu},
 490:Generated_Source\PSoC4/cyfitter_cfg.c **** 			{0x48u, 0x10u},
 491:Generated_Source\PSoC4/cyfitter_cfg.c **** 			{0x49u, 0xFFu},
 492:Generated_Source\PSoC4/cyfitter_cfg.c **** 			{0x4Au, 0xFFu},
 493:Generated_Source\PSoC4/cyfitter_cfg.c **** 			{0x4Bu, 0xFFu},
 494:Generated_Source\PSoC4/cyfitter_cfg.c **** 			{0x4Cu, 0x03u},
 495:Generated_Source\PSoC4/cyfitter_cfg.c **** 			{0x4Eu, 0x70u},
 496:Generated_Source\PSoC4/cyfitter_cfg.c **** 			{0x4Fu, 0x48u},
 497:Generated_Source\PSoC4/cyfitter_cfg.c **** 			{0x50u, 0x04u},
 498:Generated_Source\PSoC4/cyfitter_cfg.c **** 			{0x54u, 0x09u},
 499:Generated_Source\PSoC4/cyfitter_cfg.c **** 			{0x58u, 0x04u},
 500:Generated_Source\PSoC4/cyfitter_cfg.c **** 			{0x59u, 0x04u},
 501:Generated_Source\PSoC4/cyfitter_cfg.c **** 			{0x5Au, 0x04u},
 502:Generated_Source\PSoC4/cyfitter_cfg.c **** 			{0x5Bu, 0x04u},
 503:Generated_Source\PSoC4/cyfitter_cfg.c **** 			{0x5Cu, 0x11u},
 504:Generated_Source\PSoC4/cyfitter_cfg.c **** 			{0x5Du, 0x11u},
 505:Generated_Source\PSoC4/cyfitter_cfg.c **** 			{0x5Fu, 0x01u},
 506:Generated_Source\PSoC4/cyfitter_cfg.c **** 			{0x62u, 0xC0u},
 507:Generated_Source\PSoC4/cyfitter_cfg.c **** 			{0x64u, 0x40u},
 508:Generated_Source\PSoC4/cyfitter_cfg.c **** 			{0x65u, 0x02u},
 509:Generated_Source\PSoC4/cyfitter_cfg.c **** 			{0x66u, 0x10u},
 510:Generated_Source\PSoC4/cyfitter_cfg.c **** 			{0x67u, 0x12u},
 511:Generated_Source\PSoC4/cyfitter_cfg.c **** 			{0x68u, 0xC0u},
 512:Generated_Source\PSoC4/cyfitter_cfg.c **** 			{0x69u, 0x02u},
 513:Generated_Source\PSoC4/cyfitter_cfg.c **** 			{0x6Bu, 0x12u},
 514:Generated_Source\PSoC4/cyfitter_cfg.c **** 			{0x6Cu, 0x40u},
 515:Generated_Source\PSoC4/cyfitter_cfg.c **** 			{0x6Du, 0x02u},
 516:Generated_Source\PSoC4/cyfitter_cfg.c **** 			{0x6Eu, 0x40u},
 517:Generated_Source\PSoC4/cyfitter_cfg.c **** 			{0x6Fu, 0x02u},
 518:Generated_Source\PSoC4/cyfitter_cfg.c **** 			{0xBAu, 0xC0u},
 519:Generated_Source\PSoC4/cyfitter_cfg.c **** 			{0xC0u, 0x23u},
 520:Generated_Source\PSoC4/cyfitter_cfg.c **** 			{0xC1u, 0x04u},
 521:Generated_Source\PSoC4/cyfitter_cfg.c **** 			{0xC2u, 0x50u},
 522:Generated_Source\PSoC4/cyfitter_cfg.c **** 			{0xC5u, 0xDEu},
 523:Generated_Source\PSoC4/cyfitter_cfg.c **** 			{0xC6u, 0xF0u},
 524:Generated_Source\PSoC4/cyfitter_cfg.c **** 			{0xC7u, 0x0Cu},
 525:Generated_Source\PSoC4/cyfitter_cfg.c **** 			{0xC8u, 0x1Bu},
 526:Generated_Source\PSoC4/cyfitter_cfg.c **** 			{0xC9u, 0xFFu},
 527:Generated_Source\PSoC4/cyfitter_cfg.c **** 			{0xCAu, 0xFFu},
 528:Generated_Source\PSoC4/cyfitter_cfg.c **** 			{0xCBu, 0xFFu},
 529:Generated_Source\PSoC4/cyfitter_cfg.c **** 			{0xCCu, 0x22u},
 530:Generated_Source\PSoC4/cyfitter_cfg.c **** 			{0xCEu, 0xF0u},
 531:Generated_Source\PSoC4/cyfitter_cfg.c **** 			{0xCFu, 0x48u},
 532:Generated_Source\PSoC4/cyfitter_cfg.c **** 			{0xD0u, 0x04u},
 533:Generated_Source\PSoC4/cyfitter_cfg.c **** 			{0xD8u, 0x04u},
 534:Generated_Source\PSoC4/cyfitter_cfg.c **** 			{0xDAu, 0x04u},
 535:Generated_Source\PSoC4/cyfitter_cfg.c **** 			{0xDCu, 0x03u},
 536:Generated_Source\PSoC4/cyfitter_cfg.c **** 			{0xDDu, 0x01u},
 537:Generated_Source\PSoC4/cyfitter_cfg.c **** 			{0xDFu, 0x01u},
 538:Generated_Source\PSoC4/cyfitter_cfg.c **** 			{0xE2u, 0xC0u},
 539:Generated_Source\PSoC4/cyfitter_cfg.c **** 			{0xE4u, 0x40u},
 540:Generated_Source\PSoC4/cyfitter_cfg.c **** 			{0xE5u, 0x02u},
 541:Generated_Source\PSoC4/cyfitter_cfg.c **** 			{0xE6u, 0x10u},
ARM GAS  C:\Users\Admin\AppData\Local\Temp\cc179tLz.s 			page 19


 542:Generated_Source\PSoC4/cyfitter_cfg.c **** 			{0xE7u, 0x12u},
 543:Generated_Source\PSoC4/cyfitter_cfg.c **** 			{0xE8u, 0xC0u},
 544:Generated_Source\PSoC4/cyfitter_cfg.c **** 			{0xE9u, 0x02u},
 545:Generated_Source\PSoC4/cyfitter_cfg.c **** 			{0xEBu, 0x12u},
 546:Generated_Source\PSoC4/cyfitter_cfg.c **** 			{0xECu, 0x40u},
 547:Generated_Source\PSoC4/cyfitter_cfg.c **** 			{0xEDu, 0x02u},
 548:Generated_Source\PSoC4/cyfitter_cfg.c **** 			{0xEEu, 0x40u},
 549:Generated_Source\PSoC4/cyfitter_cfg.c **** 			{0xEFu, 0x02u},
 550:Generated_Source\PSoC4/cyfitter_cfg.c **** 			{0x07u, 0x28u},
 551:Generated_Source\PSoC4/cyfitter_cfg.c **** 			{0x0Du, 0x02u},
 552:Generated_Source\PSoC4/cyfitter_cfg.c **** 			{0x0Eu, 0x05u},
 553:Generated_Source\PSoC4/cyfitter_cfg.c **** 			{0x1Bu, 0x40u},
 554:Generated_Source\PSoC4/cyfitter_cfg.c **** 			{0x1Eu, 0x05u},
 555:Generated_Source\PSoC4/cyfitter_cfg.c **** 			{0x1Fu, 0x01u},
 556:Generated_Source\PSoC4/cyfitter_cfg.c **** 			{0x24u, 0x80u},
 557:Generated_Source\PSoC4/cyfitter_cfg.c **** 			{0x27u, 0x40u},
 558:Generated_Source\PSoC4/cyfitter_cfg.c **** 			{0x37u, 0x60u},
 559:Generated_Source\PSoC4/cyfitter_cfg.c **** 			{0x38u, 0x80u},
 560:Generated_Source\PSoC4/cyfitter_cfg.c **** 			{0x3Au, 0x80u},
 561:Generated_Source\PSoC4/cyfitter_cfg.c **** 			{0x3Cu, 0x04u},
 562:Generated_Source\PSoC4/cyfitter_cfg.c **** 			{0x3Du, 0x02u},
 563:Generated_Source\PSoC4/cyfitter_cfg.c **** 			{0x40u, 0x04u},
 564:Generated_Source\PSoC4/cyfitter_cfg.c **** 			{0x41u, 0x0Au},
 565:Generated_Source\PSoC4/cyfitter_cfg.c **** 			{0x45u, 0x80u},
 566:Generated_Source\PSoC4/cyfitter_cfg.c **** 			{0x47u, 0x28u},
 567:Generated_Source\PSoC4/cyfitter_cfg.c **** 			{0x48u, 0x01u},
 568:Generated_Source\PSoC4/cyfitter_cfg.c **** 			{0x49u, 0x0Au},
 569:Generated_Source\PSoC4/cyfitter_cfg.c **** 			{0x4Eu, 0x02u},
 570:Generated_Source\PSoC4/cyfitter_cfg.c **** 			{0x52u, 0x20u},
 571:Generated_Source\PSoC4/cyfitter_cfg.c **** 			{0x53u, 0x08u},
 572:Generated_Source\PSoC4/cyfitter_cfg.c **** 			{0x57u, 0x04u},
 573:Generated_Source\PSoC4/cyfitter_cfg.c **** 			{0x5Cu, 0x50u},
 574:Generated_Source\PSoC4/cyfitter_cfg.c **** 			{0x5Du, 0x08u},
 575:Generated_Source\PSoC4/cyfitter_cfg.c **** 			{0x5Eu, 0x02u},
 576:Generated_Source\PSoC4/cyfitter_cfg.c **** 			{0x67u, 0x02u},
 577:Generated_Source\PSoC4/cyfitter_cfg.c **** 			{0x83u, 0x40u},
 578:Generated_Source\PSoC4/cyfitter_cfg.c **** 			{0x86u, 0x05u},
 579:Generated_Source\PSoC4/cyfitter_cfg.c **** 			{0x8Cu, 0x10u},
 580:Generated_Source\PSoC4/cyfitter_cfg.c **** 			{0x8Fu, 0x08u},
 581:Generated_Source\PSoC4/cyfitter_cfg.c **** 			{0x90u, 0x44u},
 582:Generated_Source\PSoC4/cyfitter_cfg.c **** 			{0x9Bu, 0x28u},
 583:Generated_Source\PSoC4/cyfitter_cfg.c **** 			{0x9Du, 0x02u},
 584:Generated_Source\PSoC4/cyfitter_cfg.c **** 			{0x9Eu, 0x80u},
 585:Generated_Source\PSoC4/cyfitter_cfg.c **** 			{0xA0u, 0x01u},
 586:Generated_Source\PSoC4/cyfitter_cfg.c **** 			{0xA1u, 0x8Bu},
 587:Generated_Source\PSoC4/cyfitter_cfg.c **** 			{0xA2u, 0x03u},
 588:Generated_Source\PSoC4/cyfitter_cfg.c **** 			{0xA6u, 0x20u},
 589:Generated_Source\PSoC4/cyfitter_cfg.c **** 			{0xA7u, 0x0Cu},
 590:Generated_Source\PSoC4/cyfitter_cfg.c **** 			{0xAEu, 0x10u},
 591:Generated_Source\PSoC4/cyfitter_cfg.c **** 			{0xC0u, 0x60u},
 592:Generated_Source\PSoC4/cyfitter_cfg.c **** 			{0xC2u, 0xD0u},
 593:Generated_Source\PSoC4/cyfitter_cfg.c **** 			{0xCCu, 0x30u},
 594:Generated_Source\PSoC4/cyfitter_cfg.c **** 			{0xCEu, 0xC0u},
 595:Generated_Source\PSoC4/cyfitter_cfg.c **** 			{0xD0u, 0x77u},
 596:Generated_Source\PSoC4/cyfitter_cfg.c **** 			{0xD2u, 0x18u},
 597:Generated_Source\PSoC4/cyfitter_cfg.c **** 			{0xD6u, 0xF0u},
 598:Generated_Source\PSoC4/cyfitter_cfg.c **** 			{0xD8u, 0x10u},
ARM GAS  C:\Users\Admin\AppData\Local\Temp\cc179tLz.s 			page 20


 599:Generated_Source\PSoC4/cyfitter_cfg.c **** 			{0x59u, 0x02u},
 600:Generated_Source\PSoC4/cyfitter_cfg.c **** 			{0xD6u, 0x40u},
 601:Generated_Source\PSoC4/cyfitter_cfg.c **** 			{0x52u, 0x02u},
 602:Generated_Source\PSoC4/cyfitter_cfg.c **** 			{0x56u, 0x40u},
 603:Generated_Source\PSoC4/cyfitter_cfg.c **** 			{0x6Fu, 0x10u},
 604:Generated_Source\PSoC4/cyfitter_cfg.c **** 			{0x83u, 0x10u},
 605:Generated_Source\PSoC4/cyfitter_cfg.c **** 			{0x86u, 0x42u},
 606:Generated_Source\PSoC4/cyfitter_cfg.c **** 			{0xADu, 0x02u},
 607:Generated_Source\PSoC4/cyfitter_cfg.c **** 			{0xD4u, 0xC0u},
 608:Generated_Source\PSoC4/cyfitter_cfg.c **** 			{0xDAu, 0x80u},
 609:Generated_Source\PSoC4/cyfitter_cfg.c **** 			{0xE2u, 0x70u},
 610:Generated_Source\PSoC4/cyfitter_cfg.c **** 			{0xEEu, 0x10u},
 611:Generated_Source\PSoC4/cyfitter_cfg.c **** 			{0x01u, 0x0Au},
 612:Generated_Source\PSoC4/cyfitter_cfg.c **** 			{0x10u, 0x0Au},
 613:Generated_Source\PSoC4/cyfitter_cfg.c **** 		};
 614:Generated_Source\PSoC4/cyfitter_cfg.c **** 
 615:Generated_Source\PSoC4/cyfitter_cfg.c **** 
 616:Generated_Source\PSoC4/cyfitter_cfg.c **** 
 617:Generated_Source\PSoC4/cyfitter_cfg.c **** 		CYPACKED typedef struct {
 618:Generated_Source\PSoC4/cyfitter_cfg.c **** 			void CYFAR *address;
 619:Generated_Source\PSoC4/cyfitter_cfg.c **** 			uint16 size;
 620:Generated_Source\PSoC4/cyfitter_cfg.c **** 		} CYPACKED_ATTR cfg_memset_t;
 621:Generated_Source\PSoC4/cyfitter_cfg.c **** 
 622:Generated_Source\PSoC4/cyfitter_cfg.c **** 		static const cfg_memset_t CYCODE cfg_memset_list[] = {
 623:Generated_Source\PSoC4/cyfitter_cfg.c **** 			/* address, size */
 624:Generated_Source\PSoC4/cyfitter_cfg.c **** 			{(void CYFAR *)(CYDEV_UDB_P0_U0_BASE), 1024u},
 625:Generated_Source\PSoC4/cyfitter_cfg.c **** 			{(void CYFAR *)(CYDEV_UDB_DSI0_BASE), 1024u},
 626:Generated_Source\PSoC4/cyfitter_cfg.c **** 		};
 627:Generated_Source\PSoC4/cyfitter_cfg.c **** 
 628:Generated_Source\PSoC4/cyfitter_cfg.c **** 		uint8 CYDATA i;
 629:Generated_Source\PSoC4/cyfitter_cfg.c **** 
 630:Generated_Source\PSoC4/cyfitter_cfg.c **** 		/* Zero out critical memory blocks before beginning configuration */
 631:Generated_Source\PSoC4/cyfitter_cfg.c **** 		for (i = 0u; i < (sizeof(cfg_memset_list)/sizeof(cfg_memset_list[0])); i++)
 483              		.loc 1 631 0
 484 0148 FB1D     		adds	r3, r7, #7
 485 014a 0022     		movs	r2, #0
 486 014c 1A70     		strb	r2, [r3]
 487 014e 22E0     		b	.L16
 488              	.L17:
 489              	.LBB4:
 632:Generated_Source\PSoC4/cyfitter_cfg.c **** 		{
 633:Generated_Source\PSoC4/cyfitter_cfg.c **** 			const cfg_memset_t CYCODE * CYDATA ms = &cfg_memset_list[i];
 490              		.loc 1 633 0 discriminator 3
 491 0150 FB1D     		adds	r3, r7, #7
 492 0152 1A78     		ldrb	r2, [r3]
 493 0154 1300     		movs	r3, r2
 494 0156 5B00     		lsls	r3, r3, #1
 495 0158 9B18     		adds	r3, r3, r2
 496 015a 5B00     		lsls	r3, r3, #1
 497 015c 384A     		ldr	r2, .L18+8
 498 015e 9B18     		adds	r3, r3, r2
 499 0160 3B60     		str	r3, [r7]
 634:Generated_Source\PSoC4/cyfitter_cfg.c **** 			CYMEMZERO(ms->address, (size_t)(uint32)(ms->size));
 500              		.loc 1 634 0 discriminator 3
 501 0162 3B68     		ldr	r3, [r7]
 502 0164 1A78     		ldrb	r2, [r3]
 503 0166 5978     		ldrb	r1, [r3, #1]
ARM GAS  C:\Users\Admin\AppData\Local\Temp\cc179tLz.s 			page 21


 504 0168 0902     		lsls	r1, r1, #8
 505 016a 0A43     		orrs	r2, r1
 506 016c 9978     		ldrb	r1, [r3, #2]
 507 016e 0904     		lsls	r1, r1, #16
 508 0170 0A43     		orrs	r2, r1
 509 0172 DB78     		ldrb	r3, [r3, #3]
 510 0174 1B06     		lsls	r3, r3, #24
 511 0176 1343     		orrs	r3, r2
 512 0178 1800     		movs	r0, r3
 513 017a 3B68     		ldr	r3, [r7]
 514 017c 1A79     		ldrb	r2, [r3, #4]
 515 017e 5B79     		ldrb	r3, [r3, #5]
 516 0180 1B02     		lsls	r3, r3, #8
 517 0182 1343     		orrs	r3, r2
 518 0184 9BB2     		uxth	r3, r3
 519 0186 1900     		movs	r1, r3
 520 0188 FFF7FEFF 		bl	CYMEMZERO
 521              	.LBE4:
 631:Generated_Source\PSoC4/cyfitter_cfg.c **** 		{
 522              		.loc 1 631 0 discriminator 3
 523 018c FB1D     		adds	r3, r7, #7
 524 018e 1A78     		ldrb	r2, [r3]
 525 0190 FB1D     		adds	r3, r7, #7
 526 0192 0132     		adds	r2, r2, #1
 527 0194 1A70     		strb	r2, [r3]
 528              	.L16:
 631:Generated_Source\PSoC4/cyfitter_cfg.c **** 		{
 529              		.loc 1 631 0 is_stmt 0 discriminator 1
 530 0196 FB1D     		adds	r3, r7, #7
 531 0198 1B78     		ldrb	r3, [r3]
 532 019a 012B     		cmp	r3, #1
 533 019c D8D9     		bls	.L17
 635:Generated_Source\PSoC4/cyfitter_cfg.c **** 		}
 636:Generated_Source\PSoC4/cyfitter_cfg.c **** 
 637:Generated_Source\PSoC4/cyfitter_cfg.c **** 		cfg_write_bytes32(cy_cfg_addr_table, cy_cfg_data_table);
 534              		.loc 1 637 0 is_stmt 1
 535 019e 294A     		ldr	r2, .L18+12
 536 01a0 294B     		ldr	r3, .L18+16
 537 01a2 1100     		movs	r1, r2
 538 01a4 1800     		movs	r0, r3
 539 01a6 FFF7FEFF 		bl	cfg_write_bytes32
 638:Generated_Source\PSoC4/cyfitter_cfg.c **** 
 639:Generated_Source\PSoC4/cyfitter_cfg.c **** 		/* HSIOM Starting address: CYDEV_HSIOM_BASE */
 640:Generated_Source\PSoC4/cyfitter_cfg.c **** 		CY_SET_REG32((void *)(CYDEV_HSIOM_BASE), 0xEE300000u);
 540              		.loc 1 640 0
 541 01aa 284B     		ldr	r3, .L18+20
 542 01ac 284A     		ldr	r2, .L18+24
 543 01ae 1A60     		str	r2, [r3]
 641:Generated_Source\PSoC4/cyfitter_cfg.c **** 		CY_SET_REG32((void *)(CYREG_HSIOM_PORT_SEL1), 0x00993003u);
 544              		.loc 1 641 0
 545 01b0 284B     		ldr	r3, .L18+28
 546 01b2 294A     		ldr	r2, .L18+32
 547 01b4 1A60     		str	r2, [r3]
 642:Generated_Source\PSoC4/cyfitter_cfg.c **** 
 643:Generated_Source\PSoC4/cyfitter_cfg.c **** 		/* UDB_PA_0 Starting address: CYDEV_UDB_PA0_BASE */
 644:Generated_Source\PSoC4/cyfitter_cfg.c **** 		CY_SET_REG32((void *)(CYDEV_UDB_PA0_BASE), 0x00990000u);
 548              		.loc 1 644 0
ARM GAS  C:\Users\Admin\AppData\Local\Temp\cc179tLz.s 			page 22


 549 01b6 294B     		ldr	r3, .L18+36
 550 01b8 9922     		movs	r2, #153
 551 01ba 1204     		lsls	r2, r2, #16
 552 01bc 1A60     		str	r2, [r3]
 645:Generated_Source\PSoC4/cyfitter_cfg.c **** 		CY_SET_REG32((void *)(CYREG_UDB_PA0_CFG8), 0x51000000u);
 553              		.loc 1 645 0
 554 01be 284B     		ldr	r3, .L18+40
 555 01c0 A222     		movs	r2, #162
 556 01c2 D205     		lsls	r2, r2, #23
 557 01c4 1A60     		str	r2, [r3]
 646:Generated_Source\PSoC4/cyfitter_cfg.c **** 
 647:Generated_Source\PSoC4/cyfitter_cfg.c **** 		/* UDB_PA_1 Starting address: CYDEV_UDB_PA1_BASE */
 648:Generated_Source\PSoC4/cyfitter_cfg.c **** 		CY_SET_REG32((void *)(CYDEV_UDB_PA1_BASE), 0x00990000u);
 558              		.loc 1 648 0
 559 01c6 274B     		ldr	r3, .L18+44
 560 01c8 9922     		movs	r2, #153
 561 01ca 1204     		lsls	r2, r2, #16
 562 01cc 1A60     		str	r2, [r3]
 649:Generated_Source\PSoC4/cyfitter_cfg.c **** 		CY_SET_REG32((void *)(CYREG_UDB_PA1_CFG8), 0x00420000u);
 563              		.loc 1 649 0
 564 01ce 264B     		ldr	r3, .L18+48
 565 01d0 8422     		movs	r2, #132
 566 01d2 D203     		lsls	r2, r2, #15
 567 01d4 1A60     		str	r2, [r3]
 650:Generated_Source\PSoC4/cyfitter_cfg.c **** 
 651:Generated_Source\PSoC4/cyfitter_cfg.c **** 		/* INT_SELECT Starting address: CYDEV_CPUSS_INT_SEL */
 652:Generated_Source\PSoC4/cyfitter_cfg.c **** 		CY_SET_REG32((void *)(CYREG_CPUSS_INT_SEL), 0x00000002u);
 568              		.loc 1 652 0
 569 01d6 254B     		ldr	r3, .L18+52
 570 01d8 0222     		movs	r2, #2
 571 01da 1A60     		str	r2, [r3]
 653:Generated_Source\PSoC4/cyfitter_cfg.c **** 
 654:Generated_Source\PSoC4/cyfitter_cfg.c **** 		/* INT_CONFIG Starting address: CYDEV_UDB_INT_CFG */
 655:Generated_Source\PSoC4/cyfitter_cfg.c **** 		CY_SET_REG32((void *)(CYREG_UDB_INT_CFG), 0x00000002u);
 572              		.loc 1 655 0
 573 01dc 244B     		ldr	r3, .L18+56
 574 01de 0222     		movs	r2, #2
 575 01e0 1A60     		str	r2, [r3]
 656:Generated_Source\PSoC4/cyfitter_cfg.c **** 
 657:Generated_Source\PSoC4/cyfitter_cfg.c **** 		/* Enable UDB array and digital routing */
 658:Generated_Source\PSoC4/cyfitter_cfg.c **** 		CY_SET_XTND_REG8((void *)CYREG_UDB_UDBIF_WAIT_CFG, (uint8)((CY_GET_XTND_REG8((void *)CYREG_UDB_UD
 576              		.loc 1 658 0
 577 01e2 244A     		ldr	r2, .L18+60
 578 01e4 234B     		ldr	r3, .L18+60
 579 01e6 1B78     		ldrb	r3, [r3]
 580 01e8 DBB2     		uxtb	r3, r3
 581 01ea 3C21     		movs	r1, #60
 582 01ec 8B43     		bics	r3, r1
 583 01ee DBB2     		uxtb	r3, r3
 584 01f0 1421     		movs	r1, #20
 585 01f2 0B43     		orrs	r3, r1
 586 01f4 DBB2     		uxtb	r3, r3
 587 01f6 1370     		strb	r3, [r2]
 659:Generated_Source\PSoC4/cyfitter_cfg.c **** 		CY_SET_XTND_REG8((void *)CYREG_UDB_UDBIF_BANK_CTL, (uint8)(CY_GET_XTND_REG8((void *)CYREG_UDB_UDB
 588              		.loc 1 659 0
 589 01f8 1F4A     		ldr	r2, .L18+64
 590 01fa 1F4B     		ldr	r3, .L18+64
ARM GAS  C:\Users\Admin\AppData\Local\Temp\cc179tLz.s 			page 23


 591 01fc 1B78     		ldrb	r3, [r3]
 592 01fe DBB2     		uxtb	r3, r3
 593 0200 1621     		movs	r1, #22
 594 0202 0B43     		orrs	r3, r1
 595 0204 DBB2     		uxtb	r3, r3
 596 0206 1370     		strb	r3, [r2]
 597              	.LBE3:
 660:Generated_Source\PSoC4/cyfitter_cfg.c **** 	}
 661:Generated_Source\PSoC4/cyfitter_cfg.c **** 
 662:Generated_Source\PSoC4/cyfitter_cfg.c **** 	/* Perform second pass device configuration. These items must be configured in specific order afte
 663:Generated_Source\PSoC4/cyfitter_cfg.c **** 	/* IOPINS0_0 Starting address: CYDEV_GPIO_PRT0_BASE */
 664:Generated_Source\PSoC4/cyfitter_cfg.c **** 	CY_SET_REG32((void *)(CYDEV_GPIO_PRT0_BASE), 0x00000020u);
 598              		.loc 1 664 0
 599 0208 1C4B     		ldr	r3, .L18+68
 600 020a 2022     		movs	r2, #32
 601 020c 1A60     		str	r2, [r3]
 665:Generated_Source\PSoC4/cyfitter_cfg.c **** 	CY_SET_REG32((void *)(CYREG_GPIO_PRT0_PC), 0x00DB0000u);
 602              		.loc 1 665 0
 603 020e 1C4B     		ldr	r3, .L18+72
 604 0210 DB22     		movs	r2, #219
 605 0212 1204     		lsls	r2, r2, #16
 606 0214 1A60     		str	r2, [r3]
 666:Generated_Source\PSoC4/cyfitter_cfg.c **** 
 667:Generated_Source\PSoC4/cyfitter_cfg.c **** 	/* IOPINS0_1 Starting address: CYDEV_GPIO_PRT1_BASE */
 668:Generated_Source\PSoC4/cyfitter_cfg.c **** 	CY_SET_REG32((void *)(CYDEV_GPIO_PRT1_BASE), 0x00000029u);
 607              		.loc 1 668 0
 608 0216 1B4B     		ldr	r3, .L18+76
 609 0218 2922     		movs	r2, #41
 610 021a 1A60     		str	r2, [r3]
 669:Generated_Source\PSoC4/cyfitter_cfg.c **** 	CY_SET_REG32((void *)(CYREG_GPIO_PRT1_PC), 0x00031C06u);
 611              		.loc 1 669 0
 612 021c 1A4B     		ldr	r3, .L18+80
 613 021e 1B4A     		ldr	r2, .L18+84
 614 0220 1A60     		str	r2, [r3]
 670:Generated_Source\PSoC4/cyfitter_cfg.c **** 	CY_SET_REG32((void *)(CYREG_GPIO_PRT1_PC2), 0x00000020u);
 615              		.loc 1 670 0
 616 0222 1B4B     		ldr	r3, .L18+88
 617 0224 2022     		movs	r2, #32
 618 0226 1A60     		str	r2, [r3]
 671:Generated_Source\PSoC4/cyfitter_cfg.c **** 
 672:Generated_Source\PSoC4/cyfitter_cfg.c **** 
 673:Generated_Source\PSoC4/cyfitter_cfg.c **** 	/* Setup clocks based on selections from Clock DWR */
 674:Generated_Source\PSoC4/cyfitter_cfg.c **** 	ClockSetup();
 619              		.loc 1 674 0
 620 0228 FFF7EAFE 		bl	ClockSetup
 675:Generated_Source\PSoC4/cyfitter_cfg.c **** 
 676:Generated_Source\PSoC4/cyfitter_cfg.c **** 	/* Perform basic analog initialization to defaults */
 677:Generated_Source\PSoC4/cyfitter_cfg.c **** 	AnalogSetDefault();
 621              		.loc 1 677 0
 622 022c FFF7FEFF 		bl	AnalogSetDefault
 678:Generated_Source\PSoC4/cyfitter_cfg.c **** 
 679:Generated_Source\PSoC4/cyfitter_cfg.c **** }
 623              		.loc 1 679 0
 624 0230 C046     		nop
 625 0232 BD46     		mov	sp, r7
 626 0234 02B0     		add	sp, sp, #8
 627              		@ sp needed
ARM GAS  C:\Users\Admin\AppData\Local\Temp\cc179tLz.s 			page 24


 628 0236 80BD     		pop	{r7, pc}
 629              	.L19:
 630              		.align	2
 631              	.L18:
 632 0238 6CF02E40 		.word	1076818028
 633 023c 1C700F40 		.word	1074753564
 634 0240 00000000 		.word	cfg_memset_list.4916
 635 0244 2C000000 		.word	cy_cfg_data_table.4911
 636 0248 0C000000 		.word	cy_cfg_addr_table.4910
 637 024c 00000240 		.word	1073872896
 638 0250 000030EE 		.word	-298844160
 639 0254 00010240 		.word	1073873152
 640 0258 03309900 		.word	10039299
 641 025c 00500F40 		.word	1074745344
 642 0260 08500F40 		.word	1074745352
 643 0264 10500F40 		.word	1074745360
 644 0268 18500F40 		.word	1074745368
 645 026c 20001040 		.word	1074790432
 646 0270 00800F40 		.word	1074757632
 647 0274 01700F40 		.word	1074753537
 648 0278 00700F40 		.word	1074753536
 649 027c 00000440 		.word	1074003968
 650 0280 08000440 		.word	1074003976
 651 0284 00010440 		.word	1074004224
 652 0288 08010440 		.word	1074004232
 653 028c 061C0300 		.word	203782
 654 0290 18010440 		.word	1074004248
 655              		.cfi_endproc
 656              	.LFE8:
 657              		.size	cyfitter_cfg, .-cyfitter_cfg
 658              		.section	.rodata
 659              		.align	2
 660              		.type	cfg_memset_list.4916, %object
 661              		.size	cfg_memset_list.4916, 12
 662              	cfg_memset_list.4916:
 663 0000 00300F40 		.word	1074737152
 664 0004 0004     		.short	1024
 665 0006 00400F40 		.4byte	1074741248
 666 000a 0004     		.short	1024
 667              		.align	2
 668              		.type	cy_cfg_addr_table.4910, %object
 669              		.size	cy_cfg_addr_table.4910, 32
 670              	cy_cfg_addr_table.4910:
 671 000c 01000F40 		.word	1074724865
 672 0010 4E300F40 		.word	1074737230
 673 0014 2D310F40 		.word	1074737453
 674 0018 57320F40 		.word	1074737751
 675 001c 31330F40 		.word	1074737969
 676 0020 02400F40 		.word	1074741250
 677 0024 0A410F40 		.word	1074741514
 678 0028 02600F40 		.word	1074749442
 679              		.align	2
 680              		.type	cy_cfg_data_table.4911, %object
 681              		.size	cy_cfg_data_table.4911, 548
 682              	cy_cfg_data_table.4911:
 683 002c 81       		.byte	-127
 684 002d 1F       		.byte	31
ARM GAS  C:\Users\Admin\AppData\Local\Temp\cc179tLz.s 			page 25


 685 002e 02       		.byte	2
 686 002f 01       		.byte	1
 687 0030 04       		.byte	4
 688 0031 24       		.byte	36
 689 0032 06       		.byte	6
 690 0033 C8       		.byte	-56
 691 0034 0C       		.byte	12
 692 0035 9A       		.byte	-102
 693 0036 0E       		.byte	14
 694 0037 01       		.byte	1
 695 0038 10       		.byte	16
 696 0039 02       		.byte	2
 697 003a 12       		.byte	18
 698 003b 64       		.byte	100
 699 003c 14       		.byte	20
 700 003d E4       		.byte	-28
 701 003e 16       		.byte	22
 702 003f 10       		.byte	16
 703 0040 18       		.byte	24
 704 0041 04       		.byte	4
 705 0042 1A       		.byte	26
 706 0043 1A       		.byte	26
 707 0044 1C       		.byte	28
 708 0045 20       		.byte	32
 709 0046 1E       		.byte	30
 710 0047 C0       		.byte	-64
 711 0048 20       		.byte	32
 712 0049 9B       		.byte	-101
 713 004a 24       		.byte	36
 714 004b 9B       		.byte	-101
 715 004c 28       		.byte	40
 716 004d 1B       		.byte	27
 717 004e 2A       		.byte	42
 718 004f 80       		.byte	-128
 719 0050 2C       		.byte	44
 720 0051 9B       		.byte	-101
 721 0052 32       		.byte	50
 722 0053 01       		.byte	1
 723 0054 34       		.byte	52
 724 0055 1E       		.byte	30
 725 0056 36       		.byte	54
 726 0057 E0       		.byte	-32
 727 0058 3A       		.byte	58
 728 0059 A0       		.byte	-96
 729 005a 3E       		.byte	62
 730 005b 04       		.byte	4
 731 005c 54       		.byte	84
 732 005d 40       		.byte	64
 733 005e 58       		.byte	88
 734 005f 04       		.byte	4
 735 0060 5B       		.byte	91
 736 0061 04       		.byte	4
 737 0062 5C       		.byte	92
 738 0063 01       		.byte	1
 739 0064 5D       		.byte	93
 740 0065 10       		.byte	16
 741 0066 5F       		.byte	95
ARM GAS  C:\Users\Admin\AppData\Local\Temp\cc179tLz.s 			page 26


 742 0067 01       		.byte	1
 743 0068 80       		.byte	-128
 744 0069 08       		.byte	8
 745 006a 81       		.byte	-127
 746 006b 1A       		.byte	26
 747 006c 82       		.byte	-126
 748 006d 01       		.byte	1
 749 006e 84       		.byte	-124
 750 006f AC       		.byte	-84
 751 0070 85       		.byte	-123
 752 0071 18       		.byte	24
 753 0072 86       		.byte	-122
 754 0073 12       		.byte	18
 755 0074 87       		.byte	-121
 756 0075 02       		.byte	2
 757 0076 88       		.byte	-120
 758 0077 14       		.byte	20
 759 0078 89       		.byte	-119
 760 0079 02       		.byte	2
 761 007a 8A       		.byte	-118
 762 007b 20       		.byte	32
 763 007c 8B       		.byte	-117
 764 007d 18       		.byte	24
 765 007e 8C       		.byte	-116
 766 007f 09       		.byte	9
 767 0080 8D       		.byte	-115
 768 0081 18       		.byte	24
 769 0082 8F       		.byte	-113
 770 0083 02       		.byte	2
 771 0084 90       		.byte	-112
 772 0085 0E       		.byte	14
 773 0086 91       		.byte	-111
 774 0087 33       		.byte	51
 775 0088 92       		.byte	-110
 776 0089 70       		.byte	112
 777 008a 93       		.byte	-109
 778 008b 44       		.byte	68
 779 008c 94       		.byte	-108
 780 008d 02       		.byte	2
 781 008e 95       		.byte	-107
 782 008f C1       		.byte	-63
 783 0090 97       		.byte	-105
 784 0091 38       		.byte	56
 785 0092 98       		.byte	-104
 786 0093 C0       		.byte	-64
 787 0094 99       		.byte	-103
 788 0095 9C       		.byte	-100
 789 0096 9B       		.byte	-101
 790 0097 03       		.byte	3
 791 0098 9C       		.byte	-100
 792 0099 08       		.byte	8
 793 009a A0       		.byte	-96
 794 009b 09       		.byte	9
 795 009c A1       		.byte	-95
 796 009d 18       		.byte	24
 797 009e A4       		.byte	-92
 798 009f 01       		.byte	1
ARM GAS  C:\Users\Admin\AppData\Local\Temp\cc179tLz.s 			page 27


 799 00a0 A6       		.byte	-90
 800 00a1 08       		.byte	8
 801 00a2 A8       		.byte	-88
 802 00a3 09       		.byte	9
 803 00a4 A9       		.byte	-87
 804 00a5 82       		.byte	-126
 805 00a6 AD       		.byte	-83
 806 00a7 1A       		.byte	26
 807 00a8 B0       		.byte	-80
 808 00a9 10       		.byte	16
 809 00aa B1       		.byte	-79
 810 00ab 13       		.byte	19
 811 00ac B2       		.byte	-78
 812 00ad FE       		.byte	-2
 813 00ae B3       		.byte	-77
 814 00af E0       		.byte	-32
 815 00b0 B5       		.byte	-75
 816 00b1 0F       		.byte	15
 817 00b2 B6       		.byte	-74
 818 00b3 01       		.byte	1
 819 00b4 B8       		.byte	-72
 820 00b5 08       		.byte	8
 821 00b6 BB       		.byte	-69
 822 00b7 28       		.byte	40
 823 00b8 BE       		.byte	-66
 824 00b9 41       		.byte	65
 825 00ba D6       		.byte	-42
 826 00bb 02       		.byte	2
 827 00bc D7       		.byte	-41
 828 00bd 20       		.byte	32
 829 00be D8       		.byte	-40
 830 00bf 04       		.byte	4
 831 00c0 D9       		.byte	-39
 832 00c1 04       		.byte	4
 833 00c2 DB       		.byte	-37
 834 00c3 04       		.byte	4
 835 00c4 DC       		.byte	-36
 836 00c5 11       		.byte	17
 837 00c6 DD       		.byte	-35
 838 00c7 10       		.byte	16
 839 00c8 DF       		.byte	-33
 840 00c9 01       		.byte	1
 841 00ca 00       		.byte	0
 842 00cb 05       		.byte	5
 843 00cc 01       		.byte	1
 844 00cd 42       		.byte	66
 845 00ce 04       		.byte	4
 846 00cf 02       		.byte	2
 847 00d0 06       		.byte	6
 848 00d1 02       		.byte	2
 849 00d2 07       		.byte	7
 850 00d3 28       		.byte	40
 851 00d4 09       		.byte	9
 852 00d5 09       		.byte	9
 853 00d6 0A       		.byte	10
 854 00d7 05       		.byte	5
 855 00d8 0D       		.byte	13
ARM GAS  C:\Users\Admin\AppData\Local\Temp\cc179tLz.s 			page 28


 856 00d9 02       		.byte	2
 857 00da 0E       		.byte	14
 858 00db 21       		.byte	33
 859 00dc 0F       		.byte	15
 860 00dd 08       		.byte	8
 861 00de 10       		.byte	16
 862 00df 28       		.byte	40
 863 00e0 11       		.byte	17
 864 00e1 01       		.byte	1
 865 00e2 12       		.byte	18
 866 00e3 01       		.byte	1
 867 00e4 15       		.byte	21
 868 00e5 01       		.byte	1
 869 00e6 17       		.byte	23
 870 00e7 14       		.byte	20
 871 00e8 18       		.byte	24
 872 00e9 10       		.byte	16
 873 00ea 1A       		.byte	26
 874 00eb 05       		.byte	5
 875 00ec 1C       		.byte	28
 876 00ed 42       		.byte	66
 877 00ee 1D       		.byte	29
 878 00ef 80       		.byte	-128
 879 00f0 1E       		.byte	30
 880 00f1 22       		.byte	34
 881 00f2 24       		.byte	36
 882 00f3 04       		.byte	4
 883 00f4 25       		.byte	37
 884 00f5 0B       		.byte	11
 885 00f6 26       		.byte	38
 886 00f7 02       		.byte	2
 887 00f8 27       		.byte	39
 888 00f9 28       		.byte	40
 889 00fa 2D       		.byte	45
 890 00fb 80       		.byte	-128
 891 00fc 2E       		.byte	46
 892 00fd 01       		.byte	1
 893 00fe 2F       		.byte	47
 894 00ff 08       		.byte	8
 895 0100 36       		.byte	54
 896 0101 02       		.byte	2
 897 0102 37       		.byte	55
 898 0103 28       		.byte	40
 899 0104 3D       		.byte	61
 900 0105 69       		.byte	105
 901 0106 60       		.byte	96
 902 0107 11       		.byte	17
 903 0108 62       		.byte	98
 904 0109 20       		.byte	32
 905 010a 66       		.byte	102
 906 010b 80       		.byte	-128
 907 010c 6C       		.byte	108
 908 010d 29       		.byte	41
 909 010e 6D       		.byte	109
 910 010f 69       		.byte	105
 911 0110 6F       		.byte	111
 912 0111 14       		.byte	20
ARM GAS  C:\Users\Admin\AppData\Local\Temp\cc179tLz.s 			page 29


 913 0112 75       		.byte	117
 914 0113 80       		.byte	-128
 915 0114 76       		.byte	118
 916 0115 03       		.byte	3
 917 0116 C0       		.byte	-64
 918 0117 FD       		.byte	-3
 919 0118 C2       		.byte	-62
 920 0119 FF       		.byte	-1
 921 011a C4       		.byte	-60
 922 011b 7F       		.byte	127
 923 011c CA       		.byte	-54
 924 011d B0       		.byte	-80
 925 011e CC       		.byte	-52
 926 011f E0       		.byte	-32
 927 0120 CE       		.byte	-50
 928 0121 F0       		.byte	-16
 929 0122 D8       		.byte	-40
 930 0123 1E       		.byte	30
 931 0124 01       		.byte	1
 932 0125 03       		.byte	3
 933 0126 03       		.byte	3
 934 0127 0C       		.byte	12
 935 0128 04       		.byte	4
 936 0129 50       		.byte	80
 937 012a 05       		.byte	5
 938 012b 05       		.byte	5
 939 012c 06       		.byte	6
 940 012d 27       		.byte	39
 941 012e 07       		.byte	7
 942 012f 0A       		.byte	10
 943 0130 08       		.byte	8
 944 0131 54       		.byte	84
 945 0132 0A       		.byte	10
 946 0133 2B       		.byte	43
 947 0134 10       		.byte	16
 948 0135 4D       		.byte	77
 949 0136 12       		.byte	18
 950 0137 10       		.byte	16
 951 0138 19       		.byte	25
 952 0139 09       		.byte	9
 953 013a 1A       		.byte	26
 954 013b 02       		.byte	2
 955 013c 1B       		.byte	27
 956 013d 06       		.byte	6
 957 013e 1C       		.byte	28
 958 013f 38       		.byte	56
 959 0140 1D       		.byte	29
 960 0141 02       		.byte	2
 961 0142 1F       		.byte	31
 962 0143 0D       		.byte	13
 963 0144 30       		.byte	48
 964 0145 40       		.byte	64
 965 0146 31       		.byte	49
 966 0147 0F       		.byte	15
 967 0148 34       		.byte	52
 968 0149 03       		.byte	3
 969 014a 36       		.byte	54
ARM GAS  C:\Users\Admin\AppData\Local\Temp\cc179tLz.s 			page 30


 970 014b 3C       		.byte	60
 971 014c 38       		.byte	56
 972 014d 80       		.byte	-128
 973 014e 3B       		.byte	59
 974 014f 02       		.byte	2
 975 0150 3E       		.byte	62
 976 0151 01       		.byte	1
 977 0152 40       		.byte	64
 978 0153 32       		.byte	50
 979 0154 41       		.byte	65
 980 0155 05       		.byte	5
 981 0156 42       		.byte	66
 982 0157 10       		.byte	16
 983 0158 47       		.byte	71
 984 0159 0B       		.byte	11
 985 015a 48       		.byte	72
 986 015b 10       		.byte	16
 987 015c 49       		.byte	73
 988 015d FF       		.byte	-1
 989 015e 4A       		.byte	74
 990 015f FF       		.byte	-1
 991 0160 4B       		.byte	75
 992 0161 FF       		.byte	-1
 993 0162 4C       		.byte	76
 994 0163 03       		.byte	3
 995 0164 4E       		.byte	78
 996 0165 70       		.byte	112
 997 0166 4F       		.byte	79
 998 0167 48       		.byte	72
 999 0168 50       		.byte	80
 1000 0169 04       		.byte	4
 1001 016a 54       		.byte	84
 1002 016b 09       		.byte	9
 1003 016c 58       		.byte	88
 1004 016d 04       		.byte	4
 1005 016e 59       		.byte	89
 1006 016f 04       		.byte	4
 1007 0170 5A       		.byte	90
 1008 0171 04       		.byte	4
 1009 0172 5B       		.byte	91
 1010 0173 04       		.byte	4
 1011 0174 5C       		.byte	92
 1012 0175 11       		.byte	17
 1013 0176 5D       		.byte	93
 1014 0177 11       		.byte	17
 1015 0178 5F       		.byte	95
 1016 0179 01       		.byte	1
 1017 017a 62       		.byte	98
 1018 017b C0       		.byte	-64
 1019 017c 64       		.byte	100
 1020 017d 40       		.byte	64
 1021 017e 65       		.byte	101
 1022 017f 02       		.byte	2
 1023 0180 66       		.byte	102
 1024 0181 10       		.byte	16
 1025 0182 67       		.byte	103
 1026 0183 12       		.byte	18
ARM GAS  C:\Users\Admin\AppData\Local\Temp\cc179tLz.s 			page 31


 1027 0184 68       		.byte	104
 1028 0185 C0       		.byte	-64
 1029 0186 69       		.byte	105
 1030 0187 02       		.byte	2
 1031 0188 6B       		.byte	107
 1032 0189 12       		.byte	18
 1033 018a 6C       		.byte	108
 1034 018b 40       		.byte	64
 1035 018c 6D       		.byte	109
 1036 018d 02       		.byte	2
 1037 018e 6E       		.byte	110
 1038 018f 40       		.byte	64
 1039 0190 6F       		.byte	111
 1040 0191 02       		.byte	2
 1041 0192 BA       		.byte	-70
 1042 0193 C0       		.byte	-64
 1043 0194 C0       		.byte	-64
 1044 0195 23       		.byte	35
 1045 0196 C1       		.byte	-63
 1046 0197 04       		.byte	4
 1047 0198 C2       		.byte	-62
 1048 0199 50       		.byte	80
 1049 019a C5       		.byte	-59
 1050 019b DE       		.byte	-34
 1051 019c C6       		.byte	-58
 1052 019d F0       		.byte	-16
 1053 019e C7       		.byte	-57
 1054 019f 0C       		.byte	12
 1055 01a0 C8       		.byte	-56
 1056 01a1 1B       		.byte	27
 1057 01a2 C9       		.byte	-55
 1058 01a3 FF       		.byte	-1
 1059 01a4 CA       		.byte	-54
 1060 01a5 FF       		.byte	-1
 1061 01a6 CB       		.byte	-53
 1062 01a7 FF       		.byte	-1
 1063 01a8 CC       		.byte	-52
 1064 01a9 22       		.byte	34
 1065 01aa CE       		.byte	-50
 1066 01ab F0       		.byte	-16
 1067 01ac CF       		.byte	-49
 1068 01ad 48       		.byte	72
 1069 01ae D0       		.byte	-48
 1070 01af 04       		.byte	4
 1071 01b0 D8       		.byte	-40
 1072 01b1 04       		.byte	4
 1073 01b2 DA       		.byte	-38
 1074 01b3 04       		.byte	4
 1075 01b4 DC       		.byte	-36
 1076 01b5 03       		.byte	3
 1077 01b6 DD       		.byte	-35
 1078 01b7 01       		.byte	1
 1079 01b8 DF       		.byte	-33
 1080 01b9 01       		.byte	1
 1081 01ba E2       		.byte	-30
 1082 01bb C0       		.byte	-64
 1083 01bc E4       		.byte	-28
ARM GAS  C:\Users\Admin\AppData\Local\Temp\cc179tLz.s 			page 32


 1084 01bd 40       		.byte	64
 1085 01be E5       		.byte	-27
 1086 01bf 02       		.byte	2
 1087 01c0 E6       		.byte	-26
 1088 01c1 10       		.byte	16
 1089 01c2 E7       		.byte	-25
 1090 01c3 12       		.byte	18
 1091 01c4 E8       		.byte	-24
 1092 01c5 C0       		.byte	-64
 1093 01c6 E9       		.byte	-23
 1094 01c7 02       		.byte	2
 1095 01c8 EB       		.byte	-21
 1096 01c9 12       		.byte	18
 1097 01ca EC       		.byte	-20
 1098 01cb 40       		.byte	64
 1099 01cc ED       		.byte	-19
 1100 01cd 02       		.byte	2
 1101 01ce EE       		.byte	-18
 1102 01cf 40       		.byte	64
 1103 01d0 EF       		.byte	-17
 1104 01d1 02       		.byte	2
 1105 01d2 07       		.byte	7
 1106 01d3 28       		.byte	40
 1107 01d4 0D       		.byte	13
 1108 01d5 02       		.byte	2
 1109 01d6 0E       		.byte	14
 1110 01d7 05       		.byte	5
 1111 01d8 1B       		.byte	27
 1112 01d9 40       		.byte	64
 1113 01da 1E       		.byte	30
 1114 01db 05       		.byte	5
 1115 01dc 1F       		.byte	31
 1116 01dd 01       		.byte	1
 1117 01de 24       		.byte	36
 1118 01df 80       		.byte	-128
 1119 01e0 27       		.byte	39
 1120 01e1 40       		.byte	64
 1121 01e2 37       		.byte	55
 1122 01e3 60       		.byte	96
 1123 01e4 38       		.byte	56
 1124 01e5 80       		.byte	-128
 1125 01e6 3A       		.byte	58
 1126 01e7 80       		.byte	-128
 1127 01e8 3C       		.byte	60
 1128 01e9 04       		.byte	4
 1129 01ea 3D       		.byte	61
 1130 01eb 02       		.byte	2
 1131 01ec 40       		.byte	64
 1132 01ed 04       		.byte	4
 1133 01ee 41       		.byte	65
 1134 01ef 0A       		.byte	10
 1135 01f0 45       		.byte	69
 1136 01f1 80       		.byte	-128
 1137 01f2 47       		.byte	71
 1138 01f3 28       		.byte	40
 1139 01f4 48       		.byte	72
 1140 01f5 01       		.byte	1
ARM GAS  C:\Users\Admin\AppData\Local\Temp\cc179tLz.s 			page 33


 1141 01f6 49       		.byte	73
 1142 01f7 0A       		.byte	10
 1143 01f8 4E       		.byte	78
 1144 01f9 02       		.byte	2
 1145 01fa 52       		.byte	82
 1146 01fb 20       		.byte	32
 1147 01fc 53       		.byte	83
 1148 01fd 08       		.byte	8
 1149 01fe 57       		.byte	87
 1150 01ff 04       		.byte	4
 1151 0200 5C       		.byte	92
 1152 0201 50       		.byte	80
 1153 0202 5D       		.byte	93
 1154 0203 08       		.byte	8
 1155 0204 5E       		.byte	94
 1156 0205 02       		.byte	2
 1157 0206 67       		.byte	103
 1158 0207 02       		.byte	2
 1159 0208 83       		.byte	-125
 1160 0209 40       		.byte	64
 1161 020a 86       		.byte	-122
 1162 020b 05       		.byte	5
 1163 020c 8C       		.byte	-116
 1164 020d 10       		.byte	16
 1165 020e 8F       		.byte	-113
 1166 020f 08       		.byte	8
 1167 0210 90       		.byte	-112
 1168 0211 44       		.byte	68
 1169 0212 9B       		.byte	-101
 1170 0213 28       		.byte	40
 1171 0214 9D       		.byte	-99
 1172 0215 02       		.byte	2
 1173 0216 9E       		.byte	-98
 1174 0217 80       		.byte	-128
 1175 0218 A0       		.byte	-96
 1176 0219 01       		.byte	1
 1177 021a A1       		.byte	-95
 1178 021b 8B       		.byte	-117
 1179 021c A2       		.byte	-94
 1180 021d 03       		.byte	3
 1181 021e A6       		.byte	-90
 1182 021f 20       		.byte	32
 1183 0220 A7       		.byte	-89
 1184 0221 0C       		.byte	12
 1185 0222 AE       		.byte	-82
 1186 0223 10       		.byte	16
 1187 0224 C0       		.byte	-64
 1188 0225 60       		.byte	96
 1189 0226 C2       		.byte	-62
 1190 0227 D0       		.byte	-48
 1191 0228 CC       		.byte	-52
 1192 0229 30       		.byte	48
 1193 022a CE       		.byte	-50
 1194 022b C0       		.byte	-64
 1195 022c D0       		.byte	-48
 1196 022d 77       		.byte	119
 1197 022e D2       		.byte	-46
ARM GAS  C:\Users\Admin\AppData\Local\Temp\cc179tLz.s 			page 34


 1198 022f 18       		.byte	24
 1199 0230 D6       		.byte	-42
 1200 0231 F0       		.byte	-16
 1201 0232 D8       		.byte	-40
 1202 0233 10       		.byte	16
 1203 0234 59       		.byte	89
 1204 0235 02       		.byte	2
 1205 0236 D6       		.byte	-42
 1206 0237 40       		.byte	64
 1207 0238 52       		.byte	82
 1208 0239 02       		.byte	2
 1209 023a 56       		.byte	86
 1210 023b 40       		.byte	64
 1211 023c 6F       		.byte	111
 1212 023d 10       		.byte	16
 1213 023e 83       		.byte	-125
 1214 023f 10       		.byte	16
 1215 0240 86       		.byte	-122
 1216 0241 42       		.byte	66
 1217 0242 AD       		.byte	-83
 1218 0243 02       		.byte	2
 1219 0244 D4       		.byte	-44
 1220 0245 C0       		.byte	-64
 1221 0246 DA       		.byte	-38
 1222 0247 80       		.byte	-128
 1223 0248 E2       		.byte	-30
 1224 0249 70       		.byte	112
 1225 024a EE       		.byte	-18
 1226 024b 10       		.byte	16
 1227 024c 01       		.byte	1
 1228 024d 0A       		.byte	10
 1229 024e 10       		.byte	16
 1230 024f 0A       		.byte	10
 1231              		.text
 1232              	.Letext0:
 1233              		.file 2 "c:\\program files (x86)\\cypress\\psoc creator\\4.4\\psoc creator\\import\\gnu\\arm\\5.4.
 1234              		.file 3 "Generated_Source\\PSoC4\\cytypes.h"
 1235              		.section	.debug_info,"",%progbits
 1236              	.Ldebug_info0:
 1237 0000 5B030000 		.4byte	0x35b
 1238 0004 0400     		.2byte	0x4
 1239 0006 00000000 		.4byte	.Ldebug_abbrev0
 1240 000a 04       		.byte	0x4
 1241 000b 01       		.uleb128 0x1
 1242 000c D3000000 		.4byte	.LASF40
 1243 0010 0C       		.byte	0xc
 1244 0011 6F020000 		.4byte	.LASF41
 1245 0015 7E000000 		.4byte	.LASF42
 1246 0019 00000000 		.4byte	.Ldebug_ranges0+0
 1247 001d 00000000 		.4byte	0
 1248 0021 00000000 		.4byte	.Ldebug_line0
 1249 0025 02       		.uleb128 0x2
 1250 0026 04       		.byte	0x4
 1251 0027 05       		.byte	0x5
 1252 0028 696E7400 		.ascii	"int\000"
 1253 002c 03       		.uleb128 0x3
 1254 002d 06000000 		.4byte	.LASF12
ARM GAS  C:\Users\Admin\AppData\Local\Temp\cc179tLz.s 			page 35


 1255 0031 02       		.byte	0x2
 1256 0032 D8       		.byte	0xd8
 1257 0033 37000000 		.4byte	0x37
 1258 0037 04       		.uleb128 0x4
 1259 0038 04       		.byte	0x4
 1260 0039 07       		.byte	0x7
 1261 003a B9010000 		.4byte	.LASF0
 1262 003e 04       		.uleb128 0x4
 1263 003f 08       		.byte	0x8
 1264 0040 05       		.byte	0x5
 1265 0041 17020000 		.4byte	.LASF1
 1266 0045 04       		.uleb128 0x4
 1267 0046 08       		.byte	0x8
 1268 0047 04       		.byte	0x4
 1269 0048 57020000 		.4byte	.LASF2
 1270 004c 04       		.uleb128 0x4
 1271 004d 01       		.byte	0x1
 1272 004e 06       		.byte	0x6
 1273 004f 63020000 		.4byte	.LASF3
 1274 0053 04       		.uleb128 0x4
 1275 0054 01       		.byte	0x1
 1276 0055 08       		.byte	0x8
 1277 0056 61010000 		.4byte	.LASF4
 1278 005a 04       		.uleb128 0x4
 1279 005b 02       		.byte	0x2
 1280 005c 05       		.byte	0x5
 1281 005d 44020000 		.4byte	.LASF5
 1282 0061 04       		.uleb128 0x4
 1283 0062 02       		.byte	0x2
 1284 0063 07       		.byte	0x7
 1285 0064 04020000 		.4byte	.LASF6
 1286 0068 04       		.uleb128 0x4
 1287 0069 04       		.byte	0x4
 1288 006a 05       		.byte	0x5
 1289 006b 4E020000 		.4byte	.LASF7
 1290 006f 04       		.uleb128 0x4
 1291 0070 04       		.byte	0x4
 1292 0071 07       		.byte	0x7
 1293 0072 B1000000 		.4byte	.LASF8
 1294 0076 04       		.uleb128 0x4
 1295 0077 08       		.byte	0x8
 1296 0078 07       		.byte	0x7
 1297 0079 CE010000 		.4byte	.LASF9
 1298 007d 04       		.uleb128 0x4
 1299 007e 04       		.byte	0x4
 1300 007f 07       		.byte	0x7
 1301 0080 FB010000 		.4byte	.LASF10
 1302 0084 05       		.uleb128 0x5
 1303 0085 04       		.byte	0x4
 1304 0086 04       		.uleb128 0x4
 1305 0087 01       		.byte	0x1
 1306 0088 08       		.byte	0x8
 1307 0089 25020000 		.4byte	.LASF11
 1308 008d 06       		.uleb128 0x6
 1309 008e C3000000 		.4byte	.LASF13
 1310 0092 03       		.byte	0x3
 1311 0093 FB01     		.2byte	0x1fb
ARM GAS  C:\Users\Admin\AppData\Local\Temp\cc179tLz.s 			page 36


 1312 0095 53000000 		.4byte	0x53
 1313 0099 06       		.uleb128 0x6
 1314 009a A0010000 		.4byte	.LASF14
 1315 009e 03       		.byte	0x3
 1316 009f FC01     		.2byte	0x1fc
 1317 00a1 61000000 		.4byte	0x61
 1318 00a5 06       		.uleb128 0x6
 1319 00a6 B2010000 		.4byte	.LASF15
 1320 00aa 03       		.byte	0x3
 1321 00ab FD01     		.2byte	0x1fd
 1322 00ad 6F000000 		.4byte	0x6f
 1323 00b1 04       		.uleb128 0x4
 1324 00b2 04       		.byte	0x4
 1325 00b3 04       		.byte	0x4
 1326 00b4 59000000 		.4byte	.LASF16
 1327 00b8 04       		.uleb128 0x4
 1328 00b9 08       		.byte	0x8
 1329 00ba 04       		.byte	0x4
 1330 00bb 6F010000 		.4byte	.LASF17
 1331 00bf 06       		.uleb128 0x6
 1332 00c0 79000000 		.4byte	.LASF18
 1333 00c4 03       		.byte	0x3
 1334 00c5 A502     		.2byte	0x2a5
 1335 00c7 CB000000 		.4byte	0xcb
 1336 00cb 07       		.uleb128 0x7
 1337 00cc 8D000000 		.4byte	0x8d
 1338 00d0 06       		.uleb128 0x6
 1339 00d1 00000000 		.4byte	.LASF19
 1340 00d5 03       		.byte	0x3
 1341 00d6 A702     		.2byte	0x2a7
 1342 00d8 DC000000 		.4byte	0xdc
 1343 00dc 07       		.uleb128 0x7
 1344 00dd A5000000 		.4byte	0xa5
 1345 00e1 08       		.uleb128 0x8
 1346 00e2 02       		.byte	0x2
 1347 00e3 01       		.byte	0x1
 1348 00e4 97       		.byte	0x97
 1349 00e5 02010000 		.4byte	0x102
 1350 00e9 09       		.uleb128 0x9
 1351 00ea 3D020000 		.4byte	.LASF20
 1352 00ee 01       		.byte	0x1
 1353 00ef 99       		.byte	0x99
 1354 00f0 8D000000 		.4byte	0x8d
 1355 00f4 00       		.byte	0
 1356 00f5 09       		.uleb128 0x9
 1357 00f6 1E000000 		.4byte	.LASF21
 1358 00fa 01       		.byte	0x1
 1359 00fb 9A       		.byte	0x9a
 1360 00fc 8D000000 		.4byte	0x8d
 1361 0100 01       		.byte	0x1
 1362 0101 00       		.byte	0
 1363 0102 03       		.uleb128 0x3
 1364 0103 2A020000 		.4byte	.LASF22
 1365 0107 01       		.byte	0x1
 1366 0108 9B       		.byte	0x9b
 1367 0109 E1000000 		.4byte	0xe1
 1368 010d 0A       		.uleb128 0xa
ARM GAS  C:\Users\Admin\AppData\Local\Temp\cc179tLz.s 			page 37


 1369 010e C9000000 		.4byte	.LASF23
 1370 0112 01       		.byte	0x1
 1371 0113 4C       		.byte	0x4c
 1372 0114 00000000 		.4byte	.LFB2
 1373 0118 1E000000 		.4byte	.LFE2-.LFB2
 1374 011c 01       		.uleb128 0x1
 1375 011d 9C       		.byte	0x9c
 1376 011e 3B010000 		.4byte	0x13b
 1377 0122 0B       		.uleb128 0xb
 1378 0123 7300     		.ascii	"s\000"
 1379 0125 01       		.byte	0x1
 1380 0126 4C       		.byte	0x4c
 1381 0127 84000000 		.4byte	0x84
 1382 012b 02       		.uleb128 0x2
 1383 012c 91       		.byte	0x91
 1384 012d 74       		.sleb128 -12
 1385 012e 0B       		.uleb128 0xb
 1386 012f 6E00     		.ascii	"n\000"
 1387 0131 01       		.byte	0x1
 1388 0132 4C       		.byte	0x4c
 1389 0133 2C000000 		.4byte	0x2c
 1390 0137 02       		.uleb128 0x2
 1391 0138 91       		.byte	0x91
 1392 0139 70       		.sleb128 -16
 1393 013a 00       		.byte	0
 1394 013b 0A       		.uleb128 0xa
 1395 013c A5020000 		.4byte	.LASF24
 1396 0140 01       		.byte	0x1
 1397 0141 53       		.byte	0x53
 1398 0142 00000000 		.4byte	.LFB3
 1399 0146 20000000 		.4byte	.LFE3-.LFB3
 1400 014a 01       		.uleb128 0x1
 1401 014b 9C       		.byte	0x9c
 1402 014c 79010000 		.4byte	0x179
 1403 0150 0C       		.uleb128 0xc
 1404 0151 5F000000 		.4byte	.LASF25
 1405 0155 01       		.byte	0x1
 1406 0156 53       		.byte	0x53
 1407 0157 84000000 		.4byte	0x84
 1408 015b 02       		.uleb128 0x2
 1409 015c 91       		.byte	0x91
 1410 015d 74       		.sleb128 -12
 1411 015e 0B       		.uleb128 0xb
 1412 015f 73726300 		.ascii	"src\000"
 1413 0163 01       		.byte	0x1
 1414 0164 53       		.byte	0x53
 1415 0165 79010000 		.4byte	0x179
 1416 0169 02       		.uleb128 0x2
 1417 016a 91       		.byte	0x91
 1418 016b 70       		.sleb128 -16
 1419 016c 0B       		.uleb128 0xb
 1420 016d 6E00     		.ascii	"n\000"
 1421 016f 01       		.byte	0x1
 1422 0170 53       		.byte	0x53
 1423 0171 2C000000 		.4byte	0x2c
 1424 0175 02       		.uleb128 0x2
 1425 0176 91       		.byte	0x91
ARM GAS  C:\Users\Admin\AppData\Local\Temp\cc179tLz.s 			page 38


 1426 0177 6C       		.sleb128 -20
 1427 0178 00       		.byte	0
 1428 0179 0D       		.uleb128 0xd
 1429 017a 04       		.byte	0x4
 1430 017b 7F010000 		.4byte	0x17f
 1431 017f 0E       		.uleb128 0xe
 1432 0180 0A       		.uleb128 0xa
 1433 0181 95020000 		.4byte	.LASF26
 1434 0185 01       		.byte	0x1
 1435 0186 5A       		.byte	0x5a
 1436 0187 00000000 		.4byte	.LFB4
 1437 018b 20000000 		.4byte	.LFE4-.LFB4
 1438 018f 01       		.uleb128 0x1
 1439 0190 9C       		.byte	0x9c
 1440 0191 BE010000 		.4byte	0x1be
 1441 0195 0C       		.uleb128 0xc
 1442 0196 5F000000 		.4byte	.LASF25
 1443 019a 01       		.byte	0x1
 1444 019b 5A       		.byte	0x5a
 1445 019c 84000000 		.4byte	0x84
 1446 01a0 02       		.uleb128 0x2
 1447 01a1 91       		.byte	0x91
 1448 01a2 74       		.sleb128 -12
 1449 01a3 0B       		.uleb128 0xb
 1450 01a4 73726300 		.ascii	"src\000"
 1451 01a8 01       		.byte	0x1
 1452 01a9 5A       		.byte	0x5a
 1453 01aa 79010000 		.4byte	0x179
 1454 01ae 02       		.uleb128 0x2
 1455 01af 91       		.byte	0x91
 1456 01b0 70       		.sleb128 -16
 1457 01b1 0B       		.uleb128 0xb
 1458 01b2 6E00     		.ascii	"n\000"
 1459 01b4 01       		.byte	0x1
 1460 01b5 5A       		.byte	0x5a
 1461 01b6 2C000000 		.4byte	0x2c
 1462 01ba 02       		.uleb128 0x2
 1463 01bb 91       		.byte	0x91
 1464 01bc 6C       		.sleb128 -20
 1465 01bd 00       		.byte	0
 1466 01be 0F       		.uleb128 0xf
 1467 01bf 76010000 		.4byte	.LASF27
 1468 01c3 01       		.byte	0x1
 1469 01c4 AE       		.byte	0xae
 1470 01c5 00000000 		.4byte	.LFB5
 1471 01c9 82000000 		.4byte	.LFE5-.LFB5
 1472 01cd 01       		.uleb128 0x1
 1473 01ce 9C       		.byte	0x9c
 1474 01cf 2E020000 		.4byte	0x22e
 1475 01d3 0C       		.uleb128 0xc
 1476 01d4 95010000 		.4byte	.LASF28
 1477 01d8 01       		.byte	0x1
 1478 01d9 AE       		.byte	0xae
 1479 01da 2E020000 		.4byte	0x22e
 1480 01de 02       		.uleb128 0x2
 1481 01df 91       		.byte	0x91
 1482 01e0 64       		.sleb128 -28
ARM GAS  C:\Users\Admin\AppData\Local\Temp\cc179tLz.s 			page 39


 1483 01e1 0C       		.uleb128 0xc
 1484 01e2 A7010000 		.4byte	.LASF29
 1485 01e6 01       		.byte	0x1
 1486 01e7 AE       		.byte	0xae
 1487 01e8 39020000 		.4byte	0x239
 1488 01ec 02       		.uleb128 0x2
 1489 01ed 91       		.byte	0x91
 1490 01ee 60       		.sleb128 -32
 1491 01ef 10       		.uleb128 0x10
 1492 01f0 6900     		.ascii	"i\000"
 1493 01f2 01       		.byte	0x1
 1494 01f3 B1       		.byte	0xb1
 1495 01f4 A5000000 		.4byte	0xa5
 1496 01f8 02       		.uleb128 0x2
 1497 01f9 91       		.byte	0x91
 1498 01fa 74       		.sleb128 -12
 1499 01fb 10       		.uleb128 0x10
 1500 01fc 6A00     		.ascii	"j\000"
 1501 01fe 01       		.byte	0x1
 1502 01ff B1       		.byte	0xb1
 1503 0200 A5000000 		.4byte	0xa5
 1504 0204 02       		.uleb128 0x2
 1505 0205 91       		.byte	0x91
 1506 0206 70       		.sleb128 -16
 1507 0207 11       		.uleb128 0x11
 1508 0208 14000000 		.4byte	.LBB2
 1509 020c 5A000000 		.4byte	.LBE2-.LBB2
 1510 0210 12       		.uleb128 0x12
 1511 0211 F2010000 		.4byte	.LASF30
 1512 0215 01       		.byte	0x1
 1513 0216 B4       		.byte	0xb4
 1514 0217 A5000000 		.4byte	0xa5
 1515 021b 02       		.uleb128 0x2
 1516 021c 91       		.byte	0x91
 1517 021d 68       		.sleb128 -24
 1518 021e 12       		.uleb128 0x12
 1519 021f 24000000 		.4byte	.LASF31
 1520 0223 01       		.byte	0x1
 1521 0224 B5       		.byte	0xb5
 1522 0225 8D000000 		.4byte	0x8d
 1523 0229 02       		.uleb128 0x2
 1524 022a 91       		.byte	0x91
 1525 022b 6F       		.sleb128 -17
 1526 022c 00       		.byte	0
 1527 022d 00       		.byte	0
 1528 022e 0D       		.uleb128 0xd
 1529 022f 04       		.byte	0x4
 1530 0230 34020000 		.4byte	0x234
 1531 0234 13       		.uleb128 0x13
 1532 0235 A5000000 		.4byte	0xa5
 1533 0239 0D       		.uleb128 0xd
 1534 023a 04       		.byte	0x4
 1535 023b 3F020000 		.4byte	0x23f
 1536 023f 13       		.uleb128 0x13
 1537 0240 02010000 		.4byte	0x102
 1538 0244 14       		.uleb128 0x14
 1539 0245 2A000000 		.4byte	.LASF32
ARM GAS  C:\Users\Admin\AppData\Local\Temp\cc179tLz.s 			page 40


 1540 0249 01       		.byte	0x1
 1541 024a D3       		.byte	0xd3
 1542 024b 00000000 		.4byte	.LFB6
 1543 024f 34010000 		.4byte	.LFE6-.LFB6
 1544 0253 01       		.uleb128 0x1
 1545 0254 9C       		.byte	0x9c
 1546 0255 15       		.uleb128 0x15
 1547 0256 0D000000 		.4byte	.LASF33
 1548 025a 01       		.byte	0x1
 1549 025b 2201     		.2byte	0x122
 1550 025d 00000000 		.4byte	.LFB7
 1551 0261 28000000 		.4byte	.LFE7-.LFB7
 1552 0265 01       		.uleb128 0x1
 1553 0266 9C       		.byte	0x9c
 1554 0267 16       		.uleb128 0x16
 1555 0268 88010000 		.4byte	.LASF43
 1556 026c 01       		.byte	0x1
 1557 026d 3D01     		.2byte	0x13d
 1558 026f 34010000 		.4byte	.LFB8
 1559 0273 60010000 		.4byte	.LFE8-.LFB8
 1560 0277 01       		.uleb128 0x1
 1561 0278 9C       		.byte	0x9c
 1562 0279 33030000 		.4byte	0x333
 1563 027d 11       		.uleb128 0x11
 1564 027e 48010000 		.4byte	.LBB3
 1565 0282 C0000000 		.4byte	.LBE3-.LBB3
 1566 0286 17       		.uleb128 0x17
 1567 0287 35000000 		.4byte	.LASF34
 1568 028b 01       		.byte	0x1
 1569 028c 4701     		.2byte	0x147
 1570 028e 43030000 		.4byte	0x343
 1571 0292 05       		.uleb128 0x5
 1572 0293 03       		.byte	0x3
 1573 0294 0C000000 		.4byte	cy_cfg_addr_table.4910
 1574 0298 17       		.uleb128 0x17
 1575 0299 47000000 		.4byte	.LASF35
 1576 029d 01       		.byte	0x1
 1577 029e 5201     		.2byte	0x152
 1578 02a0 59030000 		.4byte	0x359
 1579 02a4 05       		.uleb128 0x5
 1580 02a5 03       		.byte	0x3
 1581 02a6 2C000000 		.4byte	cy_cfg_data_table.4911
 1582 02aa 18       		.uleb128 0x18
 1583 02ab 06       		.byte	0x6
 1584 02ac 01       		.byte	0x1
 1585 02ad 6902     		.2byte	0x269
 1586 02af CE020000 		.4byte	0x2ce
 1587 02b3 19       		.uleb128 0x19
 1588 02b4 C6010000 		.4byte	.LASF36
 1589 02b8 01       		.byte	0x1
 1590 02b9 6A02     		.2byte	0x26a
 1591 02bb 84000000 		.4byte	0x84
 1592 02bf 00       		.byte	0
 1593 02c0 19       		.uleb128 0x19
 1594 02c1 74000000 		.4byte	.LASF37
 1595 02c5 01       		.byte	0x1
 1596 02c6 6B02     		.2byte	0x26b
ARM GAS  C:\Users\Admin\AppData\Local\Temp\cc179tLz.s 			page 41


 1597 02c8 99000000 		.4byte	0x99
 1598 02cc 04       		.byte	0x4
 1599 02cd 00       		.byte	0
 1600 02ce 06       		.uleb128 0x6
 1601 02cf E5010000 		.4byte	.LASF38
 1602 02d3 01       		.byte	0x1
 1603 02d4 6C02     		.2byte	0x26c
 1604 02d6 AA020000 		.4byte	0x2aa
 1605 02da 1A       		.uleb128 0x1a
 1606 02db EA020000 		.4byte	0x2ea
 1607 02df EA020000 		.4byte	0x2ea
 1608 02e3 1B       		.uleb128 0x1b
 1609 02e4 7D000000 		.4byte	0x7d
 1610 02e8 01       		.byte	0x1
 1611 02e9 00       		.byte	0
 1612 02ea 13       		.uleb128 0x13
 1613 02eb CE020000 		.4byte	0x2ce
 1614 02ef 17       		.uleb128 0x17
 1615 02f0 64000000 		.4byte	.LASF39
 1616 02f4 01       		.byte	0x1
 1617 02f5 6E02     		.2byte	0x26e
 1618 02f7 01030000 		.4byte	0x301
 1619 02fb 05       		.uleb128 0x5
 1620 02fc 03       		.byte	0x3
 1621 02fd 00000000 		.4byte	cfg_memset_list.4916
 1622 0301 13       		.uleb128 0x13
 1623 0302 DA020000 		.4byte	0x2da
 1624 0306 1C       		.uleb128 0x1c
 1625 0307 6900     		.ascii	"i\000"
 1626 0309 01       		.byte	0x1
 1627 030a 7402     		.2byte	0x274
 1628 030c 8D000000 		.4byte	0x8d
 1629 0310 02       		.uleb128 0x2
 1630 0311 91       		.byte	0x91
 1631 0312 77       		.sleb128 -9
 1632 0313 11       		.uleb128 0x11
 1633 0314 50010000 		.4byte	.LBB4
 1634 0318 3C000000 		.4byte	.LBE4-.LBB4
 1635 031c 1C       		.uleb128 0x1c
 1636 031d 6D7300   		.ascii	"ms\000"
 1637 0320 01       		.byte	0x1
 1638 0321 7902     		.2byte	0x279
 1639 0323 2A030000 		.4byte	0x32a
 1640 0327 02       		.uleb128 0x2
 1641 0328 91       		.byte	0x91
 1642 0329 70       		.sleb128 -16
 1643 032a 0D       		.uleb128 0xd
 1644 032b 04       		.byte	0x4
 1645 032c EA020000 		.4byte	0x2ea
 1646 0330 00       		.byte	0
 1647 0331 00       		.byte	0
 1648 0332 00       		.byte	0
 1649 0333 1A       		.uleb128 0x1a
 1650 0334 34020000 		.4byte	0x234
 1651 0338 43030000 		.4byte	0x343
 1652 033c 1B       		.uleb128 0x1b
 1653 033d 7D000000 		.4byte	0x7d
ARM GAS  C:\Users\Admin\AppData\Local\Temp\cc179tLz.s 			page 42


 1654 0341 07       		.byte	0x7
 1655 0342 00       		.byte	0
 1656 0343 13       		.uleb128 0x13
 1657 0344 33030000 		.4byte	0x333
 1658 0348 1A       		.uleb128 0x1a
 1659 0349 3F020000 		.4byte	0x23f
 1660 034d 59030000 		.4byte	0x359
 1661 0351 1D       		.uleb128 0x1d
 1662 0352 7D000000 		.4byte	0x7d
 1663 0356 1101     		.2byte	0x111
 1664 0358 00       		.byte	0
 1665 0359 13       		.uleb128 0x13
 1666 035a 48030000 		.4byte	0x348
 1667 035e 00       		.byte	0
 1668              		.section	.debug_abbrev,"",%progbits
 1669              	.Ldebug_abbrev0:
 1670 0000 01       		.uleb128 0x1
 1671 0001 11       		.uleb128 0x11
 1672 0002 01       		.byte	0x1
 1673 0003 25       		.uleb128 0x25
 1674 0004 0E       		.uleb128 0xe
 1675 0005 13       		.uleb128 0x13
 1676 0006 0B       		.uleb128 0xb
 1677 0007 03       		.uleb128 0x3
 1678 0008 0E       		.uleb128 0xe
 1679 0009 1B       		.uleb128 0x1b
 1680 000a 0E       		.uleb128 0xe
 1681 000b 55       		.uleb128 0x55
 1682 000c 17       		.uleb128 0x17
 1683 000d 11       		.uleb128 0x11
 1684 000e 01       		.uleb128 0x1
 1685 000f 10       		.uleb128 0x10
 1686 0010 17       		.uleb128 0x17
 1687 0011 00       		.byte	0
 1688 0012 00       		.byte	0
 1689 0013 02       		.uleb128 0x2
 1690 0014 24       		.uleb128 0x24
 1691 0015 00       		.byte	0
 1692 0016 0B       		.uleb128 0xb
 1693 0017 0B       		.uleb128 0xb
 1694 0018 3E       		.uleb128 0x3e
 1695 0019 0B       		.uleb128 0xb
 1696 001a 03       		.uleb128 0x3
 1697 001b 08       		.uleb128 0x8
 1698 001c 00       		.byte	0
 1699 001d 00       		.byte	0
 1700 001e 03       		.uleb128 0x3
 1701 001f 16       		.uleb128 0x16
 1702 0020 00       		.byte	0
 1703 0021 03       		.uleb128 0x3
 1704 0022 0E       		.uleb128 0xe
 1705 0023 3A       		.uleb128 0x3a
 1706 0024 0B       		.uleb128 0xb
 1707 0025 3B       		.uleb128 0x3b
 1708 0026 0B       		.uleb128 0xb
 1709 0027 49       		.uleb128 0x49
 1710 0028 13       		.uleb128 0x13
ARM GAS  C:\Users\Admin\AppData\Local\Temp\cc179tLz.s 			page 43


 1711 0029 00       		.byte	0
 1712 002a 00       		.byte	0
 1713 002b 04       		.uleb128 0x4
 1714 002c 24       		.uleb128 0x24
 1715 002d 00       		.byte	0
 1716 002e 0B       		.uleb128 0xb
 1717 002f 0B       		.uleb128 0xb
 1718 0030 3E       		.uleb128 0x3e
 1719 0031 0B       		.uleb128 0xb
 1720 0032 03       		.uleb128 0x3
 1721 0033 0E       		.uleb128 0xe
 1722 0034 00       		.byte	0
 1723 0035 00       		.byte	0
 1724 0036 05       		.uleb128 0x5
 1725 0037 0F       		.uleb128 0xf
 1726 0038 00       		.byte	0
 1727 0039 0B       		.uleb128 0xb
 1728 003a 0B       		.uleb128 0xb
 1729 003b 00       		.byte	0
 1730 003c 00       		.byte	0
 1731 003d 06       		.uleb128 0x6
 1732 003e 16       		.uleb128 0x16
 1733 003f 00       		.byte	0
 1734 0040 03       		.uleb128 0x3
 1735 0041 0E       		.uleb128 0xe
 1736 0042 3A       		.uleb128 0x3a
 1737 0043 0B       		.uleb128 0xb
 1738 0044 3B       		.uleb128 0x3b
 1739 0045 05       		.uleb128 0x5
 1740 0046 49       		.uleb128 0x49
 1741 0047 13       		.uleb128 0x13
 1742 0048 00       		.byte	0
 1743 0049 00       		.byte	0
 1744 004a 07       		.uleb128 0x7
 1745 004b 35       		.uleb128 0x35
 1746 004c 00       		.byte	0
 1747 004d 49       		.uleb128 0x49
 1748 004e 13       		.uleb128 0x13
 1749 004f 00       		.byte	0
 1750 0050 00       		.byte	0
 1751 0051 08       		.uleb128 0x8
 1752 0052 13       		.uleb128 0x13
 1753 0053 01       		.byte	0x1
 1754 0054 0B       		.uleb128 0xb
 1755 0055 0B       		.uleb128 0xb
 1756 0056 3A       		.uleb128 0x3a
 1757 0057 0B       		.uleb128 0xb
 1758 0058 3B       		.uleb128 0x3b
 1759 0059 0B       		.uleb128 0xb
 1760 005a 01       		.uleb128 0x1
 1761 005b 13       		.uleb128 0x13
 1762 005c 00       		.byte	0
 1763 005d 00       		.byte	0
 1764 005e 09       		.uleb128 0x9
 1765 005f 0D       		.uleb128 0xd
 1766 0060 00       		.byte	0
 1767 0061 03       		.uleb128 0x3
ARM GAS  C:\Users\Admin\AppData\Local\Temp\cc179tLz.s 			page 44


 1768 0062 0E       		.uleb128 0xe
 1769 0063 3A       		.uleb128 0x3a
 1770 0064 0B       		.uleb128 0xb
 1771 0065 3B       		.uleb128 0x3b
 1772 0066 0B       		.uleb128 0xb
 1773 0067 49       		.uleb128 0x49
 1774 0068 13       		.uleb128 0x13
 1775 0069 38       		.uleb128 0x38
 1776 006a 0B       		.uleb128 0xb
 1777 006b 00       		.byte	0
 1778 006c 00       		.byte	0
 1779 006d 0A       		.uleb128 0xa
 1780 006e 2E       		.uleb128 0x2e
 1781 006f 01       		.byte	0x1
 1782 0070 03       		.uleb128 0x3
 1783 0071 0E       		.uleb128 0xe
 1784 0072 3A       		.uleb128 0x3a
 1785 0073 0B       		.uleb128 0xb
 1786 0074 3B       		.uleb128 0x3b
 1787 0075 0B       		.uleb128 0xb
 1788 0076 27       		.uleb128 0x27
 1789 0077 19       		.uleb128 0x19
 1790 0078 11       		.uleb128 0x11
 1791 0079 01       		.uleb128 0x1
 1792 007a 12       		.uleb128 0x12
 1793 007b 06       		.uleb128 0x6
 1794 007c 40       		.uleb128 0x40
 1795 007d 18       		.uleb128 0x18
 1796 007e 9642     		.uleb128 0x2116
 1797 0080 19       		.uleb128 0x19
 1798 0081 01       		.uleb128 0x1
 1799 0082 13       		.uleb128 0x13
 1800 0083 00       		.byte	0
 1801 0084 00       		.byte	0
 1802 0085 0B       		.uleb128 0xb
 1803 0086 05       		.uleb128 0x5
 1804 0087 00       		.byte	0
 1805 0088 03       		.uleb128 0x3
 1806 0089 08       		.uleb128 0x8
 1807 008a 3A       		.uleb128 0x3a
 1808 008b 0B       		.uleb128 0xb
 1809 008c 3B       		.uleb128 0x3b
 1810 008d 0B       		.uleb128 0xb
 1811 008e 49       		.uleb128 0x49
 1812 008f 13       		.uleb128 0x13
 1813 0090 02       		.uleb128 0x2
 1814 0091 18       		.uleb128 0x18
 1815 0092 00       		.byte	0
 1816 0093 00       		.byte	0
 1817 0094 0C       		.uleb128 0xc
 1818 0095 05       		.uleb128 0x5
 1819 0096 00       		.byte	0
 1820 0097 03       		.uleb128 0x3
 1821 0098 0E       		.uleb128 0xe
 1822 0099 3A       		.uleb128 0x3a
 1823 009a 0B       		.uleb128 0xb
 1824 009b 3B       		.uleb128 0x3b
ARM GAS  C:\Users\Admin\AppData\Local\Temp\cc179tLz.s 			page 45


 1825 009c 0B       		.uleb128 0xb
 1826 009d 49       		.uleb128 0x49
 1827 009e 13       		.uleb128 0x13
 1828 009f 02       		.uleb128 0x2
 1829 00a0 18       		.uleb128 0x18
 1830 00a1 00       		.byte	0
 1831 00a2 00       		.byte	0
 1832 00a3 0D       		.uleb128 0xd
 1833 00a4 0F       		.uleb128 0xf
 1834 00a5 00       		.byte	0
 1835 00a6 0B       		.uleb128 0xb
 1836 00a7 0B       		.uleb128 0xb
 1837 00a8 49       		.uleb128 0x49
 1838 00a9 13       		.uleb128 0x13
 1839 00aa 00       		.byte	0
 1840 00ab 00       		.byte	0
 1841 00ac 0E       		.uleb128 0xe
 1842 00ad 26       		.uleb128 0x26
 1843 00ae 00       		.byte	0
 1844 00af 00       		.byte	0
 1845 00b0 00       		.byte	0
 1846 00b1 0F       		.uleb128 0xf
 1847 00b2 2E       		.uleb128 0x2e
 1848 00b3 01       		.byte	0x1
 1849 00b4 03       		.uleb128 0x3
 1850 00b5 0E       		.uleb128 0xe
 1851 00b6 3A       		.uleb128 0x3a
 1852 00b7 0B       		.uleb128 0xb
 1853 00b8 3B       		.uleb128 0x3b
 1854 00b9 0B       		.uleb128 0xb
 1855 00ba 27       		.uleb128 0x27
 1856 00bb 19       		.uleb128 0x19
 1857 00bc 11       		.uleb128 0x11
 1858 00bd 01       		.uleb128 0x1
 1859 00be 12       		.uleb128 0x12
 1860 00bf 06       		.uleb128 0x6
 1861 00c0 40       		.uleb128 0x40
 1862 00c1 18       		.uleb128 0x18
 1863 00c2 9742     		.uleb128 0x2117
 1864 00c4 19       		.uleb128 0x19
 1865 00c5 01       		.uleb128 0x1
 1866 00c6 13       		.uleb128 0x13
 1867 00c7 00       		.byte	0
 1868 00c8 00       		.byte	0
 1869 00c9 10       		.uleb128 0x10
 1870 00ca 34       		.uleb128 0x34
 1871 00cb 00       		.byte	0
 1872 00cc 03       		.uleb128 0x3
 1873 00cd 08       		.uleb128 0x8
 1874 00ce 3A       		.uleb128 0x3a
 1875 00cf 0B       		.uleb128 0xb
 1876 00d0 3B       		.uleb128 0x3b
 1877 00d1 0B       		.uleb128 0xb
 1878 00d2 49       		.uleb128 0x49
 1879 00d3 13       		.uleb128 0x13
 1880 00d4 02       		.uleb128 0x2
 1881 00d5 18       		.uleb128 0x18
ARM GAS  C:\Users\Admin\AppData\Local\Temp\cc179tLz.s 			page 46


 1882 00d6 00       		.byte	0
 1883 00d7 00       		.byte	0
 1884 00d8 11       		.uleb128 0x11
 1885 00d9 0B       		.uleb128 0xb
 1886 00da 01       		.byte	0x1
 1887 00db 11       		.uleb128 0x11
 1888 00dc 01       		.uleb128 0x1
 1889 00dd 12       		.uleb128 0x12
 1890 00de 06       		.uleb128 0x6
 1891 00df 00       		.byte	0
 1892 00e0 00       		.byte	0
 1893 00e1 12       		.uleb128 0x12
 1894 00e2 34       		.uleb128 0x34
 1895 00e3 00       		.byte	0
 1896 00e4 03       		.uleb128 0x3
 1897 00e5 0E       		.uleb128 0xe
 1898 00e6 3A       		.uleb128 0x3a
 1899 00e7 0B       		.uleb128 0xb
 1900 00e8 3B       		.uleb128 0x3b
 1901 00e9 0B       		.uleb128 0xb
 1902 00ea 49       		.uleb128 0x49
 1903 00eb 13       		.uleb128 0x13
 1904 00ec 02       		.uleb128 0x2
 1905 00ed 18       		.uleb128 0x18
 1906 00ee 00       		.byte	0
 1907 00ef 00       		.byte	0
 1908 00f0 13       		.uleb128 0x13
 1909 00f1 26       		.uleb128 0x26
 1910 00f2 00       		.byte	0
 1911 00f3 49       		.uleb128 0x49
 1912 00f4 13       		.uleb128 0x13
 1913 00f5 00       		.byte	0
 1914 00f6 00       		.byte	0
 1915 00f7 14       		.uleb128 0x14
 1916 00f8 2E       		.uleb128 0x2e
 1917 00f9 00       		.byte	0
 1918 00fa 03       		.uleb128 0x3
 1919 00fb 0E       		.uleb128 0xe
 1920 00fc 3A       		.uleb128 0x3a
 1921 00fd 0B       		.uleb128 0xb
 1922 00fe 3B       		.uleb128 0x3b
 1923 00ff 0B       		.uleb128 0xb
 1924 0100 27       		.uleb128 0x27
 1925 0101 19       		.uleb128 0x19
 1926 0102 11       		.uleb128 0x11
 1927 0103 01       		.uleb128 0x1
 1928 0104 12       		.uleb128 0x12
 1929 0105 06       		.uleb128 0x6
 1930 0106 40       		.uleb128 0x40
 1931 0107 18       		.uleb128 0x18
 1932 0108 9642     		.uleb128 0x2116
 1933 010a 19       		.uleb128 0x19
 1934 010b 00       		.byte	0
 1935 010c 00       		.byte	0
 1936 010d 15       		.uleb128 0x15
 1937 010e 2E       		.uleb128 0x2e
 1938 010f 00       		.byte	0
ARM GAS  C:\Users\Admin\AppData\Local\Temp\cc179tLz.s 			page 47


 1939 0110 03       		.uleb128 0x3
 1940 0111 0E       		.uleb128 0xe
 1941 0112 3A       		.uleb128 0x3a
 1942 0113 0B       		.uleb128 0xb
 1943 0114 3B       		.uleb128 0x3b
 1944 0115 05       		.uleb128 0x5
 1945 0116 27       		.uleb128 0x27
 1946 0117 19       		.uleb128 0x19
 1947 0118 11       		.uleb128 0x11
 1948 0119 01       		.uleb128 0x1
 1949 011a 12       		.uleb128 0x12
 1950 011b 06       		.uleb128 0x6
 1951 011c 40       		.uleb128 0x40
 1952 011d 18       		.uleb128 0x18
 1953 011e 9742     		.uleb128 0x2117
 1954 0120 19       		.uleb128 0x19
 1955 0121 00       		.byte	0
 1956 0122 00       		.byte	0
 1957 0123 16       		.uleb128 0x16
 1958 0124 2E       		.uleb128 0x2e
 1959 0125 01       		.byte	0x1
 1960 0126 3F       		.uleb128 0x3f
 1961 0127 19       		.uleb128 0x19
 1962 0128 03       		.uleb128 0x3
 1963 0129 0E       		.uleb128 0xe
 1964 012a 3A       		.uleb128 0x3a
 1965 012b 0B       		.uleb128 0xb
 1966 012c 3B       		.uleb128 0x3b
 1967 012d 05       		.uleb128 0x5
 1968 012e 27       		.uleb128 0x27
 1969 012f 19       		.uleb128 0x19
 1970 0130 11       		.uleb128 0x11
 1971 0131 01       		.uleb128 0x1
 1972 0132 12       		.uleb128 0x12
 1973 0133 06       		.uleb128 0x6
 1974 0134 40       		.uleb128 0x40
 1975 0135 18       		.uleb128 0x18
 1976 0136 9642     		.uleb128 0x2116
 1977 0138 19       		.uleb128 0x19
 1978 0139 01       		.uleb128 0x1
 1979 013a 13       		.uleb128 0x13
 1980 013b 00       		.byte	0
 1981 013c 00       		.byte	0
 1982 013d 17       		.uleb128 0x17
 1983 013e 34       		.uleb128 0x34
 1984 013f 00       		.byte	0
 1985 0140 03       		.uleb128 0x3
 1986 0141 0E       		.uleb128 0xe
 1987 0142 3A       		.uleb128 0x3a
 1988 0143 0B       		.uleb128 0xb
 1989 0144 3B       		.uleb128 0x3b
 1990 0145 05       		.uleb128 0x5
 1991 0146 49       		.uleb128 0x49
 1992 0147 13       		.uleb128 0x13
 1993 0148 02       		.uleb128 0x2
 1994 0149 18       		.uleb128 0x18
 1995 014a 00       		.byte	0
ARM GAS  C:\Users\Admin\AppData\Local\Temp\cc179tLz.s 			page 48


 1996 014b 00       		.byte	0
 1997 014c 18       		.uleb128 0x18
 1998 014d 13       		.uleb128 0x13
 1999 014e 01       		.byte	0x1
 2000 014f 0B       		.uleb128 0xb
 2001 0150 0B       		.uleb128 0xb
 2002 0151 3A       		.uleb128 0x3a
 2003 0152 0B       		.uleb128 0xb
 2004 0153 3B       		.uleb128 0x3b
 2005 0154 05       		.uleb128 0x5
 2006 0155 01       		.uleb128 0x1
 2007 0156 13       		.uleb128 0x13
 2008 0157 00       		.byte	0
 2009 0158 00       		.byte	0
 2010 0159 19       		.uleb128 0x19
 2011 015a 0D       		.uleb128 0xd
 2012 015b 00       		.byte	0
 2013 015c 03       		.uleb128 0x3
 2014 015d 0E       		.uleb128 0xe
 2015 015e 3A       		.uleb128 0x3a
 2016 015f 0B       		.uleb128 0xb
 2017 0160 3B       		.uleb128 0x3b
 2018 0161 05       		.uleb128 0x5
 2019 0162 49       		.uleb128 0x49
 2020 0163 13       		.uleb128 0x13
 2021 0164 38       		.uleb128 0x38
 2022 0165 0B       		.uleb128 0xb
 2023 0166 00       		.byte	0
 2024 0167 00       		.byte	0
 2025 0168 1A       		.uleb128 0x1a
 2026 0169 01       		.uleb128 0x1
 2027 016a 01       		.byte	0x1
 2028 016b 49       		.uleb128 0x49
 2029 016c 13       		.uleb128 0x13
 2030 016d 01       		.uleb128 0x1
 2031 016e 13       		.uleb128 0x13
 2032 016f 00       		.byte	0
 2033 0170 00       		.byte	0
 2034 0171 1B       		.uleb128 0x1b
 2035 0172 21       		.uleb128 0x21
 2036 0173 00       		.byte	0
 2037 0174 49       		.uleb128 0x49
 2038 0175 13       		.uleb128 0x13
 2039 0176 2F       		.uleb128 0x2f
 2040 0177 0B       		.uleb128 0xb
 2041 0178 00       		.byte	0
 2042 0179 00       		.byte	0
 2043 017a 1C       		.uleb128 0x1c
 2044 017b 34       		.uleb128 0x34
 2045 017c 00       		.byte	0
 2046 017d 03       		.uleb128 0x3
 2047 017e 08       		.uleb128 0x8
 2048 017f 3A       		.uleb128 0x3a
 2049 0180 0B       		.uleb128 0xb
 2050 0181 3B       		.uleb128 0x3b
 2051 0182 05       		.uleb128 0x5
 2052 0183 49       		.uleb128 0x49
ARM GAS  C:\Users\Admin\AppData\Local\Temp\cc179tLz.s 			page 49


 2053 0184 13       		.uleb128 0x13
 2054 0185 02       		.uleb128 0x2
 2055 0186 18       		.uleb128 0x18
 2056 0187 00       		.byte	0
 2057 0188 00       		.byte	0
 2058 0189 1D       		.uleb128 0x1d
 2059 018a 21       		.uleb128 0x21
 2060 018b 00       		.byte	0
 2061 018c 49       		.uleb128 0x49
 2062 018d 13       		.uleb128 0x13
 2063 018e 2F       		.uleb128 0x2f
 2064 018f 05       		.uleb128 0x5
 2065 0190 00       		.byte	0
 2066 0191 00       		.byte	0
 2067 0192 00       		.byte	0
 2068              		.section	.debug_aranges,"",%progbits
 2069 0000 4C000000 		.4byte	0x4c
 2070 0004 0200     		.2byte	0x2
 2071 0006 00000000 		.4byte	.Ldebug_info0
 2072 000a 04       		.byte	0x4
 2073 000b 00       		.byte	0
 2074 000c 0000     		.2byte	0
 2075 000e 0000     		.2byte	0
 2076 0010 00000000 		.4byte	.LFB2
 2077 0014 1E000000 		.4byte	.LFE2-.LFB2
 2078 0018 00000000 		.4byte	.LFB3
 2079 001c 20000000 		.4byte	.LFE3-.LFB3
 2080 0020 00000000 		.4byte	.LFB4
 2081 0024 20000000 		.4byte	.LFE4-.LFB4
 2082 0028 00000000 		.4byte	.LFB5
 2083 002c 82000000 		.4byte	.LFE5-.LFB5
 2084 0030 00000000 		.4byte	.LFB6
 2085 0034 34010000 		.4byte	.LFE6-.LFB6
 2086 0038 00000000 		.4byte	.LFB7
 2087 003c 28000000 		.4byte	.LFE7-.LFB7
 2088 0040 34010000 		.4byte	.LFB8
 2089 0044 60010000 		.4byte	.LFE8-.LFB8
 2090 0048 00000000 		.4byte	0
 2091 004c 00000000 		.4byte	0
 2092              		.section	.debug_ranges,"",%progbits
 2093              	.Ldebug_ranges0:
 2094 0000 00000000 		.4byte	.LFB2
 2095 0004 1E000000 		.4byte	.LFE2
 2096 0008 00000000 		.4byte	.LFB3
 2097 000c 20000000 		.4byte	.LFE3
 2098 0010 00000000 		.4byte	.LFB4
 2099 0014 20000000 		.4byte	.LFE4
 2100 0018 00000000 		.4byte	.LFB5
 2101 001c 82000000 		.4byte	.LFE5
 2102 0020 00000000 		.4byte	.LFB6
 2103 0024 34010000 		.4byte	.LFE6
 2104 0028 00000000 		.4byte	.LFB7
 2105 002c 28000000 		.4byte	.LFE7
 2106 0030 34010000 		.4byte	.LFB8
 2107 0034 94020000 		.4byte	.LFE8
 2108 0038 00000000 		.4byte	0
 2109 003c 00000000 		.4byte	0
ARM GAS  C:\Users\Admin\AppData\Local\Temp\cc179tLz.s 			page 50


 2110              		.section	.debug_line,"",%progbits
 2111              	.Ldebug_line0:
 2112 0000 A6010000 		.section	.debug_str,"MS",%progbits,1
 2112      0200CB00 
 2112      00000201 
 2112      FB0E0D00 
 2112      01010101 
 2113              	.LASF19:
 2114 0000 72656733 		.ascii	"reg32\000"
 2114      3200
 2115              	.LASF12:
 2116 0006 73697A65 		.ascii	"size_t\000"
 2116      5F7400
 2117              	.LASF33:
 2118 000d 416E616C 		.ascii	"AnalogSetDefault\000"
 2118      6F675365 
 2118      74446566 
 2118      61756C74 
 2118      00
 2119              	.LASF21:
 2120 001e 76616C75 		.ascii	"value\000"
 2120      6500
 2121              	.LASF31:
 2122 0024 636F756E 		.ascii	"count\000"
 2122      7400
 2123              	.LASF32:
 2124 002a 436C6F63 		.ascii	"ClockSetup\000"
 2124      6B536574 
 2124      757000
 2125              	.LASF34:
 2126 0035 63795F63 		.ascii	"cy_cfg_addr_table\000"
 2126      66675F61 
 2126      6464725F 
 2126      7461626C 
 2126      6500
 2127              	.LASF35:
 2128 0047 63795F63 		.ascii	"cy_cfg_data_table\000"
 2128      66675F64 
 2128      6174615F 
 2128      7461626C 
 2128      6500
 2129              	.LASF16:
 2130 0059 666C6F61 		.ascii	"float\000"
 2130      7400
 2131              	.LASF25:
 2132 005f 64657374 		.ascii	"dest\000"
 2132      00
 2133              	.LASF39:
 2134 0064 6366675F 		.ascii	"cfg_memset_list\000"
 2134      6D656D73 
 2134      65745F6C 
 2134      69737400 
 2135              	.LASF37:
 2136 0074 73697A65 		.ascii	"size\000"
 2136      00
 2137              	.LASF18:
 2138 0079 72656738 		.ascii	"reg8\000"
ARM GAS  C:\Users\Admin\AppData\Local\Temp\cc179tLz.s 			page 51


 2138      00
 2139              	.LASF42:
 2140 007e 443A5C4C 		.ascii	"D:\\LABs_BLE\\LABs_BLE\\Lab_3_1_UART_additional.cyd"
 2140      4142735F 
 2140      424C455C 
 2140      4C414273 
 2140      5F424C45 
 2141 00ae 736E00   		.ascii	"sn\000"
 2142              	.LASF8:
 2143 00b1 6C6F6E67 		.ascii	"long unsigned int\000"
 2143      20756E73 
 2143      69676E65 
 2143      6420696E 
 2143      7400
 2144              	.LASF13:
 2145 00c3 75696E74 		.ascii	"uint8\000"
 2145      3800
 2146              	.LASF23:
 2147 00c9 43594D45 		.ascii	"CYMEMZERO\000"
 2147      4D5A4552 
 2147      4F00
 2148              	.LASF40:
 2149 00d3 474E5520 		.ascii	"GNU C11 5.4.1 20160609 (release) [ARM/embedded-5-br"
 2149      43313120 
 2149      352E342E 
 2149      31203230 
 2149      31363036 
 2150 0106 616E6368 		.ascii	"anch revision 237715] -mcpu=cortex-m0 -mthumb -g -O"
 2150      20726576 
 2150      6973696F 
 2150      6E203233 
 2150      37373135 
 2151 0139 30202D66 		.ascii	"0 -ffunction-sections -ffat-lto-objects\000"
 2151      66756E63 
 2151      74696F6E 
 2151      2D736563 
 2151      74696F6E 
 2152              	.LASF4:
 2153 0161 756E7369 		.ascii	"unsigned char\000"
 2153      676E6564 
 2153      20636861 
 2153      7200
 2154              	.LASF17:
 2155 016f 646F7562 		.ascii	"double\000"
 2155      6C6500
 2156              	.LASF27:
 2157 0176 6366675F 		.ascii	"cfg_write_bytes32\000"
 2157      77726974 
 2157      655F6279 
 2157      74657333 
 2157      3200
 2158              	.LASF43:
 2159 0188 63796669 		.ascii	"cyfitter_cfg\000"
 2159      74746572 
 2159      5F636667 
 2159      00
 2160              	.LASF28:
ARM GAS  C:\Users\Admin\AppData\Local\Temp\cc179tLz.s 			page 52


 2161 0195 61646472 		.ascii	"addr_table\000"
 2161      5F746162 
 2161      6C6500
 2162              	.LASF14:
 2163 01a0 75696E74 		.ascii	"uint16\000"
 2163      313600
 2164              	.LASF29:
 2165 01a7 64617461 		.ascii	"data_table\000"
 2165      5F746162 
 2165      6C6500
 2166              	.LASF15:
 2167 01b2 75696E74 		.ascii	"uint32\000"
 2167      333200
 2168              	.LASF0:
 2169 01b9 756E7369 		.ascii	"unsigned int\000"
 2169      676E6564 
 2169      20696E74 
 2169      00
 2170              	.LASF36:
 2171 01c6 61646472 		.ascii	"address\000"
 2171      65737300 
 2172              	.LASF9:
 2173 01ce 6C6F6E67 		.ascii	"long long unsigned int\000"
 2173      206C6F6E 
 2173      6720756E 
 2173      7369676E 
 2173      65642069 
 2174              	.LASF38:
 2175 01e5 6366675F 		.ascii	"cfg_memset_t\000"
 2175      6D656D73 
 2175      65745F74 
 2175      00
 2176              	.LASF30:
 2177 01f2 62617365 		.ascii	"baseAddr\000"
 2177      41646472 
 2177      00
 2178              	.LASF10:
 2179 01fb 73697A65 		.ascii	"sizetype\000"
 2179      74797065 
 2179      00
 2180              	.LASF6:
 2181 0204 73686F72 		.ascii	"short unsigned int\000"
 2181      7420756E 
 2181      7369676E 
 2181      65642069 
 2181      6E7400
 2182              	.LASF1:
 2183 0217 6C6F6E67 		.ascii	"long long int\000"
 2183      206C6F6E 
 2183      6720696E 
 2183      7400
 2184              	.LASF11:
 2185 0225 63686172 		.ascii	"char\000"
 2185      00
 2186              	.LASF22:
 2187 022a 63795F63 		.ascii	"cy_cfg_addrvalue_t\000"
 2187      66675F61 
ARM GAS  C:\Users\Admin\AppData\Local\Temp\cc179tLz.s 			page 53


 2187      64647276 
 2187      616C7565 
 2187      5F7400
 2188              	.LASF20:
 2189 023d 6F666673 		.ascii	"offset\000"
 2189      657400
 2190              	.LASF5:
 2191 0244 73686F72 		.ascii	"short int\000"
 2191      7420696E 
 2191      7400
 2192              	.LASF7:
 2193 024e 6C6F6E67 		.ascii	"long int\000"
 2193      20696E74 
 2193      00
 2194              	.LASF2:
 2195 0257 6C6F6E67 		.ascii	"long double\000"
 2195      20646F75 
 2195      626C6500 
 2196              	.LASF3:
 2197 0263 7369676E 		.ascii	"signed char\000"
 2197      65642063 
 2197      68617200 
 2198              	.LASF41:
 2199 026f 47656E65 		.ascii	"Generated_Source\\PSoC4\\cyfitter_cfg.c\000"
 2199      72617465 
 2199      645F536F 
 2199      75726365 
 2199      5C50536F 
 2200              	.LASF26:
 2201 0295 4359434F 		.ascii	"CYCONFIGCPYCODE\000"
 2201      4E464947 
 2201      43505943 
 2201      4F444500 
 2202              	.LASF24:
 2203 02a5 4359434F 		.ascii	"CYCONFIGCPY\000"
 2203      4E464947 
 2203      43505900 
 2204              		.ident	"GCC: (GNU Tools for ARM Embedded Processors) 5.4.1 20160609 (release) [ARM/embedded-5-bran
