ARM GAS  C:\Users\Admin\AppData\Local\Temp\ccoDOIct.s 			page 1


   1              		.syntax unified
   2              		.cpu cortex-m0
   3              		.fpu softvfp
   4              		.eabi_attribute 20, 1
   5              		.eabi_attribute 21, 1
   6              		.eabi_attribute 23, 3
   7              		.eabi_attribute 24, 1
   8              		.eabi_attribute 25, 1
   9              		.eabi_attribute 26, 1
  10              		.eabi_attribute 30, 6
  11              		.eabi_attribute 34, 0
  12              		.eabi_attribute 18, 4
  13              		.thumb
  14              		.syntax unified
  15              		.file	"SPIM.c"
  16              		.text
  17              	.Ltext0:
  18              		.cfi_sections	.debug_frame
  19              		.global	SPIM_initVar
  20              		.bss
  21              		.type	SPIM_initVar, %object
  22              		.size	SPIM_initVar, 1
  23              	SPIM_initVar:
  24 0000 00       		.space	1
  25              		.comm	SPIM_swStatusTx,1,1
  26              		.comm	SPIM_swStatusRx,1,1
  27              		.section	.text.SPIM_Init,"ax",%progbits
  28              		.align	2
  29              		.global	SPIM_Init
  30              		.code	16
  31              		.thumb_func
  32              		.type	SPIM_Init, %function
  33              	SPIM_Init:
  34              	.LFB2:
  35              		.file 1 "Generated_Source\\PSoC4\\SPIM.c"
   1:Generated_Source\PSoC4/SPIM.c **** /*******************************************************************************
   2:Generated_Source\PSoC4/SPIM.c **** * File Name: SPIM.c
   3:Generated_Source\PSoC4/SPIM.c **** * Version 2.50
   4:Generated_Source\PSoC4/SPIM.c **** *
   5:Generated_Source\PSoC4/SPIM.c **** * Description:
   6:Generated_Source\PSoC4/SPIM.c **** *  This file provides all API functionality of the SPI Master component.
   7:Generated_Source\PSoC4/SPIM.c **** *
   8:Generated_Source\PSoC4/SPIM.c **** * Note:
   9:Generated_Source\PSoC4/SPIM.c **** *  None.
  10:Generated_Source\PSoC4/SPIM.c **** *
  11:Generated_Source\PSoC4/SPIM.c **** ********************************************************************************
  12:Generated_Source\PSoC4/SPIM.c **** * Copyright 2008-2015, Cypress Semiconductor Corporation.  All rights reserved.
  13:Generated_Source\PSoC4/SPIM.c **** * You may use this file only in accordance with the license, terms, conditions,
  14:Generated_Source\PSoC4/SPIM.c **** * disclaimers, and limitations in the end user license agreement accompanying
  15:Generated_Source\PSoC4/SPIM.c **** * the software package with which this file was provided.
  16:Generated_Source\PSoC4/SPIM.c **** *******************************************************************************/
  17:Generated_Source\PSoC4/SPIM.c **** 
  18:Generated_Source\PSoC4/SPIM.c **** #include "SPIM_PVT.h"
  19:Generated_Source\PSoC4/SPIM.c **** 
  20:Generated_Source\PSoC4/SPIM.c **** #if(SPIM_TX_SOFTWARE_BUF_ENABLED)
  21:Generated_Source\PSoC4/SPIM.c ****     volatile uint16 SPIM_txBuffer[SPIM_TX_BUFFER_SIZE];
  22:Generated_Source\PSoC4/SPIM.c ****     volatile uint8 SPIM_txBufferFull;
ARM GAS  C:\Users\Admin\AppData\Local\Temp\ccoDOIct.s 			page 2


  23:Generated_Source\PSoC4/SPIM.c ****     volatile uint8 SPIM_txBufferRead;
  24:Generated_Source\PSoC4/SPIM.c ****     volatile uint8 SPIM_txBufferWrite;
  25:Generated_Source\PSoC4/SPIM.c **** #endif /* (SPIM_TX_SOFTWARE_BUF_ENABLED) */
  26:Generated_Source\PSoC4/SPIM.c **** 
  27:Generated_Source\PSoC4/SPIM.c **** #if(SPIM_RX_SOFTWARE_BUF_ENABLED)
  28:Generated_Source\PSoC4/SPIM.c ****     volatile uint16 SPIM_rxBuffer[SPIM_RX_BUFFER_SIZE];
  29:Generated_Source\PSoC4/SPIM.c ****     volatile uint8 SPIM_rxBufferFull;
  30:Generated_Source\PSoC4/SPIM.c ****     volatile uint8 SPIM_rxBufferRead;
  31:Generated_Source\PSoC4/SPIM.c ****     volatile uint8 SPIM_rxBufferWrite;
  32:Generated_Source\PSoC4/SPIM.c **** #endif /* (SPIM_RX_SOFTWARE_BUF_ENABLED) */
  33:Generated_Source\PSoC4/SPIM.c **** 
  34:Generated_Source\PSoC4/SPIM.c **** uint8 SPIM_initVar = 0u;
  35:Generated_Source\PSoC4/SPIM.c **** 
  36:Generated_Source\PSoC4/SPIM.c **** volatile uint8 SPIM_swStatusTx;
  37:Generated_Source\PSoC4/SPIM.c **** volatile uint8 SPIM_swStatusRx;
  38:Generated_Source\PSoC4/SPIM.c **** 
  39:Generated_Source\PSoC4/SPIM.c **** 
  40:Generated_Source\PSoC4/SPIM.c **** /*******************************************************************************
  41:Generated_Source\PSoC4/SPIM.c **** * Function Name: SPIM_Init
  42:Generated_Source\PSoC4/SPIM.c **** ********************************************************************************
  43:Generated_Source\PSoC4/SPIM.c **** *
  44:Generated_Source\PSoC4/SPIM.c **** * Summary:
  45:Generated_Source\PSoC4/SPIM.c **** *  Inits/Restores default SPIM configuration provided with customizer.
  46:Generated_Source\PSoC4/SPIM.c **** *
  47:Generated_Source\PSoC4/SPIM.c **** * Parameters:
  48:Generated_Source\PSoC4/SPIM.c **** *  None.
  49:Generated_Source\PSoC4/SPIM.c **** *
  50:Generated_Source\PSoC4/SPIM.c **** * Return:
  51:Generated_Source\PSoC4/SPIM.c **** *  None.
  52:Generated_Source\PSoC4/SPIM.c **** *
  53:Generated_Source\PSoC4/SPIM.c **** * Side Effects:
  54:Generated_Source\PSoC4/SPIM.c **** *  When this function is called it initializes all of the necessary parameters
  55:Generated_Source\PSoC4/SPIM.c **** *  for execution. i.e. setting the initial interrupt mask, configuring the
  56:Generated_Source\PSoC4/SPIM.c **** *  interrupt service routine, configuring the bit-counter parameters and
  57:Generated_Source\PSoC4/SPIM.c **** *  clearing the FIFO and Status Register.
  58:Generated_Source\PSoC4/SPIM.c **** *
  59:Generated_Source\PSoC4/SPIM.c **** * Reentrant:
  60:Generated_Source\PSoC4/SPIM.c **** *  No.
  61:Generated_Source\PSoC4/SPIM.c **** *
  62:Generated_Source\PSoC4/SPIM.c **** *******************************************************************************/
  63:Generated_Source\PSoC4/SPIM.c **** void SPIM_Init(void) 
  64:Generated_Source\PSoC4/SPIM.c **** {
  36              		.loc 1 64 0
  37              		.cfi_startproc
  38              		@ args = 0, pretend = 0, frame = 0
  39              		@ frame_needed = 1, uses_anonymous_args = 0
  40 0000 80B5     		push	{r7, lr}
  41              		.cfi_def_cfa_offset 8
  42              		.cfi_offset 7, -8
  43              		.cfi_offset 14, -4
  44 0002 00AF     		add	r7, sp, #0
  45              		.cfi_def_cfa_register 7
  65:Generated_Source\PSoC4/SPIM.c ****     /* Initialize the Bit counter */
  66:Generated_Source\PSoC4/SPIM.c ****     SPIM_COUNTER_PERIOD_REG = SPIM_BITCTR_INIT;
  46              		.loc 1 66 0
  47 0004 084B     		ldr	r3, .L2
  48 0006 1F22     		movs	r2, #31
ARM GAS  C:\Users\Admin\AppData\Local\Temp\ccoDOIct.s 			page 3


  49 0008 1A70     		strb	r2, [r3]
  67:Generated_Source\PSoC4/SPIM.c **** 
  68:Generated_Source\PSoC4/SPIM.c ****     /* Init TX ISR  */
  69:Generated_Source\PSoC4/SPIM.c ****     #if(0u != SPIM_INTERNAL_TX_INT_ENABLED)
  70:Generated_Source\PSoC4/SPIM.c ****         CyIntDisable         (SPIM_TX_ISR_NUMBER);
  71:Generated_Source\PSoC4/SPIM.c ****         CyIntSetPriority     (SPIM_TX_ISR_NUMBER,  SPIM_TX_ISR_PRIORITY);
  72:Generated_Source\PSoC4/SPIM.c ****         (void) CyIntSetVector(SPIM_TX_ISR_NUMBER, &SPIM_TX_ISR);
  73:Generated_Source\PSoC4/SPIM.c ****     #endif /* (0u != SPIM_INTERNAL_TX_INT_ENABLED) */
  74:Generated_Source\PSoC4/SPIM.c **** 
  75:Generated_Source\PSoC4/SPIM.c ****     /* Init RX ISR  */
  76:Generated_Source\PSoC4/SPIM.c ****     #if(0u != SPIM_INTERNAL_RX_INT_ENABLED)
  77:Generated_Source\PSoC4/SPIM.c ****         CyIntDisable         (SPIM_RX_ISR_NUMBER);
  78:Generated_Source\PSoC4/SPIM.c ****         CyIntSetPriority     (SPIM_RX_ISR_NUMBER,  SPIM_RX_ISR_PRIORITY);
  79:Generated_Source\PSoC4/SPIM.c ****         (void) CyIntSetVector(SPIM_RX_ISR_NUMBER, &SPIM_RX_ISR);
  80:Generated_Source\PSoC4/SPIM.c ****     #endif /* (0u != SPIM_INTERNAL_RX_INT_ENABLED) */
  81:Generated_Source\PSoC4/SPIM.c **** 
  82:Generated_Source\PSoC4/SPIM.c ****     /* Clear any stray data from the RX and TX FIFO */
  83:Generated_Source\PSoC4/SPIM.c ****     SPIM_ClearFIFO();
  50              		.loc 1 83 0
  51 000a FFF7FEFF 		bl	SPIM_ClearFIFO
  84:Generated_Source\PSoC4/SPIM.c **** 
  85:Generated_Source\PSoC4/SPIM.c ****     #if(SPIM_RX_SOFTWARE_BUF_ENABLED)
  86:Generated_Source\PSoC4/SPIM.c ****         SPIM_rxBufferFull  = 0u;
  87:Generated_Source\PSoC4/SPIM.c ****         SPIM_rxBufferRead  = 0u;
  88:Generated_Source\PSoC4/SPIM.c ****         SPIM_rxBufferWrite = 0u;
  89:Generated_Source\PSoC4/SPIM.c ****     #endif /* (SPIM_RX_SOFTWARE_BUF_ENABLED) */
  90:Generated_Source\PSoC4/SPIM.c **** 
  91:Generated_Source\PSoC4/SPIM.c ****     #if(SPIM_TX_SOFTWARE_BUF_ENABLED)
  92:Generated_Source\PSoC4/SPIM.c ****         SPIM_txBufferFull  = 0u;
  93:Generated_Source\PSoC4/SPIM.c ****         SPIM_txBufferRead  = 0u;
  94:Generated_Source\PSoC4/SPIM.c ****         SPIM_txBufferWrite = 0u;
  95:Generated_Source\PSoC4/SPIM.c ****     #endif /* (SPIM_TX_SOFTWARE_BUF_ENABLED) */
  96:Generated_Source\PSoC4/SPIM.c **** 
  97:Generated_Source\PSoC4/SPIM.c ****     (void) SPIM_ReadTxStatus(); /* Clear Tx status and swStatusTx */
  52              		.loc 1 97 0
  53 000e FFF7FEFF 		bl	SPIM_ReadTxStatus
  98:Generated_Source\PSoC4/SPIM.c ****     (void) SPIM_ReadRxStatus(); /* Clear Rx status and swStatusRx */
  54              		.loc 1 98 0
  55 0012 FFF7FEFF 		bl	SPIM_ReadRxStatus
  99:Generated_Source\PSoC4/SPIM.c **** 
 100:Generated_Source\PSoC4/SPIM.c ****     /* Configure TX and RX interrupt mask */
 101:Generated_Source\PSoC4/SPIM.c ****     SPIM_TX_STATUS_MASK_REG = SPIM_TX_INIT_INTERRUPTS_MASK;
  56              		.loc 1 101 0
  57 0016 054B     		ldr	r3, .L2+4
  58 0018 0022     		movs	r2, #0
  59 001a 1A70     		strb	r2, [r3]
 102:Generated_Source\PSoC4/SPIM.c ****     SPIM_RX_STATUS_MASK_REG = SPIM_RX_INIT_INTERRUPTS_MASK;
  60              		.loc 1 102 0
  61 001c 044B     		ldr	r3, .L2+8
  62 001e 0022     		movs	r2, #0
  63 0020 1A70     		strb	r2, [r3]
 103:Generated_Source\PSoC4/SPIM.c **** }
  64              		.loc 1 103 0
  65 0022 C046     		nop
  66 0024 BD46     		mov	sp, r7
  67              		@ sp needed
  68 0026 80BD     		pop	{r7, pc}
ARM GAS  C:\Users\Admin\AppData\Local\Temp\ccoDOIct.s 			page 4


  69              	.L3:
  70              		.align	2
  71              	.L2:
  72 0028 81000F40 		.word	1074724993
  73 002c 82000F40 		.word	1074724994
  74 0030 80000F40 		.word	1074724992
  75              		.cfi_endproc
  76              	.LFE2:
  77              		.size	SPIM_Init, .-SPIM_Init
  78              		.section	.text.SPIM_Enable,"ax",%progbits
  79              		.align	2
  80              		.global	SPIM_Enable
  81              		.code	16
  82              		.thumb_func
  83              		.type	SPIM_Enable, %function
  84              	SPIM_Enable:
  85              	.LFB3:
 104:Generated_Source\PSoC4/SPIM.c **** 
 105:Generated_Source\PSoC4/SPIM.c **** 
 106:Generated_Source\PSoC4/SPIM.c **** /*******************************************************************************
 107:Generated_Source\PSoC4/SPIM.c **** * Function Name: SPIM_Enable
 108:Generated_Source\PSoC4/SPIM.c **** ********************************************************************************
 109:Generated_Source\PSoC4/SPIM.c **** *
 110:Generated_Source\PSoC4/SPIM.c **** * Summary:
 111:Generated_Source\PSoC4/SPIM.c **** *  Enable SPIM component.
 112:Generated_Source\PSoC4/SPIM.c **** *
 113:Generated_Source\PSoC4/SPIM.c **** * Parameters:
 114:Generated_Source\PSoC4/SPIM.c **** *  None.
 115:Generated_Source\PSoC4/SPIM.c **** *
 116:Generated_Source\PSoC4/SPIM.c **** * Return:
 117:Generated_Source\PSoC4/SPIM.c **** *  None.
 118:Generated_Source\PSoC4/SPIM.c **** *
 119:Generated_Source\PSoC4/SPIM.c **** *******************************************************************************/
 120:Generated_Source\PSoC4/SPIM.c **** void SPIM_Enable(void) 
 121:Generated_Source\PSoC4/SPIM.c **** {
  86              		.loc 1 121 0
  87              		.cfi_startproc
  88              		@ args = 0, pretend = 0, frame = 8
  89              		@ frame_needed = 1, uses_anonymous_args = 0
  90 0000 90B5     		push	{r4, r7, lr}
  91              		.cfi_def_cfa_offset 12
  92              		.cfi_offset 4, -12
  93              		.cfi_offset 7, -8
  94              		.cfi_offset 14, -4
  95 0002 83B0     		sub	sp, sp, #12
  96              		.cfi_def_cfa_offset 24
  97 0004 00AF     		add	r7, sp, #0
  98              		.cfi_def_cfa_register 7
 122:Generated_Source\PSoC4/SPIM.c ****     uint8 enableInterrupts;
 123:Generated_Source\PSoC4/SPIM.c **** 
 124:Generated_Source\PSoC4/SPIM.c ****     enableInterrupts = CyEnterCriticalSection();
  99              		.loc 1 124 0
 100 0006 FC1D     		adds	r4, r7, #7
 101 0008 FFF7FEFF 		bl	CyEnterCriticalSection
 102 000c 0300     		movs	r3, r0
 103 000e 2370     		strb	r3, [r4]
 125:Generated_Source\PSoC4/SPIM.c ****     SPIM_COUNTER_CONTROL_REG |= SPIM_CNTR_ENABLE;
ARM GAS  C:\Users\Admin\AppData\Local\Temp\ccoDOIct.s 			page 5


 104              		.loc 1 125 0
 105 0010 134A     		ldr	r2, .L5
 106 0012 134B     		ldr	r3, .L5
 107 0014 1B78     		ldrb	r3, [r3]
 108 0016 DBB2     		uxtb	r3, r3
 109 0018 2021     		movs	r1, #32
 110 001a 0B43     		orrs	r3, r1
 111 001c DBB2     		uxtb	r3, r3
 112 001e 1370     		strb	r3, [r2]
 126:Generated_Source\PSoC4/SPIM.c ****     SPIM_TX_STATUS_ACTL_REG  |= SPIM_INT_ENABLE;
 113              		.loc 1 126 0
 114 0020 104A     		ldr	r2, .L5+4
 115 0022 104B     		ldr	r3, .L5+4
 116 0024 1B78     		ldrb	r3, [r3]
 117 0026 DBB2     		uxtb	r3, r3
 118 0028 1021     		movs	r1, #16
 119 002a 0B43     		orrs	r3, r1
 120 002c DBB2     		uxtb	r3, r3
 121 002e 1370     		strb	r3, [r2]
 127:Generated_Source\PSoC4/SPIM.c ****     SPIM_RX_STATUS_ACTL_REG  |= SPIM_INT_ENABLE;
 122              		.loc 1 127 0
 123 0030 0D4A     		ldr	r2, .L5+8
 124 0032 0D4B     		ldr	r3, .L5+8
 125 0034 1B78     		ldrb	r3, [r3]
 126 0036 DBB2     		uxtb	r3, r3
 127 0038 1021     		movs	r1, #16
 128 003a 0B43     		orrs	r3, r1
 129 003c DBB2     		uxtb	r3, r3
 130 003e 1370     		strb	r3, [r2]
 128:Generated_Source\PSoC4/SPIM.c ****     CyExitCriticalSection(enableInterrupts);
 131              		.loc 1 128 0
 132 0040 FB1D     		adds	r3, r7, #7
 133 0042 1B78     		ldrb	r3, [r3]
 134 0044 1800     		movs	r0, r3
 135 0046 FFF7FEFF 		bl	CyExitCriticalSection
 129:Generated_Source\PSoC4/SPIM.c **** 
 130:Generated_Source\PSoC4/SPIM.c ****     #if(0u != SPIM_INTERNAL_CLOCK)
 131:Generated_Source\PSoC4/SPIM.c ****         SPIM_IntClock_Enable();
 136              		.loc 1 131 0
 137 004a FF20     		movs	r0, #255
 138 004c FFF7FEFF 		bl	SPIM_IntClock_StartEx
 132:Generated_Source\PSoC4/SPIM.c ****     #endif /* (0u != SPIM_INTERNAL_CLOCK) */
 133:Generated_Source\PSoC4/SPIM.c **** 
 134:Generated_Source\PSoC4/SPIM.c ****     SPIM_EnableTxInt();
 139              		.loc 1 134 0
 140 0050 FFF7FEFF 		bl	SPIM_EnableTxInt
 135:Generated_Source\PSoC4/SPIM.c ****     SPIM_EnableRxInt();
 141              		.loc 1 135 0
 142 0054 FFF7FEFF 		bl	SPIM_EnableRxInt
 136:Generated_Source\PSoC4/SPIM.c **** }
 143              		.loc 1 136 0
 144 0058 C046     		nop
 145 005a BD46     		mov	sp, r7
 146 005c 03B0     		add	sp, sp, #12
 147              		@ sp needed
 148 005e 90BD     		pop	{r4, r7, pc}
 149              	.L6:
ARM GAS  C:\Users\Admin\AppData\Local\Temp\ccoDOIct.s 			page 6


 150              		.align	2
 151              	.L5:
 152 0060 91000F40 		.word	1074725009
 153 0064 92000F40 		.word	1074725010
 154 0068 90000F40 		.word	1074725008
 155              		.cfi_endproc
 156              	.LFE3:
 157              		.size	SPIM_Enable, .-SPIM_Enable
 158              		.section	.text.SPIM_Start,"ax",%progbits
 159              		.align	2
 160              		.global	SPIM_Start
 161              		.code	16
 162              		.thumb_func
 163              		.type	SPIM_Start, %function
 164              	SPIM_Start:
 165              	.LFB4:
 137:Generated_Source\PSoC4/SPIM.c **** 
 138:Generated_Source\PSoC4/SPIM.c **** 
 139:Generated_Source\PSoC4/SPIM.c **** /*******************************************************************************
 140:Generated_Source\PSoC4/SPIM.c **** * Function Name: SPIM_Start
 141:Generated_Source\PSoC4/SPIM.c **** ********************************************************************************
 142:Generated_Source\PSoC4/SPIM.c **** *
 143:Generated_Source\PSoC4/SPIM.c **** * Summary:
 144:Generated_Source\PSoC4/SPIM.c **** *  Initialize and Enable the SPI Master component.
 145:Generated_Source\PSoC4/SPIM.c **** *
 146:Generated_Source\PSoC4/SPIM.c **** * Parameters:
 147:Generated_Source\PSoC4/SPIM.c **** *  None.
 148:Generated_Source\PSoC4/SPIM.c **** *
 149:Generated_Source\PSoC4/SPIM.c **** * Return:
 150:Generated_Source\PSoC4/SPIM.c **** *  None.
 151:Generated_Source\PSoC4/SPIM.c **** *
 152:Generated_Source\PSoC4/SPIM.c **** * Global variables:
 153:Generated_Source\PSoC4/SPIM.c **** *  SPIM_initVar - used to check initial configuration, modified on
 154:Generated_Source\PSoC4/SPIM.c **** *  first function call.
 155:Generated_Source\PSoC4/SPIM.c **** *
 156:Generated_Source\PSoC4/SPIM.c **** * Theory:
 157:Generated_Source\PSoC4/SPIM.c **** *  Enable the clock input to enable operation.
 158:Generated_Source\PSoC4/SPIM.c **** *
 159:Generated_Source\PSoC4/SPIM.c **** * Reentrant:
 160:Generated_Source\PSoC4/SPIM.c **** *  No.
 161:Generated_Source\PSoC4/SPIM.c **** *
 162:Generated_Source\PSoC4/SPIM.c **** *******************************************************************************/
 163:Generated_Source\PSoC4/SPIM.c **** void SPIM_Start(void) 
 164:Generated_Source\PSoC4/SPIM.c **** {
 166              		.loc 1 164 0
 167              		.cfi_startproc
 168              		@ args = 0, pretend = 0, frame = 0
 169              		@ frame_needed = 1, uses_anonymous_args = 0
 170 0000 80B5     		push	{r7, lr}
 171              		.cfi_def_cfa_offset 8
 172              		.cfi_offset 7, -8
 173              		.cfi_offset 14, -4
 174 0002 00AF     		add	r7, sp, #0
 175              		.cfi_def_cfa_register 7
 165:Generated_Source\PSoC4/SPIM.c ****     if(0u == SPIM_initVar)
 176              		.loc 1 165 0
 177 0004 064B     		ldr	r3, .L9
ARM GAS  C:\Users\Admin\AppData\Local\Temp\ccoDOIct.s 			page 7


 178 0006 1B78     		ldrb	r3, [r3]
 179 0008 002B     		cmp	r3, #0
 180 000a 04D1     		bne	.L8
 166:Generated_Source\PSoC4/SPIM.c ****     {
 167:Generated_Source\PSoC4/SPIM.c ****         SPIM_Init();
 181              		.loc 1 167 0
 182 000c FFF7FEFF 		bl	SPIM_Init
 168:Generated_Source\PSoC4/SPIM.c ****         SPIM_initVar = 1u;
 183              		.loc 1 168 0
 184 0010 034B     		ldr	r3, .L9
 185 0012 0122     		movs	r2, #1
 186 0014 1A70     		strb	r2, [r3]
 187              	.L8:
 169:Generated_Source\PSoC4/SPIM.c ****     }
 170:Generated_Source\PSoC4/SPIM.c **** 
 171:Generated_Source\PSoC4/SPIM.c ****     SPIM_Enable();
 188              		.loc 1 171 0
 189 0016 FFF7FEFF 		bl	SPIM_Enable
 172:Generated_Source\PSoC4/SPIM.c **** }
 190              		.loc 1 172 0
 191 001a C046     		nop
 192 001c BD46     		mov	sp, r7
 193              		@ sp needed
 194 001e 80BD     		pop	{r7, pc}
 195              	.L10:
 196              		.align	2
 197              	.L9:
 198 0020 00000000 		.word	SPIM_initVar
 199              		.cfi_endproc
 200              	.LFE4:
 201              		.size	SPIM_Start, .-SPIM_Start
 202              		.section	.text.SPIM_Stop,"ax",%progbits
 203              		.align	2
 204              		.global	SPIM_Stop
 205              		.code	16
 206              		.thumb_func
 207              		.type	SPIM_Stop, %function
 208              	SPIM_Stop:
 209              	.LFB5:
 173:Generated_Source\PSoC4/SPIM.c **** 
 174:Generated_Source\PSoC4/SPIM.c **** 
 175:Generated_Source\PSoC4/SPIM.c **** /*******************************************************************************
 176:Generated_Source\PSoC4/SPIM.c **** * Function Name: SPIM_Stop
 177:Generated_Source\PSoC4/SPIM.c **** ********************************************************************************
 178:Generated_Source\PSoC4/SPIM.c **** *
 179:Generated_Source\PSoC4/SPIM.c **** * Summary:
 180:Generated_Source\PSoC4/SPIM.c **** *  Disable the SPI Master component.
 181:Generated_Source\PSoC4/SPIM.c **** *
 182:Generated_Source\PSoC4/SPIM.c **** * Parameters:
 183:Generated_Source\PSoC4/SPIM.c **** *  None.
 184:Generated_Source\PSoC4/SPIM.c **** *
 185:Generated_Source\PSoC4/SPIM.c **** * Return:
 186:Generated_Source\PSoC4/SPIM.c **** *  None.
 187:Generated_Source\PSoC4/SPIM.c **** *
 188:Generated_Source\PSoC4/SPIM.c **** * Theory:
 189:Generated_Source\PSoC4/SPIM.c **** *  Disable the clock input to enable operation.
 190:Generated_Source\PSoC4/SPIM.c **** *
ARM GAS  C:\Users\Admin\AppData\Local\Temp\ccoDOIct.s 			page 8


 191:Generated_Source\PSoC4/SPIM.c **** *******************************************************************************/
 192:Generated_Source\PSoC4/SPIM.c **** void SPIM_Stop(void) 
 193:Generated_Source\PSoC4/SPIM.c **** {
 210              		.loc 1 193 0
 211              		.cfi_startproc
 212              		@ args = 0, pretend = 0, frame = 8
 213              		@ frame_needed = 1, uses_anonymous_args = 0
 214 0000 90B5     		push	{r4, r7, lr}
 215              		.cfi_def_cfa_offset 12
 216              		.cfi_offset 4, -12
 217              		.cfi_offset 7, -8
 218              		.cfi_offset 14, -4
 219 0002 83B0     		sub	sp, sp, #12
 220              		.cfi_def_cfa_offset 24
 221 0004 00AF     		add	r7, sp, #0
 222              		.cfi_def_cfa_register 7
 194:Generated_Source\PSoC4/SPIM.c ****     uint8 enableInterrupts;
 195:Generated_Source\PSoC4/SPIM.c **** 
 196:Generated_Source\PSoC4/SPIM.c ****     enableInterrupts = CyEnterCriticalSection();
 223              		.loc 1 196 0
 224 0006 FC1D     		adds	r4, r7, #7
 225 0008 FFF7FEFF 		bl	CyEnterCriticalSection
 226 000c 0300     		movs	r3, r0
 227 000e 2370     		strb	r3, [r4]
 197:Generated_Source\PSoC4/SPIM.c ****     SPIM_TX_STATUS_ACTL_REG &= ((uint8) ~SPIM_INT_ENABLE);
 228              		.loc 1 197 0
 229 0010 0F4A     		ldr	r2, .L12
 230 0012 0F4B     		ldr	r3, .L12
 231 0014 1B78     		ldrb	r3, [r3]
 232 0016 DBB2     		uxtb	r3, r3
 233 0018 1021     		movs	r1, #16
 234 001a 8B43     		bics	r3, r1
 235 001c DBB2     		uxtb	r3, r3
 236 001e 1370     		strb	r3, [r2]
 198:Generated_Source\PSoC4/SPIM.c ****     SPIM_RX_STATUS_ACTL_REG &= ((uint8) ~SPIM_INT_ENABLE);
 237              		.loc 1 198 0
 238 0020 0C4A     		ldr	r2, .L12+4
 239 0022 0C4B     		ldr	r3, .L12+4
 240 0024 1B78     		ldrb	r3, [r3]
 241 0026 DBB2     		uxtb	r3, r3
 242 0028 1021     		movs	r1, #16
 243 002a 8B43     		bics	r3, r1
 244 002c DBB2     		uxtb	r3, r3
 245 002e 1370     		strb	r3, [r2]
 199:Generated_Source\PSoC4/SPIM.c ****     CyExitCriticalSection(enableInterrupts);
 246              		.loc 1 199 0
 247 0030 FB1D     		adds	r3, r7, #7
 248 0032 1B78     		ldrb	r3, [r3]
 249 0034 1800     		movs	r0, r3
 250 0036 FFF7FEFF 		bl	CyExitCriticalSection
 200:Generated_Source\PSoC4/SPIM.c **** 
 201:Generated_Source\PSoC4/SPIM.c ****     #if(0u != SPIM_INTERNAL_CLOCK)
 202:Generated_Source\PSoC4/SPIM.c ****         SPIM_IntClock_Disable();
 251              		.loc 1 202 0
 252 003a FFF7FEFF 		bl	SPIM_IntClock_Stop
 203:Generated_Source\PSoC4/SPIM.c ****     #endif /* (0u != SPIM_INTERNAL_CLOCK) */
 204:Generated_Source\PSoC4/SPIM.c **** 
ARM GAS  C:\Users\Admin\AppData\Local\Temp\ccoDOIct.s 			page 9


 205:Generated_Source\PSoC4/SPIM.c ****     SPIM_DisableTxInt();
 253              		.loc 1 205 0
 254 003e FFF7FEFF 		bl	SPIM_DisableTxInt
 206:Generated_Source\PSoC4/SPIM.c ****     SPIM_DisableRxInt();
 255              		.loc 1 206 0
 256 0042 FFF7FEFF 		bl	SPIM_DisableRxInt
 207:Generated_Source\PSoC4/SPIM.c **** }
 257              		.loc 1 207 0
 258 0046 C046     		nop
 259 0048 BD46     		mov	sp, r7
 260 004a 03B0     		add	sp, sp, #12
 261              		@ sp needed
 262 004c 90BD     		pop	{r4, r7, pc}
 263              	.L13:
 264 004e C046     		.align	2
 265              	.L12:
 266 0050 92000F40 		.word	1074725010
 267 0054 90000F40 		.word	1074725008
 268              		.cfi_endproc
 269              	.LFE5:
 270              		.size	SPIM_Stop, .-SPIM_Stop
 271              		.section	.text.SPIM_EnableTxInt,"ax",%progbits
 272              		.align	2
 273              		.global	SPIM_EnableTxInt
 274              		.code	16
 275              		.thumb_func
 276              		.type	SPIM_EnableTxInt, %function
 277              	SPIM_EnableTxInt:
 278              	.LFB6:
 208:Generated_Source\PSoC4/SPIM.c **** 
 209:Generated_Source\PSoC4/SPIM.c **** 
 210:Generated_Source\PSoC4/SPIM.c **** /*******************************************************************************
 211:Generated_Source\PSoC4/SPIM.c **** * Function Name: SPIM_EnableTxInt
 212:Generated_Source\PSoC4/SPIM.c **** ********************************************************************************
 213:Generated_Source\PSoC4/SPIM.c **** *
 214:Generated_Source\PSoC4/SPIM.c **** * Summary:
 215:Generated_Source\PSoC4/SPIM.c **** *  Enable internal Tx interrupt generation.
 216:Generated_Source\PSoC4/SPIM.c **** *
 217:Generated_Source\PSoC4/SPIM.c **** * Parameters:
 218:Generated_Source\PSoC4/SPIM.c **** *  None.
 219:Generated_Source\PSoC4/SPIM.c **** *
 220:Generated_Source\PSoC4/SPIM.c **** * Return:
 221:Generated_Source\PSoC4/SPIM.c **** *  None.
 222:Generated_Source\PSoC4/SPIM.c **** *
 223:Generated_Source\PSoC4/SPIM.c **** * Theory:
 224:Generated_Source\PSoC4/SPIM.c **** *  Enable the internal Tx interrupt output -or- the interrupt component itself.
 225:Generated_Source\PSoC4/SPIM.c **** *
 226:Generated_Source\PSoC4/SPIM.c **** *******************************************************************************/
 227:Generated_Source\PSoC4/SPIM.c **** void SPIM_EnableTxInt(void) 
 228:Generated_Source\PSoC4/SPIM.c **** {
 279              		.loc 1 228 0
 280              		.cfi_startproc
 281              		@ args = 0, pretend = 0, frame = 0
 282              		@ frame_needed = 1, uses_anonymous_args = 0
 283 0000 80B5     		push	{r7, lr}
 284              		.cfi_def_cfa_offset 8
 285              		.cfi_offset 7, -8
ARM GAS  C:\Users\Admin\AppData\Local\Temp\ccoDOIct.s 			page 10


 286              		.cfi_offset 14, -4
 287 0002 00AF     		add	r7, sp, #0
 288              		.cfi_def_cfa_register 7
 229:Generated_Source\PSoC4/SPIM.c ****     #if(0u != SPIM_INTERNAL_TX_INT_ENABLED)
 230:Generated_Source\PSoC4/SPIM.c ****         CyIntEnable(SPIM_TX_ISR_NUMBER);
 231:Generated_Source\PSoC4/SPIM.c ****     #endif /* (0u != SPIM_INTERNAL_TX_INT_ENABLED) */
 232:Generated_Source\PSoC4/SPIM.c **** }
 289              		.loc 1 232 0
 290 0004 C046     		nop
 291 0006 BD46     		mov	sp, r7
 292              		@ sp needed
 293 0008 80BD     		pop	{r7, pc}
 294              		.cfi_endproc
 295              	.LFE6:
 296              		.size	SPIM_EnableTxInt, .-SPIM_EnableTxInt
 297              		.section	.text.SPIM_EnableRxInt,"ax",%progbits
 298              		.align	2
 299              		.global	SPIM_EnableRxInt
 300              		.code	16
 301              		.thumb_func
 302              		.type	SPIM_EnableRxInt, %function
 303              	SPIM_EnableRxInt:
 304              	.LFB7:
 233:Generated_Source\PSoC4/SPIM.c **** 
 234:Generated_Source\PSoC4/SPIM.c **** 
 235:Generated_Source\PSoC4/SPIM.c **** /*******************************************************************************
 236:Generated_Source\PSoC4/SPIM.c **** * Function Name: SPIM_EnableRxInt
 237:Generated_Source\PSoC4/SPIM.c **** ********************************************************************************
 238:Generated_Source\PSoC4/SPIM.c **** *
 239:Generated_Source\PSoC4/SPIM.c **** * Summary:
 240:Generated_Source\PSoC4/SPIM.c **** *  Enable internal Rx interrupt generation.
 241:Generated_Source\PSoC4/SPIM.c **** *
 242:Generated_Source\PSoC4/SPIM.c **** * Parameters:
 243:Generated_Source\PSoC4/SPIM.c **** *  None.
 244:Generated_Source\PSoC4/SPIM.c **** *
 245:Generated_Source\PSoC4/SPIM.c **** * Return:
 246:Generated_Source\PSoC4/SPIM.c **** *  None.
 247:Generated_Source\PSoC4/SPIM.c **** *
 248:Generated_Source\PSoC4/SPIM.c **** * Theory:
 249:Generated_Source\PSoC4/SPIM.c **** *  Enable the internal Rx interrupt output -or- the interrupt component itself.
 250:Generated_Source\PSoC4/SPIM.c **** *
 251:Generated_Source\PSoC4/SPIM.c **** *******************************************************************************/
 252:Generated_Source\PSoC4/SPIM.c **** void SPIM_EnableRxInt(void) 
 253:Generated_Source\PSoC4/SPIM.c **** {
 305              		.loc 1 253 0
 306              		.cfi_startproc
 307              		@ args = 0, pretend = 0, frame = 0
 308              		@ frame_needed = 1, uses_anonymous_args = 0
 309 0000 80B5     		push	{r7, lr}
 310              		.cfi_def_cfa_offset 8
 311              		.cfi_offset 7, -8
 312              		.cfi_offset 14, -4
 313 0002 00AF     		add	r7, sp, #0
 314              		.cfi_def_cfa_register 7
 254:Generated_Source\PSoC4/SPIM.c ****     #if(0u != SPIM_INTERNAL_RX_INT_ENABLED)
 255:Generated_Source\PSoC4/SPIM.c ****         CyIntEnable(SPIM_RX_ISR_NUMBER);
 256:Generated_Source\PSoC4/SPIM.c ****     #endif /* (0u != SPIM_INTERNAL_RX_INT_ENABLED) */
ARM GAS  C:\Users\Admin\AppData\Local\Temp\ccoDOIct.s 			page 11


 257:Generated_Source\PSoC4/SPIM.c **** }
 315              		.loc 1 257 0
 316 0004 C046     		nop
 317 0006 BD46     		mov	sp, r7
 318              		@ sp needed
 319 0008 80BD     		pop	{r7, pc}
 320              		.cfi_endproc
 321              	.LFE7:
 322              		.size	SPIM_EnableRxInt, .-SPIM_EnableRxInt
 323              		.section	.text.SPIM_DisableTxInt,"ax",%progbits
 324              		.align	2
 325              		.global	SPIM_DisableTxInt
 326              		.code	16
 327              		.thumb_func
 328              		.type	SPIM_DisableTxInt, %function
 329              	SPIM_DisableTxInt:
 330              	.LFB8:
 258:Generated_Source\PSoC4/SPIM.c **** 
 259:Generated_Source\PSoC4/SPIM.c **** 
 260:Generated_Source\PSoC4/SPIM.c **** /*******************************************************************************
 261:Generated_Source\PSoC4/SPIM.c **** * Function Name: SPIM_DisableTxInt
 262:Generated_Source\PSoC4/SPIM.c **** ********************************************************************************
 263:Generated_Source\PSoC4/SPIM.c **** *
 264:Generated_Source\PSoC4/SPIM.c **** * Summary:
 265:Generated_Source\PSoC4/SPIM.c **** *  Disable internal Tx interrupt generation.
 266:Generated_Source\PSoC4/SPIM.c **** *
 267:Generated_Source\PSoC4/SPIM.c **** * Parameters:
 268:Generated_Source\PSoC4/SPIM.c **** *  None.
 269:Generated_Source\PSoC4/SPIM.c **** *
 270:Generated_Source\PSoC4/SPIM.c **** * Return:
 271:Generated_Source\PSoC4/SPIM.c **** *  None.
 272:Generated_Source\PSoC4/SPIM.c **** *
 273:Generated_Source\PSoC4/SPIM.c **** * Theory:
 274:Generated_Source\PSoC4/SPIM.c **** *  Disable the internal Tx interrupt output -or- the interrupt component itself.
 275:Generated_Source\PSoC4/SPIM.c **** *
 276:Generated_Source\PSoC4/SPIM.c **** *******************************************************************************/
 277:Generated_Source\PSoC4/SPIM.c **** void SPIM_DisableTxInt(void) 
 278:Generated_Source\PSoC4/SPIM.c **** {
 331              		.loc 1 278 0
 332              		.cfi_startproc
 333              		@ args = 0, pretend = 0, frame = 0
 334              		@ frame_needed = 1, uses_anonymous_args = 0
 335 0000 80B5     		push	{r7, lr}
 336              		.cfi_def_cfa_offset 8
 337              		.cfi_offset 7, -8
 338              		.cfi_offset 14, -4
 339 0002 00AF     		add	r7, sp, #0
 340              		.cfi_def_cfa_register 7
 279:Generated_Source\PSoC4/SPIM.c ****     #if(0u != SPIM_INTERNAL_TX_INT_ENABLED)
 280:Generated_Source\PSoC4/SPIM.c ****         CyIntDisable(SPIM_TX_ISR_NUMBER);
 281:Generated_Source\PSoC4/SPIM.c ****     #endif /* (0u != SPIM_INTERNAL_TX_INT_ENABLED) */
 282:Generated_Source\PSoC4/SPIM.c **** }
 341              		.loc 1 282 0
 342 0004 C046     		nop
 343 0006 BD46     		mov	sp, r7
 344              		@ sp needed
 345 0008 80BD     		pop	{r7, pc}
ARM GAS  C:\Users\Admin\AppData\Local\Temp\ccoDOIct.s 			page 12


 346              		.cfi_endproc
 347              	.LFE8:
 348              		.size	SPIM_DisableTxInt, .-SPIM_DisableTxInt
 349              		.section	.text.SPIM_DisableRxInt,"ax",%progbits
 350              		.align	2
 351              		.global	SPIM_DisableRxInt
 352              		.code	16
 353              		.thumb_func
 354              		.type	SPIM_DisableRxInt, %function
 355              	SPIM_DisableRxInt:
 356              	.LFB9:
 283:Generated_Source\PSoC4/SPIM.c **** 
 284:Generated_Source\PSoC4/SPIM.c **** 
 285:Generated_Source\PSoC4/SPIM.c **** /*******************************************************************************
 286:Generated_Source\PSoC4/SPIM.c **** * Function Name: SPIM_DisableRxInt
 287:Generated_Source\PSoC4/SPIM.c **** ********************************************************************************
 288:Generated_Source\PSoC4/SPIM.c **** *
 289:Generated_Source\PSoC4/SPIM.c **** * Summary:
 290:Generated_Source\PSoC4/SPIM.c **** *  Disable internal Rx interrupt generation.
 291:Generated_Source\PSoC4/SPIM.c **** *
 292:Generated_Source\PSoC4/SPIM.c **** * Parameters:
 293:Generated_Source\PSoC4/SPIM.c **** *  None.
 294:Generated_Source\PSoC4/SPIM.c **** *
 295:Generated_Source\PSoC4/SPIM.c **** * Return:
 296:Generated_Source\PSoC4/SPIM.c **** *  None.
 297:Generated_Source\PSoC4/SPIM.c **** *
 298:Generated_Source\PSoC4/SPIM.c **** * Theory:
 299:Generated_Source\PSoC4/SPIM.c **** *  Disable the internal Rx interrupt output -or- the interrupt component itself.
 300:Generated_Source\PSoC4/SPIM.c **** *
 301:Generated_Source\PSoC4/SPIM.c **** *******************************************************************************/
 302:Generated_Source\PSoC4/SPIM.c **** void SPIM_DisableRxInt(void) 
 303:Generated_Source\PSoC4/SPIM.c **** {
 357              		.loc 1 303 0
 358              		.cfi_startproc
 359              		@ args = 0, pretend = 0, frame = 0
 360              		@ frame_needed = 1, uses_anonymous_args = 0
 361 0000 80B5     		push	{r7, lr}
 362              		.cfi_def_cfa_offset 8
 363              		.cfi_offset 7, -8
 364              		.cfi_offset 14, -4
 365 0002 00AF     		add	r7, sp, #0
 366              		.cfi_def_cfa_register 7
 304:Generated_Source\PSoC4/SPIM.c ****     #if(0u != SPIM_INTERNAL_RX_INT_ENABLED)
 305:Generated_Source\PSoC4/SPIM.c ****         CyIntDisable(SPIM_RX_ISR_NUMBER);
 306:Generated_Source\PSoC4/SPIM.c ****     #endif /* (0u != SPIM_INTERNAL_RX_INT_ENABLED) */
 307:Generated_Source\PSoC4/SPIM.c **** }
 367              		.loc 1 307 0
 368 0004 C046     		nop
 369 0006 BD46     		mov	sp, r7
 370              		@ sp needed
 371 0008 80BD     		pop	{r7, pc}
 372              		.cfi_endproc
 373              	.LFE9:
 374              		.size	SPIM_DisableRxInt, .-SPIM_DisableRxInt
 375              		.section	.text.SPIM_SetTxInterruptMode,"ax",%progbits
 376              		.align	2
 377              		.global	SPIM_SetTxInterruptMode
ARM GAS  C:\Users\Admin\AppData\Local\Temp\ccoDOIct.s 			page 13


 378              		.code	16
 379              		.thumb_func
 380              		.type	SPIM_SetTxInterruptMode, %function
 381              	SPIM_SetTxInterruptMode:
 382              	.LFB10:
 308:Generated_Source\PSoC4/SPIM.c **** 
 309:Generated_Source\PSoC4/SPIM.c **** 
 310:Generated_Source\PSoC4/SPIM.c **** /*******************************************************************************
 311:Generated_Source\PSoC4/SPIM.c **** * Function Name: SPIM_SetTxInterruptMode
 312:Generated_Source\PSoC4/SPIM.c **** ********************************************************************************
 313:Generated_Source\PSoC4/SPIM.c **** *
 314:Generated_Source\PSoC4/SPIM.c **** * Summary:
 315:Generated_Source\PSoC4/SPIM.c **** *  Configure which status bits trigger an interrupt event.
 316:Generated_Source\PSoC4/SPIM.c **** *
 317:Generated_Source\PSoC4/SPIM.c **** * Parameters:
 318:Generated_Source\PSoC4/SPIM.c **** *  intSrc: An or'd combination of the desired status bit masks (defined in the
 319:Generated_Source\PSoC4/SPIM.c **** *  header file).
 320:Generated_Source\PSoC4/SPIM.c **** *
 321:Generated_Source\PSoC4/SPIM.c **** * Return:
 322:Generated_Source\PSoC4/SPIM.c **** *  None.
 323:Generated_Source\PSoC4/SPIM.c **** *
 324:Generated_Source\PSoC4/SPIM.c **** * Theory:
 325:Generated_Source\PSoC4/SPIM.c **** *  Enables the output of specific status bits to the interrupt controller.
 326:Generated_Source\PSoC4/SPIM.c **** *
 327:Generated_Source\PSoC4/SPIM.c **** *******************************************************************************/
 328:Generated_Source\PSoC4/SPIM.c **** void SPIM_SetTxInterruptMode(uint8 intSrc) 
 329:Generated_Source\PSoC4/SPIM.c **** {
 383              		.loc 1 329 0
 384              		.cfi_startproc
 385              		@ args = 0, pretend = 0, frame = 8
 386              		@ frame_needed = 1, uses_anonymous_args = 0
 387 0000 80B5     		push	{r7, lr}
 388              		.cfi_def_cfa_offset 8
 389              		.cfi_offset 7, -8
 390              		.cfi_offset 14, -4
 391 0002 82B0     		sub	sp, sp, #8
 392              		.cfi_def_cfa_offset 16
 393 0004 00AF     		add	r7, sp, #0
 394              		.cfi_def_cfa_register 7
 395 0006 0200     		movs	r2, r0
 396 0008 FB1D     		adds	r3, r7, #7
 397 000a 1A70     		strb	r2, [r3]
 330:Generated_Source\PSoC4/SPIM.c ****     SPIM_TX_STATUS_MASK_REG = intSrc;
 398              		.loc 1 330 0
 399 000c 034A     		ldr	r2, .L19
 400 000e FB1D     		adds	r3, r7, #7
 401 0010 1B78     		ldrb	r3, [r3]
 402 0012 1370     		strb	r3, [r2]
 331:Generated_Source\PSoC4/SPIM.c **** }
 403              		.loc 1 331 0
 404 0014 C046     		nop
 405 0016 BD46     		mov	sp, r7
 406 0018 02B0     		add	sp, sp, #8
 407              		@ sp needed
 408 001a 80BD     		pop	{r7, pc}
 409              	.L20:
 410              		.align	2
ARM GAS  C:\Users\Admin\AppData\Local\Temp\ccoDOIct.s 			page 14


 411              	.L19:
 412 001c 82000F40 		.word	1074724994
 413              		.cfi_endproc
 414              	.LFE10:
 415              		.size	SPIM_SetTxInterruptMode, .-SPIM_SetTxInterruptMode
 416              		.section	.text.SPIM_SetRxInterruptMode,"ax",%progbits
 417              		.align	2
 418              		.global	SPIM_SetRxInterruptMode
 419              		.code	16
 420              		.thumb_func
 421              		.type	SPIM_SetRxInterruptMode, %function
 422              	SPIM_SetRxInterruptMode:
 423              	.LFB11:
 332:Generated_Source\PSoC4/SPIM.c **** 
 333:Generated_Source\PSoC4/SPIM.c **** 
 334:Generated_Source\PSoC4/SPIM.c **** /*******************************************************************************
 335:Generated_Source\PSoC4/SPIM.c **** * Function Name: SPIM_SetRxInterruptMode
 336:Generated_Source\PSoC4/SPIM.c **** ********************************************************************************
 337:Generated_Source\PSoC4/SPIM.c **** *
 338:Generated_Source\PSoC4/SPIM.c **** * Summary:
 339:Generated_Source\PSoC4/SPIM.c **** *  Configure which status bits trigger an interrupt event.
 340:Generated_Source\PSoC4/SPIM.c **** *
 341:Generated_Source\PSoC4/SPIM.c **** * Parameters:
 342:Generated_Source\PSoC4/SPIM.c **** *  intSrc: An or'd combination of the desired status bit masks (defined in the
 343:Generated_Source\PSoC4/SPIM.c **** *  header file).
 344:Generated_Source\PSoC4/SPIM.c **** *
 345:Generated_Source\PSoC4/SPIM.c **** * Return:
 346:Generated_Source\PSoC4/SPIM.c **** *  None.
 347:Generated_Source\PSoC4/SPIM.c **** *
 348:Generated_Source\PSoC4/SPIM.c **** * Theory:
 349:Generated_Source\PSoC4/SPIM.c **** *  Enables the output of specific status bits to the interrupt controller.
 350:Generated_Source\PSoC4/SPIM.c **** *
 351:Generated_Source\PSoC4/SPIM.c **** *******************************************************************************/
 352:Generated_Source\PSoC4/SPIM.c **** void SPIM_SetRxInterruptMode(uint8 intSrc) 
 353:Generated_Source\PSoC4/SPIM.c **** {
 424              		.loc 1 353 0
 425              		.cfi_startproc
 426              		@ args = 0, pretend = 0, frame = 8
 427              		@ frame_needed = 1, uses_anonymous_args = 0
 428 0000 80B5     		push	{r7, lr}
 429              		.cfi_def_cfa_offset 8
 430              		.cfi_offset 7, -8
 431              		.cfi_offset 14, -4
 432 0002 82B0     		sub	sp, sp, #8
 433              		.cfi_def_cfa_offset 16
 434 0004 00AF     		add	r7, sp, #0
 435              		.cfi_def_cfa_register 7
 436 0006 0200     		movs	r2, r0
 437 0008 FB1D     		adds	r3, r7, #7
 438 000a 1A70     		strb	r2, [r3]
 354:Generated_Source\PSoC4/SPIM.c ****     SPIM_RX_STATUS_MASK_REG  = intSrc;
 439              		.loc 1 354 0
 440 000c 034A     		ldr	r2, .L22
 441 000e FB1D     		adds	r3, r7, #7
 442 0010 1B78     		ldrb	r3, [r3]
 443 0012 1370     		strb	r3, [r2]
 355:Generated_Source\PSoC4/SPIM.c **** }
ARM GAS  C:\Users\Admin\AppData\Local\Temp\ccoDOIct.s 			page 15


 444              		.loc 1 355 0
 445 0014 C046     		nop
 446 0016 BD46     		mov	sp, r7
 447 0018 02B0     		add	sp, sp, #8
 448              		@ sp needed
 449 001a 80BD     		pop	{r7, pc}
 450              	.L23:
 451              		.align	2
 452              	.L22:
 453 001c 80000F40 		.word	1074724992
 454              		.cfi_endproc
 455              	.LFE11:
 456              		.size	SPIM_SetRxInterruptMode, .-SPIM_SetRxInterruptMode
 457              		.section	.text.SPIM_ReadTxStatus,"ax",%progbits
 458              		.align	2
 459              		.global	SPIM_ReadTxStatus
 460              		.code	16
 461              		.thumb_func
 462              		.type	SPIM_ReadTxStatus, %function
 463              	SPIM_ReadTxStatus:
 464              	.LFB12:
 356:Generated_Source\PSoC4/SPIM.c **** 
 357:Generated_Source\PSoC4/SPIM.c **** 
 358:Generated_Source\PSoC4/SPIM.c **** /*******************************************************************************
 359:Generated_Source\PSoC4/SPIM.c **** * Function Name: SPIM_ReadTxStatus
 360:Generated_Source\PSoC4/SPIM.c **** ********************************************************************************
 361:Generated_Source\PSoC4/SPIM.c **** *
 362:Generated_Source\PSoC4/SPIM.c **** * Summary:
 363:Generated_Source\PSoC4/SPIM.c **** *  Read the Tx status register for the component.
 364:Generated_Source\PSoC4/SPIM.c **** *
 365:Generated_Source\PSoC4/SPIM.c **** * Parameters:
 366:Generated_Source\PSoC4/SPIM.c **** *  None.
 367:Generated_Source\PSoC4/SPIM.c **** *
 368:Generated_Source\PSoC4/SPIM.c **** * Return:
 369:Generated_Source\PSoC4/SPIM.c **** *  Contents of the Tx status register.
 370:Generated_Source\PSoC4/SPIM.c **** *
 371:Generated_Source\PSoC4/SPIM.c **** * Global variables:
 372:Generated_Source\PSoC4/SPIM.c **** *  SPIM_swStatusTx - used to store in software status register,
 373:Generated_Source\PSoC4/SPIM.c **** *  modified every function call - resets to zero.
 374:Generated_Source\PSoC4/SPIM.c **** *
 375:Generated_Source\PSoC4/SPIM.c **** * Theory:
 376:Generated_Source\PSoC4/SPIM.c **** *  Allows the user and the API to read the Tx status register for error
 377:Generated_Source\PSoC4/SPIM.c **** *  detection and flow control.
 378:Generated_Source\PSoC4/SPIM.c **** *
 379:Generated_Source\PSoC4/SPIM.c **** * Side Effects:
 380:Generated_Source\PSoC4/SPIM.c **** *  Clear Tx status register of the component.
 381:Generated_Source\PSoC4/SPIM.c **** *
 382:Generated_Source\PSoC4/SPIM.c **** * Reentrant:
 383:Generated_Source\PSoC4/SPIM.c **** *  No.
 384:Generated_Source\PSoC4/SPIM.c **** *
 385:Generated_Source\PSoC4/SPIM.c **** *******************************************************************************/
 386:Generated_Source\PSoC4/SPIM.c **** uint8 SPIM_ReadTxStatus(void) 
 387:Generated_Source\PSoC4/SPIM.c **** {
 465              		.loc 1 387 0
 466              		.cfi_startproc
 467              		@ args = 0, pretend = 0, frame = 8
 468              		@ frame_needed = 1, uses_anonymous_args = 0
ARM GAS  C:\Users\Admin\AppData\Local\Temp\ccoDOIct.s 			page 16


 469 0000 80B5     		push	{r7, lr}
 470              		.cfi_def_cfa_offset 8
 471              		.cfi_offset 7, -8
 472              		.cfi_offset 14, -4
 473 0002 82B0     		sub	sp, sp, #8
 474              		.cfi_def_cfa_offset 16
 475 0004 00AF     		add	r7, sp, #0
 476              		.cfi_def_cfa_register 7
 388:Generated_Source\PSoC4/SPIM.c ****     uint8 tmpStatus;
 389:Generated_Source\PSoC4/SPIM.c **** 
 390:Generated_Source\PSoC4/SPIM.c ****     #if(SPIM_TX_SOFTWARE_BUF_ENABLED)
 391:Generated_Source\PSoC4/SPIM.c ****         /* Disable TX interrupt to protect global veriables */
 392:Generated_Source\PSoC4/SPIM.c ****         SPIM_DisableTxInt();
 393:Generated_Source\PSoC4/SPIM.c **** 
 394:Generated_Source\PSoC4/SPIM.c ****         tmpStatus = SPIM_GET_STATUS_TX(SPIM_swStatusTx);
 395:Generated_Source\PSoC4/SPIM.c ****         SPIM_swStatusTx = 0u;
 396:Generated_Source\PSoC4/SPIM.c **** 
 397:Generated_Source\PSoC4/SPIM.c ****         SPIM_EnableTxInt();
 398:Generated_Source\PSoC4/SPIM.c **** 
 399:Generated_Source\PSoC4/SPIM.c ****     #else
 400:Generated_Source\PSoC4/SPIM.c **** 
 401:Generated_Source\PSoC4/SPIM.c ****         tmpStatus = SPIM_TX_STATUS_REG;
 477              		.loc 1 401 0
 478 0006 054A     		ldr	r2, .L26
 479 0008 FB1D     		adds	r3, r7, #7
 480 000a 1278     		ldrb	r2, [r2]
 481 000c 1A70     		strb	r2, [r3]
 402:Generated_Source\PSoC4/SPIM.c **** 
 403:Generated_Source\PSoC4/SPIM.c ****     #endif /* (SPIM_TX_SOFTWARE_BUF_ENABLED) */
 404:Generated_Source\PSoC4/SPIM.c **** 
 405:Generated_Source\PSoC4/SPIM.c ****     return(tmpStatus);
 482              		.loc 1 405 0
 483 000e FB1D     		adds	r3, r7, #7
 484 0010 1B78     		ldrb	r3, [r3]
 406:Generated_Source\PSoC4/SPIM.c **** }
 485              		.loc 1 406 0
 486 0012 1800     		movs	r0, r3
 487 0014 BD46     		mov	sp, r7
 488 0016 02B0     		add	sp, sp, #8
 489              		@ sp needed
 490 0018 80BD     		pop	{r7, pc}
 491              	.L27:
 492 001a C046     		.align	2
 493              	.L26:
 494 001c 62000F40 		.word	1074724962
 495              		.cfi_endproc
 496              	.LFE12:
 497              		.size	SPIM_ReadTxStatus, .-SPIM_ReadTxStatus
 498              		.section	.text.SPIM_ReadRxStatus,"ax",%progbits
 499              		.align	2
 500              		.global	SPIM_ReadRxStatus
 501              		.code	16
 502              		.thumb_func
 503              		.type	SPIM_ReadRxStatus, %function
 504              	SPIM_ReadRxStatus:
 505              	.LFB13:
 407:Generated_Source\PSoC4/SPIM.c **** 
ARM GAS  C:\Users\Admin\AppData\Local\Temp\ccoDOIct.s 			page 17


 408:Generated_Source\PSoC4/SPIM.c **** 
 409:Generated_Source\PSoC4/SPIM.c **** /*******************************************************************************
 410:Generated_Source\PSoC4/SPIM.c **** * Function Name: SPIM_ReadRxStatus
 411:Generated_Source\PSoC4/SPIM.c **** ********************************************************************************
 412:Generated_Source\PSoC4/SPIM.c **** *
 413:Generated_Source\PSoC4/SPIM.c **** * Summary:
 414:Generated_Source\PSoC4/SPIM.c **** *  Read the Rx status register for the component.
 415:Generated_Source\PSoC4/SPIM.c **** *
 416:Generated_Source\PSoC4/SPIM.c **** * Parameters:
 417:Generated_Source\PSoC4/SPIM.c **** *  None.
 418:Generated_Source\PSoC4/SPIM.c **** *
 419:Generated_Source\PSoC4/SPIM.c **** * Return:
 420:Generated_Source\PSoC4/SPIM.c **** *  Contents of the Rx status register.
 421:Generated_Source\PSoC4/SPIM.c **** *
 422:Generated_Source\PSoC4/SPIM.c **** * Global variables:
 423:Generated_Source\PSoC4/SPIM.c **** *  SPIM_swStatusRx - used to store in software Rx status register,
 424:Generated_Source\PSoC4/SPIM.c **** *  modified every function call - resets to zero.
 425:Generated_Source\PSoC4/SPIM.c **** *
 426:Generated_Source\PSoC4/SPIM.c **** * Theory:
 427:Generated_Source\PSoC4/SPIM.c **** *  Allows the user and the API to read the Rx status register for error
 428:Generated_Source\PSoC4/SPIM.c **** *  detection and flow control.
 429:Generated_Source\PSoC4/SPIM.c **** *
 430:Generated_Source\PSoC4/SPIM.c **** * Side Effects:
 431:Generated_Source\PSoC4/SPIM.c **** *  Clear Rx status register of the component.
 432:Generated_Source\PSoC4/SPIM.c **** *
 433:Generated_Source\PSoC4/SPIM.c **** * Reentrant:
 434:Generated_Source\PSoC4/SPIM.c **** *  No.
 435:Generated_Source\PSoC4/SPIM.c **** *
 436:Generated_Source\PSoC4/SPIM.c **** *******************************************************************************/
 437:Generated_Source\PSoC4/SPIM.c **** uint8 SPIM_ReadRxStatus(void) 
 438:Generated_Source\PSoC4/SPIM.c **** {
 506              		.loc 1 438 0
 507              		.cfi_startproc
 508              		@ args = 0, pretend = 0, frame = 8
 509              		@ frame_needed = 1, uses_anonymous_args = 0
 510 0000 80B5     		push	{r7, lr}
 511              		.cfi_def_cfa_offset 8
 512              		.cfi_offset 7, -8
 513              		.cfi_offset 14, -4
 514 0002 82B0     		sub	sp, sp, #8
 515              		.cfi_def_cfa_offset 16
 516 0004 00AF     		add	r7, sp, #0
 517              		.cfi_def_cfa_register 7
 439:Generated_Source\PSoC4/SPIM.c ****     uint8 tmpStatus;
 440:Generated_Source\PSoC4/SPIM.c **** 
 441:Generated_Source\PSoC4/SPIM.c ****     #if(SPIM_RX_SOFTWARE_BUF_ENABLED)
 442:Generated_Source\PSoC4/SPIM.c ****         /* Disable RX interrupt to protect global veriables */
 443:Generated_Source\PSoC4/SPIM.c ****         SPIM_DisableRxInt();
 444:Generated_Source\PSoC4/SPIM.c **** 
 445:Generated_Source\PSoC4/SPIM.c ****         tmpStatus = SPIM_GET_STATUS_RX(SPIM_swStatusRx);
 446:Generated_Source\PSoC4/SPIM.c ****         SPIM_swStatusRx = 0u;
 447:Generated_Source\PSoC4/SPIM.c **** 
 448:Generated_Source\PSoC4/SPIM.c ****         SPIM_EnableRxInt();
 449:Generated_Source\PSoC4/SPIM.c **** 
 450:Generated_Source\PSoC4/SPIM.c ****     #else
 451:Generated_Source\PSoC4/SPIM.c **** 
 452:Generated_Source\PSoC4/SPIM.c ****         tmpStatus = SPIM_RX_STATUS_REG;
ARM GAS  C:\Users\Admin\AppData\Local\Temp\ccoDOIct.s 			page 18


 518              		.loc 1 452 0
 519 0006 054A     		ldr	r2, .L30
 520 0008 FB1D     		adds	r3, r7, #7
 521 000a 1278     		ldrb	r2, [r2]
 522 000c 1A70     		strb	r2, [r3]
 453:Generated_Source\PSoC4/SPIM.c **** 
 454:Generated_Source\PSoC4/SPIM.c ****     #endif /* (SPIM_RX_SOFTWARE_BUF_ENABLED) */
 455:Generated_Source\PSoC4/SPIM.c **** 
 456:Generated_Source\PSoC4/SPIM.c ****     return(tmpStatus);
 523              		.loc 1 456 0
 524 000e FB1D     		adds	r3, r7, #7
 525 0010 1B78     		ldrb	r3, [r3]
 457:Generated_Source\PSoC4/SPIM.c **** }
 526              		.loc 1 457 0
 527 0012 1800     		movs	r0, r3
 528 0014 BD46     		mov	sp, r7
 529 0016 02B0     		add	sp, sp, #8
 530              		@ sp needed
 531 0018 80BD     		pop	{r7, pc}
 532              	.L31:
 533 001a C046     		.align	2
 534              	.L30:
 535 001c 60000F40 		.word	1074724960
 536              		.cfi_endproc
 537              	.LFE13:
 538              		.size	SPIM_ReadRxStatus, .-SPIM_ReadRxStatus
 539              		.section	.text.SPIM_WriteTxData,"ax",%progbits
 540              		.align	2
 541              		.global	SPIM_WriteTxData
 542              		.code	16
 543              		.thumb_func
 544              		.type	SPIM_WriteTxData, %function
 545              	SPIM_WriteTxData:
 546              	.LFB14:
 458:Generated_Source\PSoC4/SPIM.c **** 
 459:Generated_Source\PSoC4/SPIM.c **** 
 460:Generated_Source\PSoC4/SPIM.c **** /*******************************************************************************
 461:Generated_Source\PSoC4/SPIM.c **** * Function Name: SPIM_WriteTxData
 462:Generated_Source\PSoC4/SPIM.c **** ********************************************************************************
 463:Generated_Source\PSoC4/SPIM.c **** *
 464:Generated_Source\PSoC4/SPIM.c **** * Summary:
 465:Generated_Source\PSoC4/SPIM.c **** *  Write a byte of data to be sent across the SPI.
 466:Generated_Source\PSoC4/SPIM.c **** *
 467:Generated_Source\PSoC4/SPIM.c **** * Parameters:
 468:Generated_Source\PSoC4/SPIM.c **** *  txDataByte: The data value to send across the SPI.
 469:Generated_Source\PSoC4/SPIM.c **** *
 470:Generated_Source\PSoC4/SPIM.c **** * Return:
 471:Generated_Source\PSoC4/SPIM.c **** *  None.
 472:Generated_Source\PSoC4/SPIM.c **** *
 473:Generated_Source\PSoC4/SPIM.c **** * Global variables:
 474:Generated_Source\PSoC4/SPIM.c **** *  SPIM_txBufferWrite - used for the account of the bytes which
 475:Generated_Source\PSoC4/SPIM.c **** *  have been written down in the TX software buffer, modified every function
 476:Generated_Source\PSoC4/SPIM.c **** *  call if TX Software Buffer is used.
 477:Generated_Source\PSoC4/SPIM.c **** *  SPIM_txBufferRead - used for the account of the bytes which
 478:Generated_Source\PSoC4/SPIM.c **** *  have been read from the TX software buffer.
 479:Generated_Source\PSoC4/SPIM.c **** *  SPIM_txBuffer[SPIM_TX_BUFFER_SIZE] - used to store
 480:Generated_Source\PSoC4/SPIM.c **** *  data to sending, modified every function call if TX Software Buffer is used.
ARM GAS  C:\Users\Admin\AppData\Local\Temp\ccoDOIct.s 			page 19


 481:Generated_Source\PSoC4/SPIM.c **** *
 482:Generated_Source\PSoC4/SPIM.c **** * Theory:
 483:Generated_Source\PSoC4/SPIM.c **** *  Allows the user to transmit any byte of data in a single transfer.
 484:Generated_Source\PSoC4/SPIM.c **** *
 485:Generated_Source\PSoC4/SPIM.c **** * Side Effects:
 486:Generated_Source\PSoC4/SPIM.c **** *  If this function is called again before the previous byte is finished then
 487:Generated_Source\PSoC4/SPIM.c **** *  the next byte will be appended to the transfer with no time between
 488:Generated_Source\PSoC4/SPIM.c **** *  the byte transfers. Clear Tx status register of the component.
 489:Generated_Source\PSoC4/SPIM.c **** *
 490:Generated_Source\PSoC4/SPIM.c **** * Reentrant:
 491:Generated_Source\PSoC4/SPIM.c **** *  No.
 492:Generated_Source\PSoC4/SPIM.c **** *
 493:Generated_Source\PSoC4/SPIM.c **** *******************************************************************************/
 494:Generated_Source\PSoC4/SPIM.c **** void SPIM_WriteTxData(uint16 txData) 
 495:Generated_Source\PSoC4/SPIM.c **** {
 547              		.loc 1 495 0
 548              		.cfi_startproc
 549              		@ args = 0, pretend = 0, frame = 8
 550              		@ frame_needed = 1, uses_anonymous_args = 0
 551 0000 80B5     		push	{r7, lr}
 552              		.cfi_def_cfa_offset 8
 553              		.cfi_offset 7, -8
 554              		.cfi_offset 14, -4
 555 0002 82B0     		sub	sp, sp, #8
 556              		.cfi_def_cfa_offset 16
 557 0004 00AF     		add	r7, sp, #0
 558              		.cfi_def_cfa_register 7
 559 0006 0200     		movs	r2, r0
 560 0008 BB1D     		adds	r3, r7, #6
 561 000a 1A80     		strh	r2, [r3]
 496:Generated_Source\PSoC4/SPIM.c ****     #if(SPIM_TX_SOFTWARE_BUF_ENABLED)
 497:Generated_Source\PSoC4/SPIM.c **** 
 498:Generated_Source\PSoC4/SPIM.c ****         uint8 tempStatus;
 499:Generated_Source\PSoC4/SPIM.c ****         uint8 tmpTxBufferRead;
 500:Generated_Source\PSoC4/SPIM.c **** 
 501:Generated_Source\PSoC4/SPIM.c ****         /* Block if TX buffer is FULL: don't overwrite */
 502:Generated_Source\PSoC4/SPIM.c ****         do
 503:Generated_Source\PSoC4/SPIM.c ****         {
 504:Generated_Source\PSoC4/SPIM.c ****             tmpTxBufferRead = SPIM_txBufferRead;
 505:Generated_Source\PSoC4/SPIM.c ****             if(0u == tmpTxBufferRead)
 506:Generated_Source\PSoC4/SPIM.c ****             {
 507:Generated_Source\PSoC4/SPIM.c ****                 tmpTxBufferRead = (SPIM_TX_BUFFER_SIZE - 1u);
 508:Generated_Source\PSoC4/SPIM.c ****             }
 509:Generated_Source\PSoC4/SPIM.c ****             else
 510:Generated_Source\PSoC4/SPIM.c ****             {
 511:Generated_Source\PSoC4/SPIM.c ****                 tmpTxBufferRead--;
 512:Generated_Source\PSoC4/SPIM.c ****             }
 513:Generated_Source\PSoC4/SPIM.c **** 
 514:Generated_Source\PSoC4/SPIM.c ****         }while(tmpTxBufferRead == SPIM_txBufferWrite);
 515:Generated_Source\PSoC4/SPIM.c **** 
 516:Generated_Source\PSoC4/SPIM.c ****         /* Disable TX interrupt to protect global veriables */
 517:Generated_Source\PSoC4/SPIM.c ****         SPIM_DisableTxInt();
 518:Generated_Source\PSoC4/SPIM.c **** 
 519:Generated_Source\PSoC4/SPIM.c ****         tempStatus = SPIM_GET_STATUS_TX(SPIM_swStatusTx);
 520:Generated_Source\PSoC4/SPIM.c ****         SPIM_swStatusTx = tempStatus;
 521:Generated_Source\PSoC4/SPIM.c **** 
 522:Generated_Source\PSoC4/SPIM.c **** 
ARM GAS  C:\Users\Admin\AppData\Local\Temp\ccoDOIct.s 			page 20


 523:Generated_Source\PSoC4/SPIM.c ****         if((SPIM_txBufferRead == SPIM_txBufferWrite) &&
 524:Generated_Source\PSoC4/SPIM.c ****            (0u != (SPIM_swStatusTx & SPIM_STS_TX_FIFO_NOT_FULL)))
 525:Generated_Source\PSoC4/SPIM.c ****         {
 526:Generated_Source\PSoC4/SPIM.c ****             /* Put data element into the TX FIFO */
 527:Generated_Source\PSoC4/SPIM.c ****             CY_SET_REG16(SPIM_TXDATA_PTR, txData);
 528:Generated_Source\PSoC4/SPIM.c ****         }
 529:Generated_Source\PSoC4/SPIM.c ****         else
 530:Generated_Source\PSoC4/SPIM.c ****         {
 531:Generated_Source\PSoC4/SPIM.c ****             /* Add to the TX software buffer */
 532:Generated_Source\PSoC4/SPIM.c ****             SPIM_txBufferWrite++;
 533:Generated_Source\PSoC4/SPIM.c ****             if(SPIM_txBufferWrite >= SPIM_TX_BUFFER_SIZE)
 534:Generated_Source\PSoC4/SPIM.c ****             {
 535:Generated_Source\PSoC4/SPIM.c ****                 SPIM_txBufferWrite = 0u;
 536:Generated_Source\PSoC4/SPIM.c ****             }
 537:Generated_Source\PSoC4/SPIM.c **** 
 538:Generated_Source\PSoC4/SPIM.c ****             if(SPIM_txBufferWrite == SPIM_txBufferRead)
 539:Generated_Source\PSoC4/SPIM.c ****             {
 540:Generated_Source\PSoC4/SPIM.c ****                 SPIM_txBufferRead++;
 541:Generated_Source\PSoC4/SPIM.c ****                 if(SPIM_txBufferRead >= SPIM_TX_BUFFER_SIZE)
 542:Generated_Source\PSoC4/SPIM.c ****                 {
 543:Generated_Source\PSoC4/SPIM.c ****                     SPIM_txBufferRead = 0u;
 544:Generated_Source\PSoC4/SPIM.c ****                 }
 545:Generated_Source\PSoC4/SPIM.c ****                 SPIM_txBufferFull = 1u;
 546:Generated_Source\PSoC4/SPIM.c ****             }
 547:Generated_Source\PSoC4/SPIM.c **** 
 548:Generated_Source\PSoC4/SPIM.c ****             SPIM_txBuffer[SPIM_txBufferWrite] = txData;
 549:Generated_Source\PSoC4/SPIM.c **** 
 550:Generated_Source\PSoC4/SPIM.c ****             SPIM_TX_STATUS_MASK_REG |= SPIM_STS_TX_FIFO_NOT_FULL;
 551:Generated_Source\PSoC4/SPIM.c ****         }
 552:Generated_Source\PSoC4/SPIM.c **** 
 553:Generated_Source\PSoC4/SPIM.c ****         SPIM_EnableTxInt();
 554:Generated_Source\PSoC4/SPIM.c **** 
 555:Generated_Source\PSoC4/SPIM.c ****     #else
 556:Generated_Source\PSoC4/SPIM.c ****         /* Wait until TX FIFO has a place */
 557:Generated_Source\PSoC4/SPIM.c ****         while(0u == (SPIM_TX_STATUS_REG & SPIM_STS_TX_FIFO_NOT_FULL))
 562              		.loc 1 557 0
 563 000c C046     		nop
 564              	.L33:
 565              		.loc 1 557 0 is_stmt 0 discriminator 1
 566 000e 074B     		ldr	r3, .L34
 567 0010 1B78     		ldrb	r3, [r3]
 568 0012 DBB2     		uxtb	r3, r3
 569 0014 1A00     		movs	r2, r3
 570 0016 0423     		movs	r3, #4
 571 0018 1340     		ands	r3, r2
 572 001a F8D0     		beq	.L33
 558:Generated_Source\PSoC4/SPIM.c ****         {
 559:Generated_Source\PSoC4/SPIM.c ****         }
 560:Generated_Source\PSoC4/SPIM.c **** 
 561:Generated_Source\PSoC4/SPIM.c ****         /* Put data element into the TX FIFO */
 562:Generated_Source\PSoC4/SPIM.c ****         CY_SET_REG16(SPIM_TXDATA_PTR, txData);
 573              		.loc 1 562 0 is_stmt 1
 574 001c 044A     		ldr	r2, .L34+4
 575 001e BB1D     		adds	r3, r7, #6
 576 0020 1B88     		ldrh	r3, [r3]
 577 0022 1380     		strh	r3, [r2]
 563:Generated_Source\PSoC4/SPIM.c **** 
ARM GAS  C:\Users\Admin\AppData\Local\Temp\ccoDOIct.s 			page 21


 564:Generated_Source\PSoC4/SPIM.c ****     #endif /* (SPIM_TX_SOFTWARE_BUF_ENABLED) */
 565:Generated_Source\PSoC4/SPIM.c **** }
 578              		.loc 1 565 0
 579 0024 C046     		nop
 580 0026 BD46     		mov	sp, r7
 581 0028 02B0     		add	sp, sp, #8
 582              		@ sp needed
 583 002a 80BD     		pop	{r7, pc}
 584              	.L35:
 585              		.align	2
 586              	.L34:
 587 002c 62000F40 		.word	1074724962
 588 0030 84100F40 		.word	1074729092
 589              		.cfi_endproc
 590              	.LFE14:
 591              		.size	SPIM_WriteTxData, .-SPIM_WriteTxData
 592              		.section	.text.SPIM_ReadRxData,"ax",%progbits
 593              		.align	2
 594              		.global	SPIM_ReadRxData
 595              		.code	16
 596              		.thumb_func
 597              		.type	SPIM_ReadRxData, %function
 598              	SPIM_ReadRxData:
 599              	.LFB15:
 566:Generated_Source\PSoC4/SPIM.c **** 
 567:Generated_Source\PSoC4/SPIM.c **** 
 568:Generated_Source\PSoC4/SPIM.c **** /*******************************************************************************
 569:Generated_Source\PSoC4/SPIM.c **** * Function Name: SPIM_ReadRxData
 570:Generated_Source\PSoC4/SPIM.c **** ********************************************************************************
 571:Generated_Source\PSoC4/SPIM.c **** *
 572:Generated_Source\PSoC4/SPIM.c **** * Summary:
 573:Generated_Source\PSoC4/SPIM.c **** *  Read the next byte of data received across the SPI.
 574:Generated_Source\PSoC4/SPIM.c **** *
 575:Generated_Source\PSoC4/SPIM.c **** * Parameters:
 576:Generated_Source\PSoC4/SPIM.c **** *  None.
 577:Generated_Source\PSoC4/SPIM.c **** *
 578:Generated_Source\PSoC4/SPIM.c **** * Return:
 579:Generated_Source\PSoC4/SPIM.c **** *  The next byte of data read from the FIFO.
 580:Generated_Source\PSoC4/SPIM.c **** *
 581:Generated_Source\PSoC4/SPIM.c **** * Global variables:
 582:Generated_Source\PSoC4/SPIM.c **** *  SPIM_rxBufferWrite - used for the account of the bytes which
 583:Generated_Source\PSoC4/SPIM.c **** *  have been written down in the RX software buffer.
 584:Generated_Source\PSoC4/SPIM.c **** *  SPIM_rxBufferRead - used for the account of the bytes which
 585:Generated_Source\PSoC4/SPIM.c **** *  have been read from the RX software buffer, modified every function
 586:Generated_Source\PSoC4/SPIM.c **** *  call if RX Software Buffer is used.
 587:Generated_Source\PSoC4/SPIM.c **** *  SPIM_rxBuffer[SPIM_RX_BUFFER_SIZE] - used to store
 588:Generated_Source\PSoC4/SPIM.c **** *  received data.
 589:Generated_Source\PSoC4/SPIM.c **** *
 590:Generated_Source\PSoC4/SPIM.c **** * Theory:
 591:Generated_Source\PSoC4/SPIM.c **** *  Allows the user to read a byte of data received.
 592:Generated_Source\PSoC4/SPIM.c **** *
 593:Generated_Source\PSoC4/SPIM.c **** * Side Effects:
 594:Generated_Source\PSoC4/SPIM.c **** *  Will return invalid data if the FIFO is empty. The user should Call
 595:Generated_Source\PSoC4/SPIM.c **** *  GetRxBufferSize() and if it returns a non-zero value then it is safe to call
 596:Generated_Source\PSoC4/SPIM.c **** *  ReadByte() function.
 597:Generated_Source\PSoC4/SPIM.c **** *
 598:Generated_Source\PSoC4/SPIM.c **** * Reentrant:
ARM GAS  C:\Users\Admin\AppData\Local\Temp\ccoDOIct.s 			page 22


 599:Generated_Source\PSoC4/SPIM.c **** *  No.
 600:Generated_Source\PSoC4/SPIM.c **** *
 601:Generated_Source\PSoC4/SPIM.c **** *******************************************************************************/
 602:Generated_Source\PSoC4/SPIM.c **** uint16 SPIM_ReadRxData(void) 
 603:Generated_Source\PSoC4/SPIM.c **** {
 600              		.loc 1 603 0
 601              		.cfi_startproc
 602              		@ args = 0, pretend = 0, frame = 8
 603              		@ frame_needed = 1, uses_anonymous_args = 0
 604 0000 80B5     		push	{r7, lr}
 605              		.cfi_def_cfa_offset 8
 606              		.cfi_offset 7, -8
 607              		.cfi_offset 14, -4
 608 0002 82B0     		sub	sp, sp, #8
 609              		.cfi_def_cfa_offset 16
 610 0004 00AF     		add	r7, sp, #0
 611              		.cfi_def_cfa_register 7
 604:Generated_Source\PSoC4/SPIM.c ****     uint16 rxData;
 605:Generated_Source\PSoC4/SPIM.c **** 
 606:Generated_Source\PSoC4/SPIM.c ****     #if(SPIM_RX_SOFTWARE_BUF_ENABLED)
 607:Generated_Source\PSoC4/SPIM.c **** 
 608:Generated_Source\PSoC4/SPIM.c ****         /* Disable RX interrupt to protect global veriables */
 609:Generated_Source\PSoC4/SPIM.c ****         SPIM_DisableRxInt();
 610:Generated_Source\PSoC4/SPIM.c **** 
 611:Generated_Source\PSoC4/SPIM.c ****         if(SPIM_rxBufferRead != SPIM_rxBufferWrite)
 612:Generated_Source\PSoC4/SPIM.c ****         {
 613:Generated_Source\PSoC4/SPIM.c ****             if(0u == SPIM_rxBufferFull)
 614:Generated_Source\PSoC4/SPIM.c ****             {
 615:Generated_Source\PSoC4/SPIM.c ****                 SPIM_rxBufferRead++;
 616:Generated_Source\PSoC4/SPIM.c ****                 if(SPIM_rxBufferRead >= SPIM_RX_BUFFER_SIZE)
 617:Generated_Source\PSoC4/SPIM.c ****                 {
 618:Generated_Source\PSoC4/SPIM.c ****                     SPIM_rxBufferRead = 0u;
 619:Generated_Source\PSoC4/SPIM.c ****                 }
 620:Generated_Source\PSoC4/SPIM.c ****             }
 621:Generated_Source\PSoC4/SPIM.c ****             else
 622:Generated_Source\PSoC4/SPIM.c ****             {
 623:Generated_Source\PSoC4/SPIM.c ****                 SPIM_rxBufferFull = 0u;
 624:Generated_Source\PSoC4/SPIM.c ****             }
 625:Generated_Source\PSoC4/SPIM.c ****         }
 626:Generated_Source\PSoC4/SPIM.c **** 
 627:Generated_Source\PSoC4/SPIM.c ****         rxData = SPIM_rxBuffer[SPIM_rxBufferRead];
 628:Generated_Source\PSoC4/SPIM.c **** 
 629:Generated_Source\PSoC4/SPIM.c ****         SPIM_EnableRxInt();
 630:Generated_Source\PSoC4/SPIM.c **** 
 631:Generated_Source\PSoC4/SPIM.c ****     #else
 632:Generated_Source\PSoC4/SPIM.c **** 
 633:Generated_Source\PSoC4/SPIM.c ****         rxData = CY_GET_REG16(SPIM_RXDATA_PTR);
 612              		.loc 1 633 0
 613 0006 054A     		ldr	r2, .L38
 614 0008 BB1D     		adds	r3, r7, #6
 615 000a 1288     		ldrh	r2, [r2]
 616 000c 1A80     		strh	r2, [r3]
 634:Generated_Source\PSoC4/SPIM.c **** 
 635:Generated_Source\PSoC4/SPIM.c ****     #endif /* (SPIM_RX_SOFTWARE_BUF_ENABLED) */
 636:Generated_Source\PSoC4/SPIM.c **** 
 637:Generated_Source\PSoC4/SPIM.c ****     return(rxData);
 617              		.loc 1 637 0
ARM GAS  C:\Users\Admin\AppData\Local\Temp\ccoDOIct.s 			page 23


 618 000e BB1D     		adds	r3, r7, #6
 619 0010 1B88     		ldrh	r3, [r3]
 638:Generated_Source\PSoC4/SPIM.c **** }
 620              		.loc 1 638 0
 621 0012 1800     		movs	r0, r3
 622 0014 BD46     		mov	sp, r7
 623 0016 02B0     		add	sp, sp, #8
 624              		@ sp needed
 625 0018 80BD     		pop	{r7, pc}
 626              	.L39:
 627 001a C046     		.align	2
 628              	.L38:
 629 001c A4100F40 		.word	1074729124
 630              		.cfi_endproc
 631              	.LFE15:
 632              		.size	SPIM_ReadRxData, .-SPIM_ReadRxData
 633              		.section	.text.SPIM_GetRxBufferSize,"ax",%progbits
 634              		.align	2
 635              		.global	SPIM_GetRxBufferSize
 636              		.code	16
 637              		.thumb_func
 638              		.type	SPIM_GetRxBufferSize, %function
 639              	SPIM_GetRxBufferSize:
 640              	.LFB16:
 639:Generated_Source\PSoC4/SPIM.c **** 
 640:Generated_Source\PSoC4/SPIM.c **** 
 641:Generated_Source\PSoC4/SPIM.c **** /*******************************************************************************
 642:Generated_Source\PSoC4/SPIM.c **** * Function Name: SPIM_GetRxBufferSize
 643:Generated_Source\PSoC4/SPIM.c **** ********************************************************************************
 644:Generated_Source\PSoC4/SPIM.c **** *
 645:Generated_Source\PSoC4/SPIM.c **** * Summary:
 646:Generated_Source\PSoC4/SPIM.c **** *  Returns the number of bytes/words of data currently held in the RX buffer.
 647:Generated_Source\PSoC4/SPIM.c **** *  If RX Software Buffer not used then function return 0 if FIFO empty or 1 if
 648:Generated_Source\PSoC4/SPIM.c **** *  FIFO not empty. In another case function return size of RX Software Buffer.
 649:Generated_Source\PSoC4/SPIM.c **** *
 650:Generated_Source\PSoC4/SPIM.c **** * Parameters:
 651:Generated_Source\PSoC4/SPIM.c **** *  None.
 652:Generated_Source\PSoC4/SPIM.c **** *
 653:Generated_Source\PSoC4/SPIM.c **** * Return:
 654:Generated_Source\PSoC4/SPIM.c **** *  Integer count of the number of bytes/words in the RX buffer.
 655:Generated_Source\PSoC4/SPIM.c **** *
 656:Generated_Source\PSoC4/SPIM.c **** * Global variables:
 657:Generated_Source\PSoC4/SPIM.c **** *  SPIM_rxBufferWrite - used for the account of the bytes which
 658:Generated_Source\PSoC4/SPIM.c **** *  have been written down in the RX software buffer.
 659:Generated_Source\PSoC4/SPIM.c **** *  SPIM_rxBufferRead - used for the account of the bytes which
 660:Generated_Source\PSoC4/SPIM.c **** *  have been read from the RX software buffer.
 661:Generated_Source\PSoC4/SPIM.c **** *
 662:Generated_Source\PSoC4/SPIM.c **** * Side Effects:
 663:Generated_Source\PSoC4/SPIM.c **** *  Clear status register of the component.
 664:Generated_Source\PSoC4/SPIM.c **** *
 665:Generated_Source\PSoC4/SPIM.c **** *******************************************************************************/
 666:Generated_Source\PSoC4/SPIM.c **** uint8 SPIM_GetRxBufferSize(void) 
 667:Generated_Source\PSoC4/SPIM.c **** {
 641              		.loc 1 667 0
 642              		.cfi_startproc
 643              		@ args = 0, pretend = 0, frame = 8
 644              		@ frame_needed = 1, uses_anonymous_args = 0
ARM GAS  C:\Users\Admin\AppData\Local\Temp\ccoDOIct.s 			page 24


 645 0000 80B5     		push	{r7, lr}
 646              		.cfi_def_cfa_offset 8
 647              		.cfi_offset 7, -8
 648              		.cfi_offset 14, -4
 649 0002 82B0     		sub	sp, sp, #8
 650              		.cfi_def_cfa_offset 16
 651 0004 00AF     		add	r7, sp, #0
 652              		.cfi_def_cfa_register 7
 668:Generated_Source\PSoC4/SPIM.c ****     uint8 size;
 669:Generated_Source\PSoC4/SPIM.c **** 
 670:Generated_Source\PSoC4/SPIM.c ****     #if(SPIM_RX_SOFTWARE_BUF_ENABLED)
 671:Generated_Source\PSoC4/SPIM.c **** 
 672:Generated_Source\PSoC4/SPIM.c ****         /* Disable RX interrupt to protect global veriables */
 673:Generated_Source\PSoC4/SPIM.c ****         SPIM_DisableRxInt();
 674:Generated_Source\PSoC4/SPIM.c **** 
 675:Generated_Source\PSoC4/SPIM.c ****         if(SPIM_rxBufferRead == SPIM_rxBufferWrite)
 676:Generated_Source\PSoC4/SPIM.c ****         {
 677:Generated_Source\PSoC4/SPIM.c ****             size = 0u;
 678:Generated_Source\PSoC4/SPIM.c ****         }
 679:Generated_Source\PSoC4/SPIM.c ****         else if(SPIM_rxBufferRead < SPIM_rxBufferWrite)
 680:Generated_Source\PSoC4/SPIM.c ****         {
 681:Generated_Source\PSoC4/SPIM.c ****             size = (SPIM_rxBufferWrite - SPIM_rxBufferRead);
 682:Generated_Source\PSoC4/SPIM.c ****         }
 683:Generated_Source\PSoC4/SPIM.c ****         else
 684:Generated_Source\PSoC4/SPIM.c ****         {
 685:Generated_Source\PSoC4/SPIM.c ****             size = (SPIM_RX_BUFFER_SIZE - SPIM_rxBufferRead) + SPIM_rxBufferWrite;
 686:Generated_Source\PSoC4/SPIM.c ****         }
 687:Generated_Source\PSoC4/SPIM.c **** 
 688:Generated_Source\PSoC4/SPIM.c ****         SPIM_EnableRxInt();
 689:Generated_Source\PSoC4/SPIM.c **** 
 690:Generated_Source\PSoC4/SPIM.c ****     #else
 691:Generated_Source\PSoC4/SPIM.c **** 
 692:Generated_Source\PSoC4/SPIM.c ****         /* We can only know if there is data in the RX FIFO */
 693:Generated_Source\PSoC4/SPIM.c ****         size = (0u != (SPIM_RX_STATUS_REG & SPIM_STS_RX_FIFO_NOT_EMPTY)) ? 1u : 0u;
 653              		.loc 1 693 0
 654 0006 094B     		ldr	r3, .L44
 655 0008 1B78     		ldrb	r3, [r3]
 656 000a DBB2     		uxtb	r3, r3
 657 000c 1A00     		movs	r2, r3
 658 000e 2023     		movs	r3, #32
 659 0010 1340     		ands	r3, r2
 660 0012 01D0     		beq	.L41
 661              		.loc 1 693 0 is_stmt 0 discriminator 1
 662 0014 0122     		movs	r2, #1
 663 0016 00E0     		b	.L42
 664              	.L41:
 665              		.loc 1 693 0 discriminator 2
 666 0018 0022     		movs	r2, #0
 667              	.L42:
 668              		.loc 1 693 0 discriminator 4
 669 001a FB1D     		adds	r3, r7, #7
 670 001c 1A70     		strb	r2, [r3]
 694:Generated_Source\PSoC4/SPIM.c **** 
 695:Generated_Source\PSoC4/SPIM.c ****     #endif /* (SPIM_TX_SOFTWARE_BUF_ENABLED) */
 696:Generated_Source\PSoC4/SPIM.c **** 
 697:Generated_Source\PSoC4/SPIM.c ****     return(size);
 671              		.loc 1 697 0 is_stmt 1 discriminator 4
ARM GAS  C:\Users\Admin\AppData\Local\Temp\ccoDOIct.s 			page 25


 672 001e FB1D     		adds	r3, r7, #7
 673 0020 1B78     		ldrb	r3, [r3]
 698:Generated_Source\PSoC4/SPIM.c **** }
 674              		.loc 1 698 0 discriminator 4
 675 0022 1800     		movs	r0, r3
 676 0024 BD46     		mov	sp, r7
 677 0026 02B0     		add	sp, sp, #8
 678              		@ sp needed
 679 0028 80BD     		pop	{r7, pc}
 680              	.L45:
 681 002a C046     		.align	2
 682              	.L44:
 683 002c 60000F40 		.word	1074724960
 684              		.cfi_endproc
 685              	.LFE16:
 686              		.size	SPIM_GetRxBufferSize, .-SPIM_GetRxBufferSize
 687              		.section	.text.SPIM_GetTxBufferSize,"ax",%progbits
 688              		.align	2
 689              		.global	SPIM_GetTxBufferSize
 690              		.code	16
 691              		.thumb_func
 692              		.type	SPIM_GetTxBufferSize, %function
 693              	SPIM_GetTxBufferSize:
 694              	.LFB17:
 699:Generated_Source\PSoC4/SPIM.c **** 
 700:Generated_Source\PSoC4/SPIM.c **** 
 701:Generated_Source\PSoC4/SPIM.c **** /*******************************************************************************
 702:Generated_Source\PSoC4/SPIM.c **** * Function Name: SPIM_GetTxBufferSize
 703:Generated_Source\PSoC4/SPIM.c **** ********************************************************************************
 704:Generated_Source\PSoC4/SPIM.c **** *
 705:Generated_Source\PSoC4/SPIM.c **** * Summary:
 706:Generated_Source\PSoC4/SPIM.c **** *  Returns the number of bytes/words of data currently held in the TX buffer.
 707:Generated_Source\PSoC4/SPIM.c **** *  If TX Software Buffer not used then function return 0 - if FIFO empty, 1 - if
 708:Generated_Source\PSoC4/SPIM.c **** *  FIFO not full, 4 - if FIFO full. In another case function return size of TX
 709:Generated_Source\PSoC4/SPIM.c **** *  Software Buffer.
 710:Generated_Source\PSoC4/SPIM.c **** *
 711:Generated_Source\PSoC4/SPIM.c **** * Parameters:
 712:Generated_Source\PSoC4/SPIM.c **** *  None.
 713:Generated_Source\PSoC4/SPIM.c **** *
 714:Generated_Source\PSoC4/SPIM.c **** * Return:
 715:Generated_Source\PSoC4/SPIM.c **** *  Integer count of the number of bytes/words in the TX buffer.
 716:Generated_Source\PSoC4/SPIM.c **** *
 717:Generated_Source\PSoC4/SPIM.c **** * Global variables:
 718:Generated_Source\PSoC4/SPIM.c **** *  SPIM_txBufferWrite - used for the account of the bytes which
 719:Generated_Source\PSoC4/SPIM.c **** *  have been written down in the TX software buffer.
 720:Generated_Source\PSoC4/SPIM.c **** *  SPIM_txBufferRead - used for the account of the bytes which
 721:Generated_Source\PSoC4/SPIM.c **** *  have been read from the TX software buffer.
 722:Generated_Source\PSoC4/SPIM.c **** *
 723:Generated_Source\PSoC4/SPIM.c **** * Side Effects:
 724:Generated_Source\PSoC4/SPIM.c **** *  Clear status register of the component.
 725:Generated_Source\PSoC4/SPIM.c **** *
 726:Generated_Source\PSoC4/SPIM.c **** *******************************************************************************/
 727:Generated_Source\PSoC4/SPIM.c **** uint8  SPIM_GetTxBufferSize(void) 
 728:Generated_Source\PSoC4/SPIM.c **** {
 695              		.loc 1 728 0
 696              		.cfi_startproc
 697              		@ args = 0, pretend = 0, frame = 8
ARM GAS  C:\Users\Admin\AppData\Local\Temp\ccoDOIct.s 			page 26


 698              		@ frame_needed = 1, uses_anonymous_args = 0
 699 0000 80B5     		push	{r7, lr}
 700              		.cfi_def_cfa_offset 8
 701              		.cfi_offset 7, -8
 702              		.cfi_offset 14, -4
 703 0002 82B0     		sub	sp, sp, #8
 704              		.cfi_def_cfa_offset 16
 705 0004 00AF     		add	r7, sp, #0
 706              		.cfi_def_cfa_register 7
 729:Generated_Source\PSoC4/SPIM.c ****     uint8 size;
 730:Generated_Source\PSoC4/SPIM.c **** 
 731:Generated_Source\PSoC4/SPIM.c ****     #if(SPIM_TX_SOFTWARE_BUF_ENABLED)
 732:Generated_Source\PSoC4/SPIM.c ****         /* Disable TX interrupt to protect global veriables */
 733:Generated_Source\PSoC4/SPIM.c ****         SPIM_DisableTxInt();
 734:Generated_Source\PSoC4/SPIM.c **** 
 735:Generated_Source\PSoC4/SPIM.c ****         if(SPIM_txBufferRead == SPIM_txBufferWrite)
 736:Generated_Source\PSoC4/SPIM.c ****         {
 737:Generated_Source\PSoC4/SPIM.c ****             size = 0u;
 738:Generated_Source\PSoC4/SPIM.c ****         }
 739:Generated_Source\PSoC4/SPIM.c ****         else if(SPIM_txBufferRead < SPIM_txBufferWrite)
 740:Generated_Source\PSoC4/SPIM.c ****         {
 741:Generated_Source\PSoC4/SPIM.c ****             size = (SPIM_txBufferWrite - SPIM_txBufferRead);
 742:Generated_Source\PSoC4/SPIM.c ****         }
 743:Generated_Source\PSoC4/SPIM.c ****         else
 744:Generated_Source\PSoC4/SPIM.c ****         {
 745:Generated_Source\PSoC4/SPIM.c ****             size = (SPIM_TX_BUFFER_SIZE - SPIM_txBufferRead) + SPIM_txBufferWrite;
 746:Generated_Source\PSoC4/SPIM.c ****         }
 747:Generated_Source\PSoC4/SPIM.c **** 
 748:Generated_Source\PSoC4/SPIM.c ****         SPIM_EnableTxInt();
 749:Generated_Source\PSoC4/SPIM.c **** 
 750:Generated_Source\PSoC4/SPIM.c ****     #else
 751:Generated_Source\PSoC4/SPIM.c **** 
 752:Generated_Source\PSoC4/SPIM.c ****         size = SPIM_TX_STATUS_REG;
 707              		.loc 1 752 0
 708 0006 0F4A     		ldr	r2, .L51
 709 0008 FB1D     		adds	r3, r7, #7
 710 000a 1278     		ldrb	r2, [r2]
 711 000c 1A70     		strb	r2, [r3]
 753:Generated_Source\PSoC4/SPIM.c **** 
 754:Generated_Source\PSoC4/SPIM.c ****         if(0u != (size & SPIM_STS_TX_FIFO_EMPTY))
 712              		.loc 1 754 0
 713 000e FB1D     		adds	r3, r7, #7
 714 0010 1B78     		ldrb	r3, [r3]
 715 0012 0222     		movs	r2, #2
 716 0014 1340     		ands	r3, r2
 717 0016 03D0     		beq	.L47
 755:Generated_Source\PSoC4/SPIM.c ****         {
 756:Generated_Source\PSoC4/SPIM.c ****             size = 0u;
 718              		.loc 1 756 0
 719 0018 FB1D     		adds	r3, r7, #7
 720 001a 0022     		movs	r2, #0
 721 001c 1A70     		strb	r2, [r3]
 722 001e 0BE0     		b	.L48
 723              	.L47:
 757:Generated_Source\PSoC4/SPIM.c ****         }
 758:Generated_Source\PSoC4/SPIM.c ****         else if(0u != (size & SPIM_STS_TX_FIFO_NOT_FULL))
 724              		.loc 1 758 0
ARM GAS  C:\Users\Admin\AppData\Local\Temp\ccoDOIct.s 			page 27


 725 0020 FB1D     		adds	r3, r7, #7
 726 0022 1B78     		ldrb	r3, [r3]
 727 0024 0422     		movs	r2, #4
 728 0026 1340     		ands	r3, r2
 729 0028 03D0     		beq	.L49
 759:Generated_Source\PSoC4/SPIM.c ****         {
 760:Generated_Source\PSoC4/SPIM.c ****             size = 1u;
 730              		.loc 1 760 0
 731 002a FB1D     		adds	r3, r7, #7
 732 002c 0122     		movs	r2, #1
 733 002e 1A70     		strb	r2, [r3]
 734 0030 02E0     		b	.L48
 735              	.L49:
 761:Generated_Source\PSoC4/SPIM.c ****         }
 762:Generated_Source\PSoC4/SPIM.c ****         else
 763:Generated_Source\PSoC4/SPIM.c ****         {
 764:Generated_Source\PSoC4/SPIM.c ****             size = SPIM_FIFO_SIZE;
 736              		.loc 1 764 0
 737 0032 FB1D     		adds	r3, r7, #7
 738 0034 0422     		movs	r2, #4
 739 0036 1A70     		strb	r2, [r3]
 740              	.L48:
 765:Generated_Source\PSoC4/SPIM.c ****         }
 766:Generated_Source\PSoC4/SPIM.c **** 
 767:Generated_Source\PSoC4/SPIM.c ****     #endif /* (SPIM_TX_SOFTWARE_BUF_ENABLED) */
 768:Generated_Source\PSoC4/SPIM.c **** 
 769:Generated_Source\PSoC4/SPIM.c ****     return(size);
 741              		.loc 1 769 0
 742 0038 FB1D     		adds	r3, r7, #7
 743 003a 1B78     		ldrb	r3, [r3]
 770:Generated_Source\PSoC4/SPIM.c **** }
 744              		.loc 1 770 0
 745 003c 1800     		movs	r0, r3
 746 003e BD46     		mov	sp, r7
 747 0040 02B0     		add	sp, sp, #8
 748              		@ sp needed
 749 0042 80BD     		pop	{r7, pc}
 750              	.L52:
 751              		.align	2
 752              	.L51:
 753 0044 62000F40 		.word	1074724962
 754              		.cfi_endproc
 755              	.LFE17:
 756              		.size	SPIM_GetTxBufferSize, .-SPIM_GetTxBufferSize
 757              		.section	.text.SPIM_ClearRxBuffer,"ax",%progbits
 758              		.align	2
 759              		.global	SPIM_ClearRxBuffer
 760              		.code	16
 761              		.thumb_func
 762              		.type	SPIM_ClearRxBuffer, %function
 763              	SPIM_ClearRxBuffer:
 764              	.LFB18:
 771:Generated_Source\PSoC4/SPIM.c **** 
 772:Generated_Source\PSoC4/SPIM.c **** 
 773:Generated_Source\PSoC4/SPIM.c **** /*******************************************************************************
 774:Generated_Source\PSoC4/SPIM.c **** * Function Name: SPIM_ClearRxBuffer
 775:Generated_Source\PSoC4/SPIM.c **** ********************************************************************************
ARM GAS  C:\Users\Admin\AppData\Local\Temp\ccoDOIct.s 			page 28


 776:Generated_Source\PSoC4/SPIM.c **** *
 777:Generated_Source\PSoC4/SPIM.c **** * Summary:
 778:Generated_Source\PSoC4/SPIM.c **** *  Clear the RX RAM buffer by setting the read and write pointers both to zero.
 779:Generated_Source\PSoC4/SPIM.c **** *
 780:Generated_Source\PSoC4/SPIM.c **** * Parameters:
 781:Generated_Source\PSoC4/SPIM.c **** *  None.
 782:Generated_Source\PSoC4/SPIM.c **** *
 783:Generated_Source\PSoC4/SPIM.c **** * Return:
 784:Generated_Source\PSoC4/SPIM.c **** *  None.
 785:Generated_Source\PSoC4/SPIM.c **** *
 786:Generated_Source\PSoC4/SPIM.c **** * Global variables:
 787:Generated_Source\PSoC4/SPIM.c **** *  SPIM_rxBufferWrite - used for the account of the bytes which
 788:Generated_Source\PSoC4/SPIM.c **** *  have been written down in the RX software buffer, modified every function
 789:Generated_Source\PSoC4/SPIM.c **** *  call - resets to zero.
 790:Generated_Source\PSoC4/SPIM.c **** *  SPIM_rxBufferRead - used for the account of the bytes which
 791:Generated_Source\PSoC4/SPIM.c **** *  have been read from the RX software buffer, modified every function call -
 792:Generated_Source\PSoC4/SPIM.c **** *  resets to zero.
 793:Generated_Source\PSoC4/SPIM.c **** *
 794:Generated_Source\PSoC4/SPIM.c **** * Theory:
 795:Generated_Source\PSoC4/SPIM.c **** *  Setting the pointers to zero makes the system believe there is no data to
 796:Generated_Source\PSoC4/SPIM.c **** *  read and writing will resume at address 0 overwriting any data that may have
 797:Generated_Source\PSoC4/SPIM.c **** *  remained in the RAM.
 798:Generated_Source\PSoC4/SPIM.c **** *
 799:Generated_Source\PSoC4/SPIM.c **** * Side Effects:
 800:Generated_Source\PSoC4/SPIM.c **** *  Any received data not read from the RAM buffer will be lost when overwritten.
 801:Generated_Source\PSoC4/SPIM.c **** *
 802:Generated_Source\PSoC4/SPIM.c **** * Reentrant:
 803:Generated_Source\PSoC4/SPIM.c **** *  No.
 804:Generated_Source\PSoC4/SPIM.c **** *
 805:Generated_Source\PSoC4/SPIM.c **** *******************************************************************************/
 806:Generated_Source\PSoC4/SPIM.c **** void SPIM_ClearRxBuffer(void) 
 807:Generated_Source\PSoC4/SPIM.c **** {
 765              		.loc 1 807 0
 766              		.cfi_startproc
 767              		@ args = 0, pretend = 0, frame = 0
 768              		@ frame_needed = 1, uses_anonymous_args = 0
 769 0000 80B5     		push	{r7, lr}
 770              		.cfi_def_cfa_offset 8
 771              		.cfi_offset 7, -8
 772              		.cfi_offset 14, -4
 773 0002 00AF     		add	r7, sp, #0
 774              		.cfi_def_cfa_register 7
 808:Generated_Source\PSoC4/SPIM.c ****     /* Clear Hardware RX FIFO */
 809:Generated_Source\PSoC4/SPIM.c ****     while(0u !=(SPIM_RX_STATUS_REG & SPIM_STS_RX_FIFO_NOT_EMPTY))
 775              		.loc 1 809 0
 776 0004 01E0     		b	.L54
 777              	.L55:
 810:Generated_Source\PSoC4/SPIM.c ****     {
 811:Generated_Source\PSoC4/SPIM.c ****         (void) CY_GET_REG16(SPIM_RXDATA_PTR);
 778              		.loc 1 811 0
 779 0006 064B     		ldr	r3, .L56
 780 0008 1B88     		ldrh	r3, [r3]
 781              	.L54:
 809:Generated_Source\PSoC4/SPIM.c ****     {
 782              		.loc 1 809 0
 783 000a 064B     		ldr	r3, .L56+4
 784 000c 1B78     		ldrb	r3, [r3]
ARM GAS  C:\Users\Admin\AppData\Local\Temp\ccoDOIct.s 			page 29


 785 000e DBB2     		uxtb	r3, r3
 786 0010 1A00     		movs	r2, r3
 787 0012 2023     		movs	r3, #32
 788 0014 1340     		ands	r3, r2
 789 0016 F6D1     		bne	.L55
 812:Generated_Source\PSoC4/SPIM.c ****     }
 813:Generated_Source\PSoC4/SPIM.c **** 
 814:Generated_Source\PSoC4/SPIM.c ****     #if(SPIM_RX_SOFTWARE_BUF_ENABLED)
 815:Generated_Source\PSoC4/SPIM.c ****         /* Disable RX interrupt to protect global veriables */
 816:Generated_Source\PSoC4/SPIM.c ****         SPIM_DisableRxInt();
 817:Generated_Source\PSoC4/SPIM.c **** 
 818:Generated_Source\PSoC4/SPIM.c ****         SPIM_rxBufferFull  = 0u;
 819:Generated_Source\PSoC4/SPIM.c ****         SPIM_rxBufferRead  = 0u;
 820:Generated_Source\PSoC4/SPIM.c ****         SPIM_rxBufferWrite = 0u;
 821:Generated_Source\PSoC4/SPIM.c **** 
 822:Generated_Source\PSoC4/SPIM.c ****         SPIM_EnableRxInt();
 823:Generated_Source\PSoC4/SPIM.c ****     #endif /* (SPIM_RX_SOFTWARE_BUF_ENABLED) */
 824:Generated_Source\PSoC4/SPIM.c **** }
 790              		.loc 1 824 0
 791 0018 C046     		nop
 792 001a BD46     		mov	sp, r7
 793              		@ sp needed
 794 001c 80BD     		pop	{r7, pc}
 795              	.L57:
 796 001e C046     		.align	2
 797              	.L56:
 798 0020 A4100F40 		.word	1074729124
 799 0024 60000F40 		.word	1074724960
 800              		.cfi_endproc
 801              	.LFE18:
 802              		.size	SPIM_ClearRxBuffer, .-SPIM_ClearRxBuffer
 803              		.section	.text.SPIM_ClearTxBuffer,"ax",%progbits
 804              		.align	2
 805              		.global	SPIM_ClearTxBuffer
 806              		.code	16
 807              		.thumb_func
 808              		.type	SPIM_ClearTxBuffer, %function
 809              	SPIM_ClearTxBuffer:
 810              	.LFB19:
 825:Generated_Source\PSoC4/SPIM.c **** 
 826:Generated_Source\PSoC4/SPIM.c **** 
 827:Generated_Source\PSoC4/SPIM.c **** /*******************************************************************************
 828:Generated_Source\PSoC4/SPIM.c **** * Function Name: SPIM_ClearTxBuffer
 829:Generated_Source\PSoC4/SPIM.c **** ********************************************************************************
 830:Generated_Source\PSoC4/SPIM.c **** *
 831:Generated_Source\PSoC4/SPIM.c **** * Summary:
 832:Generated_Source\PSoC4/SPIM.c **** *  Clear the TX RAM buffer by setting the read and write pointers both to zero.
 833:Generated_Source\PSoC4/SPIM.c **** *
 834:Generated_Source\PSoC4/SPIM.c **** * Parameters:
 835:Generated_Source\PSoC4/SPIM.c **** *  None.
 836:Generated_Source\PSoC4/SPIM.c **** *
 837:Generated_Source\PSoC4/SPIM.c **** * Return:
 838:Generated_Source\PSoC4/SPIM.c **** *  None.
 839:Generated_Source\PSoC4/SPIM.c **** *
 840:Generated_Source\PSoC4/SPIM.c **** * Global variables:
 841:Generated_Source\PSoC4/SPIM.c **** *  SPIM_txBufferWrite - used for the account of the bytes which
 842:Generated_Source\PSoC4/SPIM.c **** *  have been written down in the TX software buffer, modified every function
ARM GAS  C:\Users\Admin\AppData\Local\Temp\ccoDOIct.s 			page 30


 843:Generated_Source\PSoC4/SPIM.c **** *  call - resets to zero.
 844:Generated_Source\PSoC4/SPIM.c **** *  SPIM_txBufferRead - used for the account of the bytes which
 845:Generated_Source\PSoC4/SPIM.c **** *  have been read from the TX software buffer, modified every function call -
 846:Generated_Source\PSoC4/SPIM.c **** *  resets to zero.
 847:Generated_Source\PSoC4/SPIM.c **** *
 848:Generated_Source\PSoC4/SPIM.c **** * Theory:
 849:Generated_Source\PSoC4/SPIM.c **** *  Setting the pointers to zero makes the system believe there is no data to
 850:Generated_Source\PSoC4/SPIM.c **** *  read and writing will resume at address 0 overwriting any data that may have
 851:Generated_Source\PSoC4/SPIM.c **** *  remained in the RAM.
 852:Generated_Source\PSoC4/SPIM.c **** *
 853:Generated_Source\PSoC4/SPIM.c **** * Side Effects:
 854:Generated_Source\PSoC4/SPIM.c **** *  Any data not yet transmitted from the RAM buffer will be lost when
 855:Generated_Source\PSoC4/SPIM.c **** *  overwritten.
 856:Generated_Source\PSoC4/SPIM.c **** *
 857:Generated_Source\PSoC4/SPIM.c **** * Reentrant:
 858:Generated_Source\PSoC4/SPIM.c **** *  No.
 859:Generated_Source\PSoC4/SPIM.c **** *
 860:Generated_Source\PSoC4/SPIM.c **** *******************************************************************************/
 861:Generated_Source\PSoC4/SPIM.c **** void SPIM_ClearTxBuffer(void) 
 862:Generated_Source\PSoC4/SPIM.c **** {
 811              		.loc 1 862 0
 812              		.cfi_startproc
 813              		@ args = 0, pretend = 0, frame = 8
 814              		@ frame_needed = 1, uses_anonymous_args = 0
 815 0000 90B5     		push	{r4, r7, lr}
 816              		.cfi_def_cfa_offset 12
 817              		.cfi_offset 4, -12
 818              		.cfi_offset 7, -8
 819              		.cfi_offset 14, -4
 820 0002 83B0     		sub	sp, sp, #12
 821              		.cfi_def_cfa_offset 24
 822 0004 00AF     		add	r7, sp, #0
 823              		.cfi_def_cfa_register 7
 863:Generated_Source\PSoC4/SPIM.c ****     uint8 enableInterrupts;
 864:Generated_Source\PSoC4/SPIM.c **** 
 865:Generated_Source\PSoC4/SPIM.c ****     enableInterrupts = CyEnterCriticalSection();
 824              		.loc 1 865 0
 825 0006 FC1D     		adds	r4, r7, #7
 826 0008 FFF7FEFF 		bl	CyEnterCriticalSection
 827 000c 0300     		movs	r3, r0
 828 000e 2370     		strb	r3, [r4]
 866:Generated_Source\PSoC4/SPIM.c ****     /* Clear TX FIFO */
 867:Generated_Source\PSoC4/SPIM.c ****     SPIM_AUX_CONTROL_DP0_REG |= ((uint8)  SPIM_TX_FIFO_CLR);
 829              		.loc 1 867 0
 830 0010 144A     		ldr	r2, .L59
 831 0012 144B     		ldr	r3, .L59
 832 0014 1B78     		ldrb	r3, [r3]
 833 0016 DBB2     		uxtb	r3, r3
 834 0018 0121     		movs	r1, #1
 835 001a 0B43     		orrs	r3, r1
 836 001c DBB2     		uxtb	r3, r3
 837 001e 1370     		strb	r3, [r2]
 868:Generated_Source\PSoC4/SPIM.c ****     SPIM_AUX_CONTROL_DP0_REG &= ((uint8) ~SPIM_TX_FIFO_CLR);
 838              		.loc 1 868 0
 839 0020 104A     		ldr	r2, .L59
 840 0022 104B     		ldr	r3, .L59
 841 0024 1B78     		ldrb	r3, [r3]
ARM GAS  C:\Users\Admin\AppData\Local\Temp\ccoDOIct.s 			page 31


 842 0026 DBB2     		uxtb	r3, r3
 843 0028 0121     		movs	r1, #1
 844 002a 8B43     		bics	r3, r1
 845 002c DBB2     		uxtb	r3, r3
 846 002e 1370     		strb	r3, [r2]
 869:Generated_Source\PSoC4/SPIM.c **** 
 870:Generated_Source\PSoC4/SPIM.c ****     #if(SPIM_USE_SECOND_DATAPATH)
 871:Generated_Source\PSoC4/SPIM.c ****         /* Clear TX FIFO for 2nd Datapath */
 872:Generated_Source\PSoC4/SPIM.c ****         SPIM_AUX_CONTROL_DP1_REG |= ((uint8)  SPIM_TX_FIFO_CLR);
 847              		.loc 1 872 0
 848 0030 0D4A     		ldr	r2, .L59+4
 849 0032 0D4B     		ldr	r3, .L59+4
 850 0034 1B78     		ldrb	r3, [r3]
 851 0036 DBB2     		uxtb	r3, r3
 852 0038 0121     		movs	r1, #1
 853 003a 0B43     		orrs	r3, r1
 854 003c DBB2     		uxtb	r3, r3
 855 003e 1370     		strb	r3, [r2]
 873:Generated_Source\PSoC4/SPIM.c ****         SPIM_AUX_CONTROL_DP1_REG &= ((uint8) ~SPIM_TX_FIFO_CLR);
 856              		.loc 1 873 0
 857 0040 094A     		ldr	r2, .L59+4
 858 0042 094B     		ldr	r3, .L59+4
 859 0044 1B78     		ldrb	r3, [r3]
 860 0046 DBB2     		uxtb	r3, r3
 861 0048 0121     		movs	r1, #1
 862 004a 8B43     		bics	r3, r1
 863 004c DBB2     		uxtb	r3, r3
 864 004e 1370     		strb	r3, [r2]
 874:Generated_Source\PSoC4/SPIM.c ****     #endif /* (SPIM_USE_SECOND_DATAPATH) */
 875:Generated_Source\PSoC4/SPIM.c ****     CyExitCriticalSection(enableInterrupts);
 865              		.loc 1 875 0
 866 0050 FB1D     		adds	r3, r7, #7
 867 0052 1B78     		ldrb	r3, [r3]
 868 0054 1800     		movs	r0, r3
 869 0056 FFF7FEFF 		bl	CyExitCriticalSection
 876:Generated_Source\PSoC4/SPIM.c **** 
 877:Generated_Source\PSoC4/SPIM.c ****     #if(SPIM_TX_SOFTWARE_BUF_ENABLED)
 878:Generated_Source\PSoC4/SPIM.c ****         /* Disable TX interrupt to protect global veriables */
 879:Generated_Source\PSoC4/SPIM.c ****         SPIM_DisableTxInt();
 880:Generated_Source\PSoC4/SPIM.c **** 
 881:Generated_Source\PSoC4/SPIM.c ****         SPIM_txBufferFull  = 0u;
 882:Generated_Source\PSoC4/SPIM.c ****         SPIM_txBufferRead  = 0u;
 883:Generated_Source\PSoC4/SPIM.c ****         SPIM_txBufferWrite = 0u;
 884:Generated_Source\PSoC4/SPIM.c **** 
 885:Generated_Source\PSoC4/SPIM.c ****         /* Buffer is EMPTY: disable TX FIFO NOT FULL interrupt */
 886:Generated_Source\PSoC4/SPIM.c ****         SPIM_TX_STATUS_MASK_REG &= ((uint8) ~SPIM_STS_TX_FIFO_NOT_FULL);
 887:Generated_Source\PSoC4/SPIM.c **** 
 888:Generated_Source\PSoC4/SPIM.c ****         SPIM_EnableTxInt();
 889:Generated_Source\PSoC4/SPIM.c ****     #endif /* (SPIM_TX_SOFTWARE_BUF_ENABLED) */
 890:Generated_Source\PSoC4/SPIM.c **** }
 870              		.loc 1 890 0
 871 005a C046     		nop
 872 005c BD46     		mov	sp, r7
 873 005e 03B0     		add	sp, sp, #12
 874              		@ sp needed
 875 0060 90BD     		pop	{r4, r7, pc}
 876              	.L60:
ARM GAS  C:\Users\Admin\AppData\Local\Temp\ccoDOIct.s 			page 32


 877 0062 C046     		.align	2
 878              	.L59:
 879 0064 92000F40 		.word	1074725010
 880 0068 93000F40 		.word	1074725011
 881              		.cfi_endproc
 882              	.LFE19:
 883              		.size	SPIM_ClearTxBuffer, .-SPIM_ClearTxBuffer
 884              		.section	.text.SPIM_PutArray,"ax",%progbits
 885              		.align	2
 886              		.global	SPIM_PutArray
 887              		.code	16
 888              		.thumb_func
 889              		.type	SPIM_PutArray, %function
 890              	SPIM_PutArray:
 891              	.LFB20:
 891:Generated_Source\PSoC4/SPIM.c **** 
 892:Generated_Source\PSoC4/SPIM.c **** 
 893:Generated_Source\PSoC4/SPIM.c **** #if(0u != SPIM_BIDIRECTIONAL_MODE)
 894:Generated_Source\PSoC4/SPIM.c ****     /*******************************************************************************
 895:Generated_Source\PSoC4/SPIM.c ****     * Function Name: SPIM_TxEnable
 896:Generated_Source\PSoC4/SPIM.c ****     ********************************************************************************
 897:Generated_Source\PSoC4/SPIM.c ****     *
 898:Generated_Source\PSoC4/SPIM.c ****     * Summary:
 899:Generated_Source\PSoC4/SPIM.c ****     *  If the SPI master is configured to use a single bi-directional pin then this
 900:Generated_Source\PSoC4/SPIM.c ****     *  will set the bi-directional pin to transmit.
 901:Generated_Source\PSoC4/SPIM.c ****     *
 902:Generated_Source\PSoC4/SPIM.c ****     * Parameters:
 903:Generated_Source\PSoC4/SPIM.c ****     *  None.
 904:Generated_Source\PSoC4/SPIM.c ****     *
 905:Generated_Source\PSoC4/SPIM.c ****     * Return:
 906:Generated_Source\PSoC4/SPIM.c ****     *  None.
 907:Generated_Source\PSoC4/SPIM.c ****     *
 908:Generated_Source\PSoC4/SPIM.c ****     *******************************************************************************/
 909:Generated_Source\PSoC4/SPIM.c ****     void SPIM_TxEnable(void) 
 910:Generated_Source\PSoC4/SPIM.c ****     {
 911:Generated_Source\PSoC4/SPIM.c ****         SPIM_CONTROL_REG |= SPIM_CTRL_TX_SIGNAL_EN;
 912:Generated_Source\PSoC4/SPIM.c ****     }
 913:Generated_Source\PSoC4/SPIM.c **** 
 914:Generated_Source\PSoC4/SPIM.c **** 
 915:Generated_Source\PSoC4/SPIM.c ****     /*******************************************************************************
 916:Generated_Source\PSoC4/SPIM.c ****     * Function Name: SPIM_TxDisable
 917:Generated_Source\PSoC4/SPIM.c ****     ********************************************************************************
 918:Generated_Source\PSoC4/SPIM.c ****     *
 919:Generated_Source\PSoC4/SPIM.c ****     * Summary:
 920:Generated_Source\PSoC4/SPIM.c ****     *  If the SPI master is configured to use a single bi-directional pin then this
 921:Generated_Source\PSoC4/SPIM.c ****     *  will set the bi-directional pin to receive.
 922:Generated_Source\PSoC4/SPIM.c ****     *
 923:Generated_Source\PSoC4/SPIM.c ****     * Parameters:
 924:Generated_Source\PSoC4/SPIM.c ****     *  None.
 925:Generated_Source\PSoC4/SPIM.c ****     *
 926:Generated_Source\PSoC4/SPIM.c ****     * Return:
 927:Generated_Source\PSoC4/SPIM.c ****     *  None.
 928:Generated_Source\PSoC4/SPIM.c ****     *
 929:Generated_Source\PSoC4/SPIM.c ****     *******************************************************************************/
 930:Generated_Source\PSoC4/SPIM.c ****     void SPIM_TxDisable(void) 
 931:Generated_Source\PSoC4/SPIM.c ****     {
 932:Generated_Source\PSoC4/SPIM.c ****         SPIM_CONTROL_REG &= ((uint8) ~SPIM_CTRL_TX_SIGNAL_EN);
ARM GAS  C:\Users\Admin\AppData\Local\Temp\ccoDOIct.s 			page 33


 933:Generated_Source\PSoC4/SPIM.c ****     }
 934:Generated_Source\PSoC4/SPIM.c **** 
 935:Generated_Source\PSoC4/SPIM.c **** #endif /* (0u != SPIM_BIDIRECTIONAL_MODE) */
 936:Generated_Source\PSoC4/SPIM.c **** 
 937:Generated_Source\PSoC4/SPIM.c **** 
 938:Generated_Source\PSoC4/SPIM.c **** /*******************************************************************************
 939:Generated_Source\PSoC4/SPIM.c **** * Function Name: SPIM_PutArray
 940:Generated_Source\PSoC4/SPIM.c **** ********************************************************************************
 941:Generated_Source\PSoC4/SPIM.c **** *
 942:Generated_Source\PSoC4/SPIM.c **** * Summary:
 943:Generated_Source\PSoC4/SPIM.c **** *  Write available data from ROM/RAM to the TX buffer while space is available
 944:Generated_Source\PSoC4/SPIM.c **** *  in the TX buffer. Keep trying until all data is passed to the TX buffer.
 945:Generated_Source\PSoC4/SPIM.c **** *
 946:Generated_Source\PSoC4/SPIM.c **** * Parameters:
 947:Generated_Source\PSoC4/SPIM.c **** *  *buffer: Pointer to the location in RAM containing the data to send
 948:Generated_Source\PSoC4/SPIM.c **** *  byteCount: The number of bytes to move to the transmit buffer.
 949:Generated_Source\PSoC4/SPIM.c **** *
 950:Generated_Source\PSoC4/SPIM.c **** * Return:
 951:Generated_Source\PSoC4/SPIM.c **** *  None.
 952:Generated_Source\PSoC4/SPIM.c **** *
 953:Generated_Source\PSoC4/SPIM.c **** * Side Effects:
 954:Generated_Source\PSoC4/SPIM.c **** *  Will stay in this routine until all data has been sent.  May get locked in
 955:Generated_Source\PSoC4/SPIM.c **** *  this loop if data is not being initiated by the master if there is not
 956:Generated_Source\PSoC4/SPIM.c **** *  enough room in the TX FIFO.
 957:Generated_Source\PSoC4/SPIM.c **** *
 958:Generated_Source\PSoC4/SPIM.c **** * Reentrant:
 959:Generated_Source\PSoC4/SPIM.c **** *  No.
 960:Generated_Source\PSoC4/SPIM.c **** *
 961:Generated_Source\PSoC4/SPIM.c **** *******************************************************************************/
 962:Generated_Source\PSoC4/SPIM.c **** void SPIM_PutArray(const uint16 buffer[], uint8 byteCount)
 963:Generated_Source\PSoC4/SPIM.c ****                                                                           
 964:Generated_Source\PSoC4/SPIM.c **** {
 892              		.loc 1 964 0
 893              		.cfi_startproc
 894              		@ args = 0, pretend = 0, frame = 16
 895              		@ frame_needed = 1, uses_anonymous_args = 0
 896 0000 80B5     		push	{r7, lr}
 897              		.cfi_def_cfa_offset 8
 898              		.cfi_offset 7, -8
 899              		.cfi_offset 14, -4
 900 0002 84B0     		sub	sp, sp, #16
 901              		.cfi_def_cfa_offset 24
 902 0004 00AF     		add	r7, sp, #0
 903              		.cfi_def_cfa_register 7
 904 0006 7860     		str	r0, [r7, #4]
 905 0008 0A00     		movs	r2, r1
 906 000a FB1C     		adds	r3, r7, #3
 907 000c 1A70     		strb	r2, [r3]
 965:Generated_Source\PSoC4/SPIM.c ****     uint8 bufIndex;
 966:Generated_Source\PSoC4/SPIM.c **** 
 967:Generated_Source\PSoC4/SPIM.c ****     bufIndex = 0u;
 908              		.loc 1 967 0
 909 000e 0F23     		movs	r3, #15
 910 0010 FB18     		adds	r3, r7, r3
 911 0012 0022     		movs	r2, #0
 912 0014 1A70     		strb	r2, [r3]
 968:Generated_Source\PSoC4/SPIM.c **** 
ARM GAS  C:\Users\Admin\AppData\Local\Temp\ccoDOIct.s 			page 34


 969:Generated_Source\PSoC4/SPIM.c ****     while(byteCount > 0u)
 913              		.loc 1 969 0
 914 0016 15E0     		b	.L62
 915              	.L63:
 970:Generated_Source\PSoC4/SPIM.c ****     {
 971:Generated_Source\PSoC4/SPIM.c ****         SPIM_WriteTxData(buffer[bufIndex]);
 916              		.loc 1 971 0
 917 0018 0F23     		movs	r3, #15
 918 001a FB18     		adds	r3, r7, r3
 919 001c 1B78     		ldrb	r3, [r3]
 920 001e 5B00     		lsls	r3, r3, #1
 921 0020 7A68     		ldr	r2, [r7, #4]
 922 0022 D318     		adds	r3, r2, r3
 923 0024 1B88     		ldrh	r3, [r3]
 924 0026 1800     		movs	r0, r3
 925 0028 FFF7FEFF 		bl	SPIM_WriteTxData
 972:Generated_Source\PSoC4/SPIM.c ****         bufIndex++;
 926              		.loc 1 972 0
 927 002c 0F23     		movs	r3, #15
 928 002e FB18     		adds	r3, r7, r3
 929 0030 1A78     		ldrb	r2, [r3]
 930 0032 0F23     		movs	r3, #15
 931 0034 FB18     		adds	r3, r7, r3
 932 0036 0132     		adds	r2, r2, #1
 933 0038 1A70     		strb	r2, [r3]
 973:Generated_Source\PSoC4/SPIM.c ****         byteCount--;
 934              		.loc 1 973 0
 935 003a FB1C     		adds	r3, r7, #3
 936 003c 1A78     		ldrb	r2, [r3]
 937 003e FB1C     		adds	r3, r7, #3
 938 0040 013A     		subs	r2, r2, #1
 939 0042 1A70     		strb	r2, [r3]
 940              	.L62:
 969:Generated_Source\PSoC4/SPIM.c ****     {
 941              		.loc 1 969 0
 942 0044 FB1C     		adds	r3, r7, #3
 943 0046 1B78     		ldrb	r3, [r3]
 944 0048 002B     		cmp	r3, #0
 945 004a E5D1     		bne	.L63
 974:Generated_Source\PSoC4/SPIM.c ****     }
 975:Generated_Source\PSoC4/SPIM.c **** }
 946              		.loc 1 975 0
 947 004c C046     		nop
 948 004e BD46     		mov	sp, r7
 949 0050 04B0     		add	sp, sp, #16
 950              		@ sp needed
 951 0052 80BD     		pop	{r7, pc}
 952              		.cfi_endproc
 953              	.LFE20:
 954              		.size	SPIM_PutArray, .-SPIM_PutArray
 955              		.section	.text.SPIM_ClearFIFO,"ax",%progbits
 956              		.align	2
 957              		.global	SPIM_ClearFIFO
 958              		.code	16
 959              		.thumb_func
 960              		.type	SPIM_ClearFIFO, %function
 961              	SPIM_ClearFIFO:
ARM GAS  C:\Users\Admin\AppData\Local\Temp\ccoDOIct.s 			page 35


 962              	.LFB21:
 976:Generated_Source\PSoC4/SPIM.c **** 
 977:Generated_Source\PSoC4/SPIM.c **** 
 978:Generated_Source\PSoC4/SPIM.c **** /*******************************************************************************
 979:Generated_Source\PSoC4/SPIM.c **** * Function Name: SPIM_ClearFIFO
 980:Generated_Source\PSoC4/SPIM.c **** ********************************************************************************
 981:Generated_Source\PSoC4/SPIM.c **** *
 982:Generated_Source\PSoC4/SPIM.c **** * Summary:
 983:Generated_Source\PSoC4/SPIM.c **** *  Clear the RX and TX FIFO's of all data for a fresh start.
 984:Generated_Source\PSoC4/SPIM.c **** *
 985:Generated_Source\PSoC4/SPIM.c **** * Parameters:
 986:Generated_Source\PSoC4/SPIM.c **** *  None.
 987:Generated_Source\PSoC4/SPIM.c **** *
 988:Generated_Source\PSoC4/SPIM.c **** * Return:
 989:Generated_Source\PSoC4/SPIM.c **** *  None.
 990:Generated_Source\PSoC4/SPIM.c **** *
 991:Generated_Source\PSoC4/SPIM.c **** * Side Effects:
 992:Generated_Source\PSoC4/SPIM.c **** *  Clear status register of the component.
 993:Generated_Source\PSoC4/SPIM.c **** *
 994:Generated_Source\PSoC4/SPIM.c **** *******************************************************************************/
 995:Generated_Source\PSoC4/SPIM.c **** void SPIM_ClearFIFO(void) 
 996:Generated_Source\PSoC4/SPIM.c **** {
 963              		.loc 1 996 0
 964              		.cfi_startproc
 965              		@ args = 0, pretend = 0, frame = 8
 966              		@ frame_needed = 1, uses_anonymous_args = 0
 967 0000 90B5     		push	{r4, r7, lr}
 968              		.cfi_def_cfa_offset 12
 969              		.cfi_offset 4, -12
 970              		.cfi_offset 7, -8
 971              		.cfi_offset 14, -4
 972 0002 83B0     		sub	sp, sp, #12
 973              		.cfi_def_cfa_offset 24
 974 0004 00AF     		add	r7, sp, #0
 975              		.cfi_def_cfa_register 7
 997:Generated_Source\PSoC4/SPIM.c ****     uint8 enableInterrupts;
 998:Generated_Source\PSoC4/SPIM.c **** 
 999:Generated_Source\PSoC4/SPIM.c ****     /* Clear Hardware RX FIFO */
1000:Generated_Source\PSoC4/SPIM.c ****     while(0u !=(SPIM_RX_STATUS_REG & SPIM_STS_RX_FIFO_NOT_EMPTY))
 976              		.loc 1 1000 0
 977 0006 01E0     		b	.L65
 978              	.L66:
1001:Generated_Source\PSoC4/SPIM.c ****     {
1002:Generated_Source\PSoC4/SPIM.c ****         (void) CY_GET_REG16(SPIM_RXDATA_PTR);
 979              		.loc 1 1002 0
 980 0008 1B4B     		ldr	r3, .L67
 981 000a 1B88     		ldrh	r3, [r3]
 982              	.L65:
1000:Generated_Source\PSoC4/SPIM.c ****     {
 983              		.loc 1 1000 0
 984 000c 1B4B     		ldr	r3, .L67+4
 985 000e 1B78     		ldrb	r3, [r3]
 986 0010 DBB2     		uxtb	r3, r3
 987 0012 1A00     		movs	r2, r3
 988 0014 2023     		movs	r3, #32
 989 0016 1340     		ands	r3, r2
 990 0018 F6D1     		bne	.L66
ARM GAS  C:\Users\Admin\AppData\Local\Temp\ccoDOIct.s 			page 36


1003:Generated_Source\PSoC4/SPIM.c ****     }
1004:Generated_Source\PSoC4/SPIM.c **** 
1005:Generated_Source\PSoC4/SPIM.c ****     enableInterrupts = CyEnterCriticalSection();
 991              		.loc 1 1005 0
 992 001a FC1D     		adds	r4, r7, #7
 993 001c FFF7FEFF 		bl	CyEnterCriticalSection
 994 0020 0300     		movs	r3, r0
 995 0022 2370     		strb	r3, [r4]
1006:Generated_Source\PSoC4/SPIM.c ****     /* Clear TX FIFO */
1007:Generated_Source\PSoC4/SPIM.c ****     SPIM_AUX_CONTROL_DP0_REG |= ((uint8)  SPIM_TX_FIFO_CLR);
 996              		.loc 1 1007 0
 997 0024 164A     		ldr	r2, .L67+8
 998 0026 164B     		ldr	r3, .L67+8
 999 0028 1B78     		ldrb	r3, [r3]
 1000 002a DBB2     		uxtb	r3, r3
 1001 002c 0121     		movs	r1, #1
 1002 002e 0B43     		orrs	r3, r1
 1003 0030 DBB2     		uxtb	r3, r3
 1004 0032 1370     		strb	r3, [r2]
1008:Generated_Source\PSoC4/SPIM.c ****     SPIM_AUX_CONTROL_DP0_REG &= ((uint8) ~SPIM_TX_FIFO_CLR);
 1005              		.loc 1 1008 0
 1006 0034 124A     		ldr	r2, .L67+8
 1007 0036 124B     		ldr	r3, .L67+8
 1008 0038 1B78     		ldrb	r3, [r3]
 1009 003a DBB2     		uxtb	r3, r3
 1010 003c 0121     		movs	r1, #1
 1011 003e 8B43     		bics	r3, r1
 1012 0040 DBB2     		uxtb	r3, r3
 1013 0042 1370     		strb	r3, [r2]
1009:Generated_Source\PSoC4/SPIM.c **** 
1010:Generated_Source\PSoC4/SPIM.c ****     #if(SPIM_USE_SECOND_DATAPATH)
1011:Generated_Source\PSoC4/SPIM.c ****         /* Clear TX FIFO for 2nd Datapath */
1012:Generated_Source\PSoC4/SPIM.c ****         SPIM_AUX_CONTROL_DP1_REG |= ((uint8)  SPIM_TX_FIFO_CLR);
 1014              		.loc 1 1012 0
 1015 0044 0F4A     		ldr	r2, .L67+12
 1016 0046 0F4B     		ldr	r3, .L67+12
 1017 0048 1B78     		ldrb	r3, [r3]
 1018 004a DBB2     		uxtb	r3, r3
 1019 004c 0121     		movs	r1, #1
 1020 004e 0B43     		orrs	r3, r1
 1021 0050 DBB2     		uxtb	r3, r3
 1022 0052 1370     		strb	r3, [r2]
1013:Generated_Source\PSoC4/SPIM.c ****         SPIM_AUX_CONTROL_DP1_REG &= ((uint8) ~SPIM_TX_FIFO_CLR);
 1023              		.loc 1 1013 0
 1024 0054 0B4A     		ldr	r2, .L67+12
 1025 0056 0B4B     		ldr	r3, .L67+12
 1026 0058 1B78     		ldrb	r3, [r3]
 1027 005a DBB2     		uxtb	r3, r3
 1028 005c 0121     		movs	r1, #1
 1029 005e 8B43     		bics	r3, r1
 1030 0060 DBB2     		uxtb	r3, r3
 1031 0062 1370     		strb	r3, [r2]
1014:Generated_Source\PSoC4/SPIM.c ****     #endif /* (SPIM_USE_SECOND_DATAPATH) */
1015:Generated_Source\PSoC4/SPIM.c ****     CyExitCriticalSection(enableInterrupts);
 1032              		.loc 1 1015 0
 1033 0064 FB1D     		adds	r3, r7, #7
 1034 0066 1B78     		ldrb	r3, [r3]
ARM GAS  C:\Users\Admin\AppData\Local\Temp\ccoDOIct.s 			page 37


 1035 0068 1800     		movs	r0, r3
 1036 006a FFF7FEFF 		bl	CyExitCriticalSection
1016:Generated_Source\PSoC4/SPIM.c **** }
 1037              		.loc 1 1016 0
 1038 006e C046     		nop
 1039 0070 BD46     		mov	sp, r7
 1040 0072 03B0     		add	sp, sp, #12
 1041              		@ sp needed
 1042 0074 90BD     		pop	{r4, r7, pc}
 1043              	.L68:
 1044 0076 C046     		.align	2
 1045              	.L67:
 1046 0078 A4100F40 		.word	1074729124
 1047 007c 60000F40 		.word	1074724960
 1048 0080 92000F40 		.word	1074725010
 1049 0084 93000F40 		.word	1074725011
 1050              		.cfi_endproc
 1051              	.LFE21:
 1052              		.size	SPIM_ClearFIFO, .-SPIM_ClearFIFO
 1053              		.section	.text.SPIM_EnableInt,"ax",%progbits
 1054              		.align	2
 1055              		.global	SPIM_EnableInt
 1056              		.code	16
 1057              		.thumb_func
 1058              		.type	SPIM_EnableInt, %function
 1059              	SPIM_EnableInt:
 1060              	.LFB22:
1017:Generated_Source\PSoC4/SPIM.c **** 
1018:Generated_Source\PSoC4/SPIM.c **** 
1019:Generated_Source\PSoC4/SPIM.c **** /* Following functions are for version Compatibility, they are obsolete.
1020:Generated_Source\PSoC4/SPIM.c **** *  Please do not use it in new projects.
1021:Generated_Source\PSoC4/SPIM.c **** */
1022:Generated_Source\PSoC4/SPIM.c **** 
1023:Generated_Source\PSoC4/SPIM.c **** 
1024:Generated_Source\PSoC4/SPIM.c **** /*******************************************************************************
1025:Generated_Source\PSoC4/SPIM.c **** * Function Name: SPIM_EnableInt
1026:Generated_Source\PSoC4/SPIM.c **** ********************************************************************************
1027:Generated_Source\PSoC4/SPIM.c **** *
1028:Generated_Source\PSoC4/SPIM.c **** * Summary:
1029:Generated_Source\PSoC4/SPIM.c **** *  Enable internal interrupt generation.
1030:Generated_Source\PSoC4/SPIM.c **** *
1031:Generated_Source\PSoC4/SPIM.c **** * Parameters:
1032:Generated_Source\PSoC4/SPIM.c **** *  None.
1033:Generated_Source\PSoC4/SPIM.c **** *
1034:Generated_Source\PSoC4/SPIM.c **** * Return:
1035:Generated_Source\PSoC4/SPIM.c **** *  None.
1036:Generated_Source\PSoC4/SPIM.c **** *
1037:Generated_Source\PSoC4/SPIM.c **** * Theory:
1038:Generated_Source\PSoC4/SPIM.c **** *  Enable the internal interrupt output -or- the interrupt component itself.
1039:Generated_Source\PSoC4/SPIM.c **** *
1040:Generated_Source\PSoC4/SPIM.c **** *******************************************************************************/
1041:Generated_Source\PSoC4/SPIM.c **** void SPIM_EnableInt(void) 
1042:Generated_Source\PSoC4/SPIM.c **** {
 1061              		.loc 1 1042 0
 1062              		.cfi_startproc
 1063              		@ args = 0, pretend = 0, frame = 0
 1064              		@ frame_needed = 1, uses_anonymous_args = 0
ARM GAS  C:\Users\Admin\AppData\Local\Temp\ccoDOIct.s 			page 38


 1065 0000 80B5     		push	{r7, lr}
 1066              		.cfi_def_cfa_offset 8
 1067              		.cfi_offset 7, -8
 1068              		.cfi_offset 14, -4
 1069 0002 00AF     		add	r7, sp, #0
 1070              		.cfi_def_cfa_register 7
1043:Generated_Source\PSoC4/SPIM.c ****     SPIM_EnableRxInt();
 1071              		.loc 1 1043 0
 1072 0004 FFF7FEFF 		bl	SPIM_EnableRxInt
1044:Generated_Source\PSoC4/SPIM.c ****     SPIM_EnableTxInt();
 1073              		.loc 1 1044 0
 1074 0008 FFF7FEFF 		bl	SPIM_EnableTxInt
1045:Generated_Source\PSoC4/SPIM.c **** }
 1075              		.loc 1 1045 0
 1076 000c C046     		nop
 1077 000e BD46     		mov	sp, r7
 1078              		@ sp needed
 1079 0010 80BD     		pop	{r7, pc}
 1080              		.cfi_endproc
 1081              	.LFE22:
 1082              		.size	SPIM_EnableInt, .-SPIM_EnableInt
 1083 0012 C046     		.section	.text.SPIM_DisableInt,"ax",%progbits
 1084              		.align	2
 1085              		.global	SPIM_DisableInt
 1086              		.code	16
 1087              		.thumb_func
 1088              		.type	SPIM_DisableInt, %function
 1089              	SPIM_DisableInt:
 1090              	.LFB23:
1046:Generated_Source\PSoC4/SPIM.c **** 
1047:Generated_Source\PSoC4/SPIM.c **** 
1048:Generated_Source\PSoC4/SPIM.c **** /*******************************************************************************
1049:Generated_Source\PSoC4/SPIM.c **** * Function Name: SPIM_DisableInt
1050:Generated_Source\PSoC4/SPIM.c **** ********************************************************************************
1051:Generated_Source\PSoC4/SPIM.c **** *
1052:Generated_Source\PSoC4/SPIM.c **** * Summary:
1053:Generated_Source\PSoC4/SPIM.c **** *  Disable internal interrupt generation.
1054:Generated_Source\PSoC4/SPIM.c **** *
1055:Generated_Source\PSoC4/SPIM.c **** * Parameters:
1056:Generated_Source\PSoC4/SPIM.c **** *  None.
1057:Generated_Source\PSoC4/SPIM.c **** *
1058:Generated_Source\PSoC4/SPIM.c **** * Return:
1059:Generated_Source\PSoC4/SPIM.c **** *  None.
1060:Generated_Source\PSoC4/SPIM.c **** *
1061:Generated_Source\PSoC4/SPIM.c **** * Theory:
1062:Generated_Source\PSoC4/SPIM.c **** *  Disable the internal interrupt output -or- the interrupt component itself.
1063:Generated_Source\PSoC4/SPIM.c **** *
1064:Generated_Source\PSoC4/SPIM.c **** *******************************************************************************/
1065:Generated_Source\PSoC4/SPIM.c **** void SPIM_DisableInt(void) 
1066:Generated_Source\PSoC4/SPIM.c **** {
 1091              		.loc 1 1066 0
 1092              		.cfi_startproc
 1093              		@ args = 0, pretend = 0, frame = 0
 1094              		@ frame_needed = 1, uses_anonymous_args = 0
 1095 0000 80B5     		push	{r7, lr}
 1096              		.cfi_def_cfa_offset 8
 1097              		.cfi_offset 7, -8
ARM GAS  C:\Users\Admin\AppData\Local\Temp\ccoDOIct.s 			page 39


 1098              		.cfi_offset 14, -4
 1099 0002 00AF     		add	r7, sp, #0
 1100              		.cfi_def_cfa_register 7
1067:Generated_Source\PSoC4/SPIM.c ****     SPIM_DisableTxInt();
 1101              		.loc 1 1067 0
 1102 0004 FFF7FEFF 		bl	SPIM_DisableTxInt
1068:Generated_Source\PSoC4/SPIM.c ****     SPIM_DisableRxInt();
 1103              		.loc 1 1068 0
 1104 0008 FFF7FEFF 		bl	SPIM_DisableRxInt
1069:Generated_Source\PSoC4/SPIM.c **** }
 1105              		.loc 1 1069 0
 1106 000c C046     		nop
 1107 000e BD46     		mov	sp, r7
 1108              		@ sp needed
 1109 0010 80BD     		pop	{r7, pc}
 1110              		.cfi_endproc
 1111              	.LFE23:
 1112              		.size	SPIM_DisableInt, .-SPIM_DisableInt
 1113 0012 C046     		.section	.text.SPIM_SetInterruptMode,"ax",%progbits
 1114              		.align	2
 1115              		.global	SPIM_SetInterruptMode
 1116              		.code	16
 1117              		.thumb_func
 1118              		.type	SPIM_SetInterruptMode, %function
 1119              	SPIM_SetInterruptMode:
 1120              	.LFB24:
1070:Generated_Source\PSoC4/SPIM.c **** 
1071:Generated_Source\PSoC4/SPIM.c **** 
1072:Generated_Source\PSoC4/SPIM.c **** /*******************************************************************************
1073:Generated_Source\PSoC4/SPIM.c **** * Function Name: SPIM_SetInterruptMode
1074:Generated_Source\PSoC4/SPIM.c **** ********************************************************************************
1075:Generated_Source\PSoC4/SPIM.c **** *
1076:Generated_Source\PSoC4/SPIM.c **** * Summary:
1077:Generated_Source\PSoC4/SPIM.c **** *  Configure which status bits trigger an interrupt event.
1078:Generated_Source\PSoC4/SPIM.c **** *
1079:Generated_Source\PSoC4/SPIM.c **** * Parameters:
1080:Generated_Source\PSoC4/SPIM.c **** *  intSrc: An or'd combination of the desired status bit masks (defined in the
1081:Generated_Source\PSoC4/SPIM.c **** *  header file).
1082:Generated_Source\PSoC4/SPIM.c **** *
1083:Generated_Source\PSoC4/SPIM.c **** * Return:
1084:Generated_Source\PSoC4/SPIM.c **** *  None.
1085:Generated_Source\PSoC4/SPIM.c **** *
1086:Generated_Source\PSoC4/SPIM.c **** * Theory:
1087:Generated_Source\PSoC4/SPIM.c **** *  Enables the output of specific status bits to the interrupt controller.
1088:Generated_Source\PSoC4/SPIM.c **** *
1089:Generated_Source\PSoC4/SPIM.c **** *******************************************************************************/
1090:Generated_Source\PSoC4/SPIM.c **** void SPIM_SetInterruptMode(uint8 intSrc) 
1091:Generated_Source\PSoC4/SPIM.c **** {
 1121              		.loc 1 1091 0
 1122              		.cfi_startproc
 1123              		@ args = 0, pretend = 0, frame = 8
 1124              		@ frame_needed = 1, uses_anonymous_args = 0
 1125 0000 80B5     		push	{r7, lr}
 1126              		.cfi_def_cfa_offset 8
 1127              		.cfi_offset 7, -8
 1128              		.cfi_offset 14, -4
 1129 0002 82B0     		sub	sp, sp, #8
ARM GAS  C:\Users\Admin\AppData\Local\Temp\ccoDOIct.s 			page 40


 1130              		.cfi_def_cfa_offset 16
 1131 0004 00AF     		add	r7, sp, #0
 1132              		.cfi_def_cfa_register 7
 1133 0006 0200     		movs	r2, r0
 1134 0008 FB1D     		adds	r3, r7, #7
 1135 000a 1A70     		strb	r2, [r3]
1092:Generated_Source\PSoC4/SPIM.c ****     SPIM_TX_STATUS_MASK_REG  = (intSrc & ((uint8) ~SPIM_STS_SPI_IDLE));
 1136              		.loc 1 1092 0
 1137 000c 074A     		ldr	r2, .L72
 1138 000e FB1D     		adds	r3, r7, #7
 1139 0010 1B78     		ldrb	r3, [r3]
 1140 0012 1021     		movs	r1, #16
 1141 0014 8B43     		bics	r3, r1
 1142 0016 DBB2     		uxtb	r3, r3
 1143 0018 1370     		strb	r3, [r2]
1093:Generated_Source\PSoC4/SPIM.c ****     SPIM_RX_STATUS_MASK_REG  =  intSrc;
 1144              		.loc 1 1093 0
 1145 001a 054A     		ldr	r2, .L72+4
 1146 001c FB1D     		adds	r3, r7, #7
 1147 001e 1B78     		ldrb	r3, [r3]
 1148 0020 1370     		strb	r3, [r2]
1094:Generated_Source\PSoC4/SPIM.c **** }
 1149              		.loc 1 1094 0
 1150 0022 C046     		nop
 1151 0024 BD46     		mov	sp, r7
 1152 0026 02B0     		add	sp, sp, #8
 1153              		@ sp needed
 1154 0028 80BD     		pop	{r7, pc}
 1155              	.L73:
 1156 002a C046     		.align	2
 1157              	.L72:
 1158 002c 82000F40 		.word	1074724994
 1159 0030 80000F40 		.word	1074724992
 1160              		.cfi_endproc
 1161              	.LFE24:
 1162              		.size	SPIM_SetInterruptMode, .-SPIM_SetInterruptMode
 1163              		.section	.text.SPIM_ReadStatus,"ax",%progbits
 1164              		.align	2
 1165              		.global	SPIM_ReadStatus
 1166              		.code	16
 1167              		.thumb_func
 1168              		.type	SPIM_ReadStatus, %function
 1169              	SPIM_ReadStatus:
 1170              	.LFB25:
1095:Generated_Source\PSoC4/SPIM.c **** 
1096:Generated_Source\PSoC4/SPIM.c **** 
1097:Generated_Source\PSoC4/SPIM.c **** /*******************************************************************************
1098:Generated_Source\PSoC4/SPIM.c **** * Function Name: SPIM_ReadStatus
1099:Generated_Source\PSoC4/SPIM.c **** ********************************************************************************
1100:Generated_Source\PSoC4/SPIM.c **** *
1101:Generated_Source\PSoC4/SPIM.c **** * Summary:
1102:Generated_Source\PSoC4/SPIM.c **** *  Read the status register for the component.
1103:Generated_Source\PSoC4/SPIM.c **** *
1104:Generated_Source\PSoC4/SPIM.c **** * Parameters:
1105:Generated_Source\PSoC4/SPIM.c **** *  None.
1106:Generated_Source\PSoC4/SPIM.c **** *
1107:Generated_Source\PSoC4/SPIM.c **** * Return:
ARM GAS  C:\Users\Admin\AppData\Local\Temp\ccoDOIct.s 			page 41


1108:Generated_Source\PSoC4/SPIM.c **** *  Contents of the status register.
1109:Generated_Source\PSoC4/SPIM.c **** *
1110:Generated_Source\PSoC4/SPIM.c **** * Global variables:
1111:Generated_Source\PSoC4/SPIM.c **** *  SPIM_swStatus - used to store in software status register,
1112:Generated_Source\PSoC4/SPIM.c **** *  modified every function call - resets to zero.
1113:Generated_Source\PSoC4/SPIM.c **** *
1114:Generated_Source\PSoC4/SPIM.c **** * Theory:
1115:Generated_Source\PSoC4/SPIM.c **** *  Allows the user and the API to read the status register for error detection
1116:Generated_Source\PSoC4/SPIM.c **** *  and flow control.
1117:Generated_Source\PSoC4/SPIM.c **** *
1118:Generated_Source\PSoC4/SPIM.c **** * Side Effects:
1119:Generated_Source\PSoC4/SPIM.c **** *  Clear status register of the component.
1120:Generated_Source\PSoC4/SPIM.c **** *
1121:Generated_Source\PSoC4/SPIM.c **** * Reentrant:
1122:Generated_Source\PSoC4/SPIM.c **** *  No.
1123:Generated_Source\PSoC4/SPIM.c **** *
1124:Generated_Source\PSoC4/SPIM.c **** *******************************************************************************/
1125:Generated_Source\PSoC4/SPIM.c **** uint8 SPIM_ReadStatus(void) 
1126:Generated_Source\PSoC4/SPIM.c **** {
 1171              		.loc 1 1126 0
 1172              		.cfi_startproc
 1173              		@ args = 0, pretend = 0, frame = 8
 1174              		@ frame_needed = 1, uses_anonymous_args = 0
 1175 0000 80B5     		push	{r7, lr}
 1176              		.cfi_def_cfa_offset 8
 1177              		.cfi_offset 7, -8
 1178              		.cfi_offset 14, -4
 1179 0002 82B0     		sub	sp, sp, #8
 1180              		.cfi_def_cfa_offset 16
 1181 0004 00AF     		add	r7, sp, #0
 1182              		.cfi_def_cfa_register 7
1127:Generated_Source\PSoC4/SPIM.c ****     uint8 tmpStatus;
1128:Generated_Source\PSoC4/SPIM.c **** 
1129:Generated_Source\PSoC4/SPIM.c ****     #if(SPIM_TX_SOFTWARE_BUF_ENABLED || SPIM_RX_SOFTWARE_BUF_ENABLED)
1130:Generated_Source\PSoC4/SPIM.c **** 
1131:Generated_Source\PSoC4/SPIM.c ****         SPIM_DisableInt();
1132:Generated_Source\PSoC4/SPIM.c **** 
1133:Generated_Source\PSoC4/SPIM.c ****         tmpStatus  = SPIM_GET_STATUS_RX(SPIM_swStatusRx);
1134:Generated_Source\PSoC4/SPIM.c ****         tmpStatus |= SPIM_GET_STATUS_TX(SPIM_swStatusTx);
1135:Generated_Source\PSoC4/SPIM.c ****         tmpStatus &= ((uint8) ~SPIM_STS_SPI_IDLE);
1136:Generated_Source\PSoC4/SPIM.c **** 
1137:Generated_Source\PSoC4/SPIM.c ****         SPIM_swStatusTx = 0u;
1138:Generated_Source\PSoC4/SPIM.c ****         SPIM_swStatusRx = 0u;
1139:Generated_Source\PSoC4/SPIM.c **** 
1140:Generated_Source\PSoC4/SPIM.c ****         SPIM_EnableInt();
1141:Generated_Source\PSoC4/SPIM.c **** 
1142:Generated_Source\PSoC4/SPIM.c ****     #else
1143:Generated_Source\PSoC4/SPIM.c **** 
1144:Generated_Source\PSoC4/SPIM.c ****         tmpStatus  = SPIM_RX_STATUS_REG;
 1183              		.loc 1 1144 0
 1184 0006 0C4A     		ldr	r2, .L76
 1185 0008 FB1D     		adds	r3, r7, #7
 1186 000a 1278     		ldrb	r2, [r2]
 1187 000c 1A70     		strb	r2, [r3]
1145:Generated_Source\PSoC4/SPIM.c ****         tmpStatus |= SPIM_TX_STATUS_REG;
 1188              		.loc 1 1145 0
 1189 000e 0B4B     		ldr	r3, .L76+4
ARM GAS  C:\Users\Admin\AppData\Local\Temp\ccoDOIct.s 			page 42


 1190 0010 1B78     		ldrb	r3, [r3]
 1191 0012 D9B2     		uxtb	r1, r3
 1192 0014 FB1D     		adds	r3, r7, #7
 1193 0016 FA1D     		adds	r2, r7, #7
 1194 0018 1278     		ldrb	r2, [r2]
 1195 001a 0A43     		orrs	r2, r1
 1196 001c 1A70     		strb	r2, [r3]
1146:Generated_Source\PSoC4/SPIM.c ****         tmpStatus &= ((uint8) ~SPIM_STS_SPI_IDLE);
 1197              		.loc 1 1146 0
 1198 001e FB1D     		adds	r3, r7, #7
 1199 0020 FA1D     		adds	r2, r7, #7
 1200 0022 1278     		ldrb	r2, [r2]
 1201 0024 1021     		movs	r1, #16
 1202 0026 8A43     		bics	r2, r1
 1203 0028 1A70     		strb	r2, [r3]
1147:Generated_Source\PSoC4/SPIM.c **** 
1148:Generated_Source\PSoC4/SPIM.c ****     #endif /* (SPIM_TX_SOFTWARE_BUF_ENABLED || SPIM_RX_SOFTWARE_BUF_ENABLED) */
1149:Generated_Source\PSoC4/SPIM.c **** 
1150:Generated_Source\PSoC4/SPIM.c ****     return(tmpStatus);
 1204              		.loc 1 1150 0
 1205 002a FB1D     		adds	r3, r7, #7
 1206 002c 1B78     		ldrb	r3, [r3]
1151:Generated_Source\PSoC4/SPIM.c **** }
 1207              		.loc 1 1151 0
 1208 002e 1800     		movs	r0, r3
 1209 0030 BD46     		mov	sp, r7
 1210 0032 02B0     		add	sp, sp, #8
 1211              		@ sp needed
 1212 0034 80BD     		pop	{r7, pc}
 1213              	.L77:
 1214 0036 C046     		.align	2
 1215              	.L76:
 1216 0038 60000F40 		.word	1074724960
 1217 003c 62000F40 		.word	1074724962
 1218              		.cfi_endproc
 1219              	.LFE25:
 1220              		.size	SPIM_ReadStatus, .-SPIM_ReadStatus
 1221              		.text
 1222              	.Letext0:
 1223              		.file 2 "Generated_Source\\PSoC4\\cytypes.h"
 1224              		.section	.debug_info,"",%progbits
 1225              	.Ldebug_info0:
 1226 0000 0D040000 		.4byte	0x40d
 1227 0004 0400     		.2byte	0x4
 1228 0006 00000000 		.4byte	.Ldebug_abbrev0
 1229 000a 04       		.byte	0x4
 1230 000b 01       		.uleb128 0x1
 1231 000c 05010000 		.4byte	.LASF54
 1232 0010 0C       		.byte	0xc
 1233 0011 86000000 		.4byte	.LASF55
 1234 0015 83030000 		.4byte	.LASF56
 1235 0019 00000000 		.4byte	.Ldebug_ranges0+0
 1236 001d 00000000 		.4byte	0
 1237 0021 00000000 		.4byte	.Ldebug_line0
 1238 0025 02       		.uleb128 0x2
 1239 0026 01       		.byte	0x1
 1240 0027 06       		.byte	0x6
ARM GAS  C:\Users\Admin\AppData\Local\Temp\ccoDOIct.s 			page 43


 1241 0028 48030000 		.4byte	.LASF0
 1242 002c 02       		.uleb128 0x2
 1243 002d 01       		.byte	0x1
 1244 002e 08       		.byte	0x8
 1245 002f C2010000 		.4byte	.LASF1
 1246 0033 02       		.uleb128 0x2
 1247 0034 02       		.byte	0x2
 1248 0035 05       		.byte	0x5
 1249 0036 D4020000 		.4byte	.LASF2
 1250 003a 02       		.uleb128 0x2
 1251 003b 02       		.byte	0x2
 1252 003c 07       		.byte	0x7
 1253 003d 34000000 		.4byte	.LASF3
 1254 0041 02       		.uleb128 0x2
 1255 0042 04       		.byte	0x4
 1256 0043 05       		.byte	0x5
 1257 0044 29030000 		.4byte	.LASF4
 1258 0048 02       		.uleb128 0x2
 1259 0049 04       		.byte	0x4
 1260 004a 07       		.byte	0x7
 1261 004b ED000000 		.4byte	.LASF5
 1262 004f 02       		.uleb128 0x2
 1263 0050 08       		.byte	0x8
 1264 0051 05       		.byte	0x5
 1265 0052 AD020000 		.4byte	.LASF6
 1266 0056 02       		.uleb128 0x2
 1267 0057 08       		.byte	0x8
 1268 0058 07       		.byte	0x7
 1269 0059 59020000 		.4byte	.LASF7
 1270 005d 03       		.uleb128 0x3
 1271 005e 04       		.byte	0x4
 1272 005f 05       		.byte	0x5
 1273 0060 696E7400 		.ascii	"int\000"
 1274 0064 02       		.uleb128 0x2
 1275 0065 04       		.byte	0x4
 1276 0066 07       		.byte	0x7
 1277 0067 4C020000 		.4byte	.LASF8
 1278 006b 04       		.uleb128 0x4
 1279 006c FF000000 		.4byte	.LASF9
 1280 0070 02       		.byte	0x2
 1281 0071 FB01     		.2byte	0x1fb
 1282 0073 2C000000 		.4byte	0x2c
 1283 0077 04       		.uleb128 0x4
 1284 0078 15020000 		.4byte	.LASF10
 1285 007c 02       		.byte	0x2
 1286 007d FC01     		.2byte	0x1fc
 1287 007f 3A000000 		.4byte	0x3a
 1288 0083 02       		.uleb128 0x2
 1289 0084 04       		.byte	0x4
 1290 0085 04       		.byte	0x4
 1291 0086 A4000000 		.4byte	.LASF11
 1292 008a 02       		.uleb128 0x2
 1293 008b 08       		.byte	0x8
 1294 008c 04       		.byte	0x4
 1295 008d E2010000 		.4byte	.LASF12
 1296 0091 02       		.uleb128 0x2
 1297 0092 01       		.byte	0x1
ARM GAS  C:\Users\Admin\AppData\Local\Temp\ccoDOIct.s 			page 44


 1298 0093 08       		.byte	0x8
 1299 0094 47000000 		.4byte	.LASF13
 1300 0098 04       		.uleb128 0x4
 1301 0099 D7000000 		.4byte	.LASF14
 1302 009d 02       		.byte	0x2
 1303 009e A502     		.2byte	0x2a5
 1304 00a0 A4000000 		.4byte	0xa4
 1305 00a4 05       		.uleb128 0x5
 1306 00a5 6B000000 		.4byte	0x6b
 1307 00a9 04       		.uleb128 0x4
 1308 00aa 00000000 		.4byte	.LASF15
 1309 00ae 02       		.byte	0x2
 1310 00af A602     		.2byte	0x2a6
 1311 00b1 B5000000 		.4byte	0xb5
 1312 00b5 05       		.uleb128 0x5
 1313 00b6 77000000 		.4byte	0x77
 1314 00ba 02       		.uleb128 0x2
 1315 00bb 08       		.byte	0x8
 1316 00bc 04       		.byte	0x4
 1317 00bd 3C030000 		.4byte	.LASF16
 1318 00c1 02       		.uleb128 0x2
 1319 00c2 04       		.byte	0x4
 1320 00c3 07       		.byte	0x7
 1321 00c4 A4020000 		.4byte	.LASF17
 1322 00c8 06       		.uleb128 0x6
 1323 00c9 BB020000 		.4byte	.LASF18
 1324 00cd 01       		.byte	0x1
 1325 00ce 3F       		.byte	0x3f
 1326 00cf 00000000 		.4byte	.LFB2
 1327 00d3 34000000 		.4byte	.LFE2-.LFB2
 1328 00d7 01       		.uleb128 0x1
 1329 00d8 9C       		.byte	0x9c
 1330 00d9 07       		.uleb128 0x7
 1331 00da 17000000 		.4byte	.LASF20
 1332 00de 01       		.byte	0x1
 1333 00df 78       		.byte	0x78
 1334 00e0 00000000 		.4byte	.LFB3
 1335 00e4 6C000000 		.4byte	.LFE3-.LFB3
 1336 00e8 01       		.uleb128 0x1
 1337 00e9 9C       		.byte	0x9c
 1338 00ea FD000000 		.4byte	0xfd
 1339 00ee 08       		.uleb128 0x8
 1340 00ef A1010000 		.4byte	.LASF22
 1341 00f3 01       		.byte	0x1
 1342 00f4 7A       		.byte	0x7a
 1343 00f5 6B000000 		.4byte	0x6b
 1344 00f9 02       		.uleb128 0x2
 1345 00fa 91       		.byte	0x91
 1346 00fb 6F       		.sleb128 -17
 1347 00fc 00       		.byte	0
 1348 00fd 06       		.uleb128 0x6
 1349 00fe 54030000 		.4byte	.LASF19
 1350 0102 01       		.byte	0x1
 1351 0103 A3       		.byte	0xa3
 1352 0104 00000000 		.4byte	.LFB4
 1353 0108 24000000 		.4byte	.LFE4-.LFB4
 1354 010c 01       		.uleb128 0x1
ARM GAS  C:\Users\Admin\AppData\Local\Temp\ccoDOIct.s 			page 45


 1355 010d 9C       		.byte	0x9c
 1356 010e 07       		.uleb128 0x7
 1357 010f 23000000 		.4byte	.LASF21
 1358 0113 01       		.byte	0x1
 1359 0114 C0       		.byte	0xc0
 1360 0115 00000000 		.4byte	.LFB5
 1361 0119 58000000 		.4byte	.LFE5-.LFB5
 1362 011d 01       		.uleb128 0x1
 1363 011e 9C       		.byte	0x9c
 1364 011f 32010000 		.4byte	0x132
 1365 0123 08       		.uleb128 0x8
 1366 0124 A1010000 		.4byte	.LASF22
 1367 0128 01       		.byte	0x1
 1368 0129 C2       		.byte	0xc2
 1369 012a 6B000000 		.4byte	0x6b
 1370 012e 02       		.uleb128 0x2
 1371 012f 91       		.byte	0x91
 1372 0130 6F       		.sleb128 -17
 1373 0131 00       		.byte	0
 1374 0132 09       		.uleb128 0x9
 1375 0133 DC000000 		.4byte	.LASF23
 1376 0137 01       		.byte	0x1
 1377 0138 E3       		.byte	0xe3
 1378 0139 00000000 		.4byte	.LFB6
 1379 013d 0A000000 		.4byte	.LFE6-.LFB6
 1380 0141 01       		.uleb128 0x1
 1381 0142 9C       		.byte	0x9c
 1382 0143 09       		.uleb128 0x9
 1383 0144 18030000 		.4byte	.LASF24
 1384 0148 01       		.byte	0x1
 1385 0149 FC       		.byte	0xfc
 1386 014a 00000000 		.4byte	.LFB7
 1387 014e 0A000000 		.4byte	.LFE7-.LFB7
 1388 0152 01       		.uleb128 0x1
 1389 0153 9C       		.byte	0x9c
 1390 0154 0A       		.uleb128 0xa
 1391 0155 D0010000 		.4byte	.LASF25
 1392 0159 01       		.byte	0x1
 1393 015a 1501     		.2byte	0x115
 1394 015c 00000000 		.4byte	.LFB8
 1395 0160 0A000000 		.4byte	.LFE8-.LFB8
 1396 0164 01       		.uleb128 0x1
 1397 0165 9C       		.byte	0x9c
 1398 0166 0A       		.uleb128 0xa
 1399 0167 71030000 		.4byte	.LASF26
 1400 016b 01       		.byte	0x1
 1401 016c 2E01     		.2byte	0x12e
 1402 016e 00000000 		.4byte	.LFB9
 1403 0172 0A000000 		.4byte	.LFE9-.LFB9
 1404 0176 01       		.uleb128 0x1
 1405 0177 9C       		.byte	0x9c
 1406 0178 0B       		.uleb128 0xb
 1407 0179 1C020000 		.4byte	.LASF27
 1408 017d 01       		.byte	0x1
 1409 017e 4801     		.2byte	0x148
 1410 0180 00000000 		.4byte	.LFB10
 1411 0184 20000000 		.4byte	.LFE10-.LFB10
ARM GAS  C:\Users\Admin\AppData\Local\Temp\ccoDOIct.s 			page 46


 1412 0188 01       		.uleb128 0x1
 1413 0189 9C       		.byte	0x9c
 1414 018a 9E010000 		.4byte	0x19e
 1415 018e 0C       		.uleb128 0xc
 1416 018f E9010000 		.4byte	.LASF29
 1417 0193 01       		.byte	0x1
 1418 0194 4801     		.2byte	0x148
 1419 0196 6B000000 		.4byte	0x6b
 1420 019a 02       		.uleb128 0x2
 1421 019b 91       		.byte	0x91
 1422 019c 77       		.sleb128 -9
 1423 019d 00       		.byte	0
 1424 019e 0B       		.uleb128 0xb
 1425 019f 34020000 		.4byte	.LASF28
 1426 01a3 01       		.byte	0x1
 1427 01a4 6001     		.2byte	0x160
 1428 01a6 00000000 		.4byte	.LFB11
 1429 01aa 20000000 		.4byte	.LFE11-.LFB11
 1430 01ae 01       		.uleb128 0x1
 1431 01af 9C       		.byte	0x9c
 1432 01b0 C4010000 		.4byte	0x1c4
 1433 01b4 0C       		.uleb128 0xc
 1434 01b5 E9010000 		.4byte	.LASF29
 1435 01b9 01       		.byte	0x1
 1436 01ba 6001     		.2byte	0x160
 1437 01bc 6B000000 		.4byte	0x6b
 1438 01c0 02       		.uleb128 0x2
 1439 01c1 91       		.byte	0x91
 1440 01c2 77       		.sleb128 -9
 1441 01c3 00       		.byte	0
 1442 01c4 0D       		.uleb128 0xd
 1443 01c5 5F030000 		.4byte	.LASF31
 1444 01c9 01       		.byte	0x1
 1445 01ca 8201     		.2byte	0x182
 1446 01cc 6B000000 		.4byte	0x6b
 1447 01d0 00000000 		.4byte	.LFB12
 1448 01d4 20000000 		.4byte	.LFE12-.LFB12
 1449 01d8 01       		.uleb128 0x1
 1450 01d9 9C       		.byte	0x9c
 1451 01da EE010000 		.4byte	0x1ee
 1452 01de 0E       		.uleb128 0xe
 1453 01df 32030000 		.4byte	.LASF30
 1454 01e3 01       		.byte	0x1
 1455 01e4 8401     		.2byte	0x184
 1456 01e6 6B000000 		.4byte	0x6b
 1457 01ea 02       		.uleb128 0x2
 1458 01eb 91       		.byte	0x91
 1459 01ec 77       		.sleb128 -9
 1460 01ed 00       		.byte	0
 1461 01ee 0D       		.uleb128 0xd
 1462 01ef 7A020000 		.4byte	.LASF32
 1463 01f3 01       		.byte	0x1
 1464 01f4 B501     		.2byte	0x1b5
 1465 01f6 6B000000 		.4byte	0x6b
 1466 01fa 00000000 		.4byte	.LFB13
 1467 01fe 20000000 		.4byte	.LFE13-.LFB13
 1468 0202 01       		.uleb128 0x1
ARM GAS  C:\Users\Admin\AppData\Local\Temp\ccoDOIct.s 			page 47


 1469 0203 9C       		.byte	0x9c
 1470 0204 18020000 		.4byte	0x218
 1471 0208 0E       		.uleb128 0xe
 1472 0209 32030000 		.4byte	.LASF30
 1473 020d 01       		.byte	0x1
 1474 020e B701     		.2byte	0x1b7
 1475 0210 6B000000 		.4byte	0x6b
 1476 0214 02       		.uleb128 0x2
 1477 0215 91       		.byte	0x91
 1478 0216 77       		.sleb128 -9
 1479 0217 00       		.byte	0
 1480 0218 0B       		.uleb128 0xb
 1481 0219 06000000 		.4byte	.LASF33
 1482 021d 01       		.byte	0x1
 1483 021e EE01     		.2byte	0x1ee
 1484 0220 00000000 		.4byte	.LFB14
 1485 0224 34000000 		.4byte	.LFE14-.LFB14
 1486 0228 01       		.uleb128 0x1
 1487 0229 9C       		.byte	0x9c
 1488 022a 3E020000 		.4byte	0x23e
 1489 022e 0C       		.uleb128 0xc
 1490 022f 2D000000 		.4byte	.LASF34
 1491 0233 01       		.byte	0x1
 1492 0234 EE01     		.2byte	0x1ee
 1493 0236 77000000 		.4byte	0x77
 1494 023a 02       		.uleb128 0x2
 1495 023b 91       		.byte	0x91
 1496 023c 76       		.sleb128 -10
 1497 023d 00       		.byte	0
 1498 023e 0D       		.uleb128 0xd
 1499 023f B2010000 		.4byte	.LASF35
 1500 0243 01       		.byte	0x1
 1501 0244 5A02     		.2byte	0x25a
 1502 0246 77000000 		.4byte	0x77
 1503 024a 00000000 		.4byte	.LFB15
 1504 024e 20000000 		.4byte	.LFE15-.LFB15
 1505 0252 01       		.uleb128 0x1
 1506 0253 9C       		.byte	0x9c
 1507 0254 68020000 		.4byte	0x268
 1508 0258 0E       		.uleb128 0xe
 1509 0259 6F000000 		.4byte	.LASF36
 1510 025d 01       		.byte	0x1
 1511 025e 5C02     		.2byte	0x25c
 1512 0260 77000000 		.4byte	0x77
 1513 0264 02       		.uleb128 0x2
 1514 0265 91       		.byte	0x91
 1515 0266 76       		.sleb128 -10
 1516 0267 00       		.byte	0
 1517 0268 0D       		.uleb128 0xd
 1518 0269 00020000 		.4byte	.LASF37
 1519 026d 01       		.byte	0x1
 1520 026e 9A02     		.2byte	0x29a
 1521 0270 6B000000 		.4byte	0x6b
 1522 0274 00000000 		.4byte	.LFB16
 1523 0278 30000000 		.4byte	.LFE16-.LFB16
 1524 027c 01       		.uleb128 0x1
 1525 027d 9C       		.byte	0x9c
ARM GAS  C:\Users\Admin\AppData\Local\Temp\ccoDOIct.s 			page 48


 1526 027e 92020000 		.4byte	0x292
 1527 0282 0E       		.uleb128 0xe
 1528 0283 BD000000 		.4byte	.LASF38
 1529 0287 01       		.byte	0x1
 1530 0288 9C02     		.2byte	0x29c
 1531 028a 6B000000 		.4byte	0x6b
 1532 028e 02       		.uleb128 0x2
 1533 028f 91       		.byte	0x91
 1534 0290 77       		.sleb128 -9
 1535 0291 00       		.byte	0
 1536 0292 0D       		.uleb128 0xd
 1537 0293 C2000000 		.4byte	.LASF39
 1538 0297 01       		.byte	0x1
 1539 0298 D702     		.2byte	0x2d7
 1540 029a 6B000000 		.4byte	0x6b
 1541 029e 00000000 		.4byte	.LFB17
 1542 02a2 48000000 		.4byte	.LFE17-.LFB17
 1543 02a6 01       		.uleb128 0x1
 1544 02a7 9C       		.byte	0x9c
 1545 02a8 BC020000 		.4byte	0x2bc
 1546 02ac 0E       		.uleb128 0xe
 1547 02ad BD000000 		.4byte	.LASF38
 1548 02b1 01       		.byte	0x1
 1549 02b2 D902     		.2byte	0x2d9
 1550 02b4 6B000000 		.4byte	0x6b
 1551 02b8 02       		.uleb128 0x2
 1552 02b9 91       		.byte	0x91
 1553 02ba 77       		.sleb128 -9
 1554 02bb 00       		.byte	0
 1555 02bc 0A       		.uleb128 0xa
 1556 02bd AA000000 		.4byte	.LASF40
 1557 02c1 01       		.byte	0x1
 1558 02c2 2603     		.2byte	0x326
 1559 02c4 00000000 		.4byte	.LFB18
 1560 02c8 28000000 		.4byte	.LFE18-.LFB18
 1561 02cc 01       		.uleb128 0x1
 1562 02cd 9C       		.byte	0x9c
 1563 02ce 0F       		.uleb128 0xf
 1564 02cf DE020000 		.4byte	.LASF41
 1565 02d3 01       		.byte	0x1
 1566 02d4 5D03     		.2byte	0x35d
 1567 02d6 00000000 		.4byte	.LFB19
 1568 02da 6C000000 		.4byte	.LFE19-.LFB19
 1569 02de 01       		.uleb128 0x1
 1570 02df 9C       		.byte	0x9c
 1571 02e0 F4020000 		.4byte	0x2f4
 1572 02e4 0E       		.uleb128 0xe
 1573 02e5 A1010000 		.4byte	.LASF22
 1574 02e9 01       		.byte	0x1
 1575 02ea 5F03     		.2byte	0x35f
 1576 02ec 6B000000 		.4byte	0x6b
 1577 02f0 02       		.uleb128 0x2
 1578 02f1 91       		.byte	0x91
 1579 02f2 6F       		.sleb128 -17
 1580 02f3 00       		.byte	0
 1581 02f4 0F       		.uleb128 0xf
 1582 02f5 93010000 		.4byte	.LASF42
ARM GAS  C:\Users\Admin\AppData\Local\Temp\ccoDOIct.s 			page 49


 1583 02f9 01       		.byte	0x1
 1584 02fa C203     		.2byte	0x3c2
 1585 02fc 00000000 		.4byte	.LFB20
 1586 0300 54000000 		.4byte	.LFE20-.LFB20
 1587 0304 01       		.uleb128 0x1
 1588 0305 9C       		.byte	0x9c
 1589 0306 38030000 		.4byte	0x338
 1590 030a 0C       		.uleb128 0xc
 1591 030b F1020000 		.4byte	.LASF43
 1592 030f 01       		.byte	0x1
 1593 0310 C203     		.2byte	0x3c2
 1594 0312 38030000 		.4byte	0x338
 1595 0316 02       		.uleb128 0x2
 1596 0317 91       		.byte	0x91
 1597 0318 6C       		.sleb128 -20
 1598 0319 0C       		.uleb128 0xc
 1599 031a 70020000 		.4byte	.LASF44
 1600 031e 01       		.byte	0x1
 1601 031f C203     		.2byte	0x3c2
 1602 0321 6B000000 		.4byte	0x6b
 1603 0325 02       		.uleb128 0x2
 1604 0326 91       		.byte	0x91
 1605 0327 6B       		.sleb128 -21
 1606 0328 0E       		.uleb128 0xe
 1607 0329 8C020000 		.4byte	.LASF45
 1608 032d 01       		.byte	0x1
 1609 032e C503     		.2byte	0x3c5
 1610 0330 6B000000 		.4byte	0x6b
 1611 0334 02       		.uleb128 0x2
 1612 0335 91       		.byte	0x91
 1613 0336 77       		.sleb128 -9
 1614 0337 00       		.byte	0
 1615 0338 10       		.uleb128 0x10
 1616 0339 04       		.byte	0x4
 1617 033a 3E030000 		.4byte	0x33e
 1618 033e 11       		.uleb128 0x11
 1619 033f 77000000 		.4byte	0x77
 1620 0343 0F       		.uleb128 0xf
 1621 0344 C5020000 		.4byte	.LASF46
 1622 0348 01       		.byte	0x1
 1623 0349 E303     		.2byte	0x3e3
 1624 034b 00000000 		.4byte	.LFB21
 1625 034f 88000000 		.4byte	.LFE21-.LFB21
 1626 0353 01       		.uleb128 0x1
 1627 0354 9C       		.byte	0x9c
 1628 0355 69030000 		.4byte	0x369
 1629 0359 0E       		.uleb128 0xe
 1630 035a A1010000 		.4byte	.LASF22
 1631 035e 01       		.byte	0x1
 1632 035f E503     		.2byte	0x3e5
 1633 0361 6B000000 		.4byte	0x6b
 1634 0365 02       		.uleb128 0x2
 1635 0366 91       		.byte	0x91
 1636 0367 6F       		.sleb128 -17
 1637 0368 00       		.byte	0
 1638 0369 12       		.uleb128 0x12
 1639 036a 95020000 		.4byte	.LASF47
ARM GAS  C:\Users\Admin\AppData\Local\Temp\ccoDOIct.s 			page 50


 1640 036e 01       		.byte	0x1
 1641 036f 1104     		.2byte	0x411
 1642 0371 00000000 		.4byte	.LFB22
 1643 0375 12000000 		.4byte	.LFE22-.LFB22
 1644 0379 01       		.uleb128 0x1
 1645 037a 9C       		.byte	0x9c
 1646 037b 12       		.uleb128 0x12
 1647 037c 76000000 		.4byte	.LASF48
 1648 0380 01       		.byte	0x1
 1649 0381 2904     		.2byte	0x429
 1650 0383 00000000 		.4byte	.LFB23
 1651 0387 12000000 		.4byte	.LFE23-.LFB23
 1652 038b 01       		.uleb128 0x1
 1653 038c 9C       		.byte	0x9c
 1654 038d 0B       		.uleb128 0xb
 1655 038e 4C000000 		.4byte	.LASF49
 1656 0392 01       		.byte	0x1
 1657 0393 4204     		.2byte	0x442
 1658 0395 00000000 		.4byte	.LFB24
 1659 0399 34000000 		.4byte	.LFE24-.LFB24
 1660 039d 01       		.uleb128 0x1
 1661 039e 9C       		.byte	0x9c
 1662 039f B3030000 		.4byte	0x3b3
 1663 03a3 0C       		.uleb128 0xc
 1664 03a4 E9010000 		.4byte	.LASF29
 1665 03a8 01       		.byte	0x1
 1666 03a9 4204     		.2byte	0x442
 1667 03ab 6B000000 		.4byte	0x6b
 1668 03af 02       		.uleb128 0x2
 1669 03b0 91       		.byte	0x91
 1670 03b1 77       		.sleb128 -9
 1671 03b2 00       		.byte	0
 1672 03b3 0D       		.uleb128 0xd
 1673 03b4 F8020000 		.4byte	.LASF50
 1674 03b8 01       		.byte	0x1
 1675 03b9 6504     		.2byte	0x465
 1676 03bb 6B000000 		.4byte	0x6b
 1677 03bf 00000000 		.4byte	.LFB25
 1678 03c3 40000000 		.4byte	.LFE25-.LFB25
 1679 03c7 01       		.uleb128 0x1
 1680 03c8 9C       		.byte	0x9c
 1681 03c9 DD030000 		.4byte	0x3dd
 1682 03cd 0E       		.uleb128 0xe
 1683 03ce 32030000 		.4byte	.LASF30
 1684 03d2 01       		.byte	0x1
 1685 03d3 6704     		.2byte	0x467
 1686 03d5 6B000000 		.4byte	0x6b
 1687 03d9 02       		.uleb128 0x2
 1688 03da 91       		.byte	0x91
 1689 03db 77       		.sleb128 -9
 1690 03dc 00       		.byte	0
 1691 03dd 13       		.uleb128 0x13
 1692 03de 62000000 		.4byte	.LASF51
 1693 03e2 01       		.byte	0x1
 1694 03e3 22       		.byte	0x22
 1695 03e4 6B000000 		.4byte	0x6b
 1696 03e8 05       		.uleb128 0x5
ARM GAS  C:\Users\Admin\AppData\Local\Temp\ccoDOIct.s 			page 51


 1697 03e9 03       		.byte	0x3
 1698 03ea 00000000 		.4byte	SPIM_initVar
 1699 03ee 13       		.uleb128 0x13
 1700 03ef 08030000 		.4byte	.LASF52
 1701 03f3 01       		.byte	0x1
 1702 03f4 24       		.byte	0x24
 1703 03f5 A4000000 		.4byte	0xa4
 1704 03f9 05       		.uleb128 0x5
 1705 03fa 03       		.byte	0x3
 1706 03fb 00000000 		.4byte	SPIM_swStatusTx
 1707 03ff 13       		.uleb128 0x13
 1708 0400 F0010000 		.4byte	.LASF53
 1709 0404 01       		.byte	0x1
 1710 0405 25       		.byte	0x25
 1711 0406 A4000000 		.4byte	0xa4
 1712 040a 05       		.uleb128 0x5
 1713 040b 03       		.byte	0x3
 1714 040c 00000000 		.4byte	SPIM_swStatusRx
 1715 0410 00       		.byte	0
 1716              		.section	.debug_abbrev,"",%progbits
 1717              	.Ldebug_abbrev0:
 1718 0000 01       		.uleb128 0x1
 1719 0001 11       		.uleb128 0x11
 1720 0002 01       		.byte	0x1
 1721 0003 25       		.uleb128 0x25
 1722 0004 0E       		.uleb128 0xe
 1723 0005 13       		.uleb128 0x13
 1724 0006 0B       		.uleb128 0xb
 1725 0007 03       		.uleb128 0x3
 1726 0008 0E       		.uleb128 0xe
 1727 0009 1B       		.uleb128 0x1b
 1728 000a 0E       		.uleb128 0xe
 1729 000b 55       		.uleb128 0x55
 1730 000c 17       		.uleb128 0x17
 1731 000d 11       		.uleb128 0x11
 1732 000e 01       		.uleb128 0x1
 1733 000f 10       		.uleb128 0x10
 1734 0010 17       		.uleb128 0x17
 1735 0011 00       		.byte	0
 1736 0012 00       		.byte	0
 1737 0013 02       		.uleb128 0x2
 1738 0014 24       		.uleb128 0x24
 1739 0015 00       		.byte	0
 1740 0016 0B       		.uleb128 0xb
 1741 0017 0B       		.uleb128 0xb
 1742 0018 3E       		.uleb128 0x3e
 1743 0019 0B       		.uleb128 0xb
 1744 001a 03       		.uleb128 0x3
 1745 001b 0E       		.uleb128 0xe
 1746 001c 00       		.byte	0
 1747 001d 00       		.byte	0
 1748 001e 03       		.uleb128 0x3
 1749 001f 24       		.uleb128 0x24
 1750 0020 00       		.byte	0
 1751 0021 0B       		.uleb128 0xb
 1752 0022 0B       		.uleb128 0xb
 1753 0023 3E       		.uleb128 0x3e
ARM GAS  C:\Users\Admin\AppData\Local\Temp\ccoDOIct.s 			page 52


 1754 0024 0B       		.uleb128 0xb
 1755 0025 03       		.uleb128 0x3
 1756 0026 08       		.uleb128 0x8
 1757 0027 00       		.byte	0
 1758 0028 00       		.byte	0
 1759 0029 04       		.uleb128 0x4
 1760 002a 16       		.uleb128 0x16
 1761 002b 00       		.byte	0
 1762 002c 03       		.uleb128 0x3
 1763 002d 0E       		.uleb128 0xe
 1764 002e 3A       		.uleb128 0x3a
 1765 002f 0B       		.uleb128 0xb
 1766 0030 3B       		.uleb128 0x3b
 1767 0031 05       		.uleb128 0x5
 1768 0032 49       		.uleb128 0x49
 1769 0033 13       		.uleb128 0x13
 1770 0034 00       		.byte	0
 1771 0035 00       		.byte	0
 1772 0036 05       		.uleb128 0x5
 1773 0037 35       		.uleb128 0x35
 1774 0038 00       		.byte	0
 1775 0039 49       		.uleb128 0x49
 1776 003a 13       		.uleb128 0x13
 1777 003b 00       		.byte	0
 1778 003c 00       		.byte	0
 1779 003d 06       		.uleb128 0x6
 1780 003e 2E       		.uleb128 0x2e
 1781 003f 00       		.byte	0
 1782 0040 3F       		.uleb128 0x3f
 1783 0041 19       		.uleb128 0x19
 1784 0042 03       		.uleb128 0x3
 1785 0043 0E       		.uleb128 0xe
 1786 0044 3A       		.uleb128 0x3a
 1787 0045 0B       		.uleb128 0xb
 1788 0046 3B       		.uleb128 0x3b
 1789 0047 0B       		.uleb128 0xb
 1790 0048 27       		.uleb128 0x27
 1791 0049 19       		.uleb128 0x19
 1792 004a 11       		.uleb128 0x11
 1793 004b 01       		.uleb128 0x1
 1794 004c 12       		.uleb128 0x12
 1795 004d 06       		.uleb128 0x6
 1796 004e 40       		.uleb128 0x40
 1797 004f 18       		.uleb128 0x18
 1798 0050 9642     		.uleb128 0x2116
 1799 0052 19       		.uleb128 0x19
 1800 0053 00       		.byte	0
 1801 0054 00       		.byte	0
 1802 0055 07       		.uleb128 0x7
 1803 0056 2E       		.uleb128 0x2e
 1804 0057 01       		.byte	0x1
 1805 0058 3F       		.uleb128 0x3f
 1806 0059 19       		.uleb128 0x19
 1807 005a 03       		.uleb128 0x3
 1808 005b 0E       		.uleb128 0xe
 1809 005c 3A       		.uleb128 0x3a
 1810 005d 0B       		.uleb128 0xb
ARM GAS  C:\Users\Admin\AppData\Local\Temp\ccoDOIct.s 			page 53


 1811 005e 3B       		.uleb128 0x3b
 1812 005f 0B       		.uleb128 0xb
 1813 0060 27       		.uleb128 0x27
 1814 0061 19       		.uleb128 0x19
 1815 0062 11       		.uleb128 0x11
 1816 0063 01       		.uleb128 0x1
 1817 0064 12       		.uleb128 0x12
 1818 0065 06       		.uleb128 0x6
 1819 0066 40       		.uleb128 0x40
 1820 0067 18       		.uleb128 0x18
 1821 0068 9642     		.uleb128 0x2116
 1822 006a 19       		.uleb128 0x19
 1823 006b 01       		.uleb128 0x1
 1824 006c 13       		.uleb128 0x13
 1825 006d 00       		.byte	0
 1826 006e 00       		.byte	0
 1827 006f 08       		.uleb128 0x8
 1828 0070 34       		.uleb128 0x34
 1829 0071 00       		.byte	0
 1830 0072 03       		.uleb128 0x3
 1831 0073 0E       		.uleb128 0xe
 1832 0074 3A       		.uleb128 0x3a
 1833 0075 0B       		.uleb128 0xb
 1834 0076 3B       		.uleb128 0x3b
 1835 0077 0B       		.uleb128 0xb
 1836 0078 49       		.uleb128 0x49
 1837 0079 13       		.uleb128 0x13
 1838 007a 02       		.uleb128 0x2
 1839 007b 18       		.uleb128 0x18
 1840 007c 00       		.byte	0
 1841 007d 00       		.byte	0
 1842 007e 09       		.uleb128 0x9
 1843 007f 2E       		.uleb128 0x2e
 1844 0080 00       		.byte	0
 1845 0081 3F       		.uleb128 0x3f
 1846 0082 19       		.uleb128 0x19
 1847 0083 03       		.uleb128 0x3
 1848 0084 0E       		.uleb128 0xe
 1849 0085 3A       		.uleb128 0x3a
 1850 0086 0B       		.uleb128 0xb
 1851 0087 3B       		.uleb128 0x3b
 1852 0088 0B       		.uleb128 0xb
 1853 0089 27       		.uleb128 0x27
 1854 008a 19       		.uleb128 0x19
 1855 008b 11       		.uleb128 0x11
 1856 008c 01       		.uleb128 0x1
 1857 008d 12       		.uleb128 0x12
 1858 008e 06       		.uleb128 0x6
 1859 008f 40       		.uleb128 0x40
 1860 0090 18       		.uleb128 0x18
 1861 0091 9742     		.uleb128 0x2117
 1862 0093 19       		.uleb128 0x19
 1863 0094 00       		.byte	0
 1864 0095 00       		.byte	0
 1865 0096 0A       		.uleb128 0xa
 1866 0097 2E       		.uleb128 0x2e
 1867 0098 00       		.byte	0
ARM GAS  C:\Users\Admin\AppData\Local\Temp\ccoDOIct.s 			page 54


 1868 0099 3F       		.uleb128 0x3f
 1869 009a 19       		.uleb128 0x19
 1870 009b 03       		.uleb128 0x3
 1871 009c 0E       		.uleb128 0xe
 1872 009d 3A       		.uleb128 0x3a
 1873 009e 0B       		.uleb128 0xb
 1874 009f 3B       		.uleb128 0x3b
 1875 00a0 05       		.uleb128 0x5
 1876 00a1 27       		.uleb128 0x27
 1877 00a2 19       		.uleb128 0x19
 1878 00a3 11       		.uleb128 0x11
 1879 00a4 01       		.uleb128 0x1
 1880 00a5 12       		.uleb128 0x12
 1881 00a6 06       		.uleb128 0x6
 1882 00a7 40       		.uleb128 0x40
 1883 00a8 18       		.uleb128 0x18
 1884 00a9 9742     		.uleb128 0x2117
 1885 00ab 19       		.uleb128 0x19
 1886 00ac 00       		.byte	0
 1887 00ad 00       		.byte	0
 1888 00ae 0B       		.uleb128 0xb
 1889 00af 2E       		.uleb128 0x2e
 1890 00b0 01       		.byte	0x1
 1891 00b1 3F       		.uleb128 0x3f
 1892 00b2 19       		.uleb128 0x19
 1893 00b3 03       		.uleb128 0x3
 1894 00b4 0E       		.uleb128 0xe
 1895 00b5 3A       		.uleb128 0x3a
 1896 00b6 0B       		.uleb128 0xb
 1897 00b7 3B       		.uleb128 0x3b
 1898 00b8 05       		.uleb128 0x5
 1899 00b9 27       		.uleb128 0x27
 1900 00ba 19       		.uleb128 0x19
 1901 00bb 11       		.uleb128 0x11
 1902 00bc 01       		.uleb128 0x1
 1903 00bd 12       		.uleb128 0x12
 1904 00be 06       		.uleb128 0x6
 1905 00bf 40       		.uleb128 0x40
 1906 00c0 18       		.uleb128 0x18
 1907 00c1 9742     		.uleb128 0x2117
 1908 00c3 19       		.uleb128 0x19
 1909 00c4 01       		.uleb128 0x1
 1910 00c5 13       		.uleb128 0x13
 1911 00c6 00       		.byte	0
 1912 00c7 00       		.byte	0
 1913 00c8 0C       		.uleb128 0xc
 1914 00c9 05       		.uleb128 0x5
 1915 00ca 00       		.byte	0
 1916 00cb 03       		.uleb128 0x3
 1917 00cc 0E       		.uleb128 0xe
 1918 00cd 3A       		.uleb128 0x3a
 1919 00ce 0B       		.uleb128 0xb
 1920 00cf 3B       		.uleb128 0x3b
 1921 00d0 05       		.uleb128 0x5
 1922 00d1 49       		.uleb128 0x49
 1923 00d2 13       		.uleb128 0x13
 1924 00d3 02       		.uleb128 0x2
ARM GAS  C:\Users\Admin\AppData\Local\Temp\ccoDOIct.s 			page 55


 1925 00d4 18       		.uleb128 0x18
 1926 00d5 00       		.byte	0
 1927 00d6 00       		.byte	0
 1928 00d7 0D       		.uleb128 0xd
 1929 00d8 2E       		.uleb128 0x2e
 1930 00d9 01       		.byte	0x1
 1931 00da 3F       		.uleb128 0x3f
 1932 00db 19       		.uleb128 0x19
 1933 00dc 03       		.uleb128 0x3
 1934 00dd 0E       		.uleb128 0xe
 1935 00de 3A       		.uleb128 0x3a
 1936 00df 0B       		.uleb128 0xb
 1937 00e0 3B       		.uleb128 0x3b
 1938 00e1 05       		.uleb128 0x5
 1939 00e2 27       		.uleb128 0x27
 1940 00e3 19       		.uleb128 0x19
 1941 00e4 49       		.uleb128 0x49
 1942 00e5 13       		.uleb128 0x13
 1943 00e6 11       		.uleb128 0x11
 1944 00e7 01       		.uleb128 0x1
 1945 00e8 12       		.uleb128 0x12
 1946 00e9 06       		.uleb128 0x6
 1947 00ea 40       		.uleb128 0x40
 1948 00eb 18       		.uleb128 0x18
 1949 00ec 9742     		.uleb128 0x2117
 1950 00ee 19       		.uleb128 0x19
 1951 00ef 01       		.uleb128 0x1
 1952 00f0 13       		.uleb128 0x13
 1953 00f1 00       		.byte	0
 1954 00f2 00       		.byte	0
 1955 00f3 0E       		.uleb128 0xe
 1956 00f4 34       		.uleb128 0x34
 1957 00f5 00       		.byte	0
 1958 00f6 03       		.uleb128 0x3
 1959 00f7 0E       		.uleb128 0xe
 1960 00f8 3A       		.uleb128 0x3a
 1961 00f9 0B       		.uleb128 0xb
 1962 00fa 3B       		.uleb128 0x3b
 1963 00fb 05       		.uleb128 0x5
 1964 00fc 49       		.uleb128 0x49
 1965 00fd 13       		.uleb128 0x13
 1966 00fe 02       		.uleb128 0x2
 1967 00ff 18       		.uleb128 0x18
 1968 0100 00       		.byte	0
 1969 0101 00       		.byte	0
 1970 0102 0F       		.uleb128 0xf
 1971 0103 2E       		.uleb128 0x2e
 1972 0104 01       		.byte	0x1
 1973 0105 3F       		.uleb128 0x3f
 1974 0106 19       		.uleb128 0x19
 1975 0107 03       		.uleb128 0x3
 1976 0108 0E       		.uleb128 0xe
 1977 0109 3A       		.uleb128 0x3a
 1978 010a 0B       		.uleb128 0xb
 1979 010b 3B       		.uleb128 0x3b
 1980 010c 05       		.uleb128 0x5
 1981 010d 27       		.uleb128 0x27
ARM GAS  C:\Users\Admin\AppData\Local\Temp\ccoDOIct.s 			page 56


 1982 010e 19       		.uleb128 0x19
 1983 010f 11       		.uleb128 0x11
 1984 0110 01       		.uleb128 0x1
 1985 0111 12       		.uleb128 0x12
 1986 0112 06       		.uleb128 0x6
 1987 0113 40       		.uleb128 0x40
 1988 0114 18       		.uleb128 0x18
 1989 0115 9642     		.uleb128 0x2116
 1990 0117 19       		.uleb128 0x19
 1991 0118 01       		.uleb128 0x1
 1992 0119 13       		.uleb128 0x13
 1993 011a 00       		.byte	0
 1994 011b 00       		.byte	0
 1995 011c 10       		.uleb128 0x10
 1996 011d 0F       		.uleb128 0xf
 1997 011e 00       		.byte	0
 1998 011f 0B       		.uleb128 0xb
 1999 0120 0B       		.uleb128 0xb
 2000 0121 49       		.uleb128 0x49
 2001 0122 13       		.uleb128 0x13
 2002 0123 00       		.byte	0
 2003 0124 00       		.byte	0
 2004 0125 11       		.uleb128 0x11
 2005 0126 26       		.uleb128 0x26
 2006 0127 00       		.byte	0
 2007 0128 49       		.uleb128 0x49
 2008 0129 13       		.uleb128 0x13
 2009 012a 00       		.byte	0
 2010 012b 00       		.byte	0
 2011 012c 12       		.uleb128 0x12
 2012 012d 2E       		.uleb128 0x2e
 2013 012e 00       		.byte	0
 2014 012f 3F       		.uleb128 0x3f
 2015 0130 19       		.uleb128 0x19
 2016 0131 03       		.uleb128 0x3
 2017 0132 0E       		.uleb128 0xe
 2018 0133 3A       		.uleb128 0x3a
 2019 0134 0B       		.uleb128 0xb
 2020 0135 3B       		.uleb128 0x3b
 2021 0136 05       		.uleb128 0x5
 2022 0137 27       		.uleb128 0x27
 2023 0138 19       		.uleb128 0x19
 2024 0139 11       		.uleb128 0x11
 2025 013a 01       		.uleb128 0x1
 2026 013b 12       		.uleb128 0x12
 2027 013c 06       		.uleb128 0x6
 2028 013d 40       		.uleb128 0x40
 2029 013e 18       		.uleb128 0x18
 2030 013f 9642     		.uleb128 0x2116
 2031 0141 19       		.uleb128 0x19
 2032 0142 00       		.byte	0
 2033 0143 00       		.byte	0
 2034 0144 13       		.uleb128 0x13
 2035 0145 34       		.uleb128 0x34
 2036 0146 00       		.byte	0
 2037 0147 03       		.uleb128 0x3
 2038 0148 0E       		.uleb128 0xe
ARM GAS  C:\Users\Admin\AppData\Local\Temp\ccoDOIct.s 			page 57


 2039 0149 3A       		.uleb128 0x3a
 2040 014a 0B       		.uleb128 0xb
 2041 014b 3B       		.uleb128 0x3b
 2042 014c 0B       		.uleb128 0xb
 2043 014d 49       		.uleb128 0x49
 2044 014e 13       		.uleb128 0x13
 2045 014f 3F       		.uleb128 0x3f
 2046 0150 19       		.uleb128 0x19
 2047 0151 02       		.uleb128 0x2
 2048 0152 18       		.uleb128 0x18
 2049 0153 00       		.byte	0
 2050 0154 00       		.byte	0
 2051 0155 00       		.byte	0
 2052              		.section	.debug_aranges,"",%progbits
 2053 0000 D4000000 		.4byte	0xd4
 2054 0004 0200     		.2byte	0x2
 2055 0006 00000000 		.4byte	.Ldebug_info0
 2056 000a 04       		.byte	0x4
 2057 000b 00       		.byte	0
 2058 000c 0000     		.2byte	0
 2059 000e 0000     		.2byte	0
 2060 0010 00000000 		.4byte	.LFB2
 2061 0014 34000000 		.4byte	.LFE2-.LFB2
 2062 0018 00000000 		.4byte	.LFB3
 2063 001c 6C000000 		.4byte	.LFE3-.LFB3
 2064 0020 00000000 		.4byte	.LFB4
 2065 0024 24000000 		.4byte	.LFE4-.LFB4
 2066 0028 00000000 		.4byte	.LFB5
 2067 002c 58000000 		.4byte	.LFE5-.LFB5
 2068 0030 00000000 		.4byte	.LFB6
 2069 0034 0A000000 		.4byte	.LFE6-.LFB6
 2070 0038 00000000 		.4byte	.LFB7
 2071 003c 0A000000 		.4byte	.LFE7-.LFB7
 2072 0040 00000000 		.4byte	.LFB8
 2073 0044 0A000000 		.4byte	.LFE8-.LFB8
 2074 0048 00000000 		.4byte	.LFB9
 2075 004c 0A000000 		.4byte	.LFE9-.LFB9
 2076 0050 00000000 		.4byte	.LFB10
 2077 0054 20000000 		.4byte	.LFE10-.LFB10
 2078 0058 00000000 		.4byte	.LFB11
 2079 005c 20000000 		.4byte	.LFE11-.LFB11
 2080 0060 00000000 		.4byte	.LFB12
 2081 0064 20000000 		.4byte	.LFE12-.LFB12
 2082 0068 00000000 		.4byte	.LFB13
 2083 006c 20000000 		.4byte	.LFE13-.LFB13
 2084 0070 00000000 		.4byte	.LFB14
 2085 0074 34000000 		.4byte	.LFE14-.LFB14
 2086 0078 00000000 		.4byte	.LFB15
 2087 007c 20000000 		.4byte	.LFE15-.LFB15
 2088 0080 00000000 		.4byte	.LFB16
 2089 0084 30000000 		.4byte	.LFE16-.LFB16
 2090 0088 00000000 		.4byte	.LFB17
 2091 008c 48000000 		.4byte	.LFE17-.LFB17
 2092 0090 00000000 		.4byte	.LFB18
 2093 0094 28000000 		.4byte	.LFE18-.LFB18
 2094 0098 00000000 		.4byte	.LFB19
 2095 009c 6C000000 		.4byte	.LFE19-.LFB19
ARM GAS  C:\Users\Admin\AppData\Local\Temp\ccoDOIct.s 			page 58


 2096 00a0 00000000 		.4byte	.LFB20
 2097 00a4 54000000 		.4byte	.LFE20-.LFB20
 2098 00a8 00000000 		.4byte	.LFB21
 2099 00ac 88000000 		.4byte	.LFE21-.LFB21
 2100 00b0 00000000 		.4byte	.LFB22
 2101 00b4 12000000 		.4byte	.LFE22-.LFB22
 2102 00b8 00000000 		.4byte	.LFB23
 2103 00bc 12000000 		.4byte	.LFE23-.LFB23
 2104 00c0 00000000 		.4byte	.LFB24
 2105 00c4 34000000 		.4byte	.LFE24-.LFB24
 2106 00c8 00000000 		.4byte	.LFB25
 2107 00cc 40000000 		.4byte	.LFE25-.LFB25
 2108 00d0 00000000 		.4byte	0
 2109 00d4 00000000 		.4byte	0
 2110              		.section	.debug_ranges,"",%progbits
 2111              	.Ldebug_ranges0:
 2112 0000 00000000 		.4byte	.LFB2
 2113 0004 34000000 		.4byte	.LFE2
 2114 0008 00000000 		.4byte	.LFB3
 2115 000c 6C000000 		.4byte	.LFE3
 2116 0010 00000000 		.4byte	.LFB4
 2117 0014 24000000 		.4byte	.LFE4
 2118 0018 00000000 		.4byte	.LFB5
 2119 001c 58000000 		.4byte	.LFE5
 2120 0020 00000000 		.4byte	.LFB6
 2121 0024 0A000000 		.4byte	.LFE6
 2122 0028 00000000 		.4byte	.LFB7
 2123 002c 0A000000 		.4byte	.LFE7
 2124 0030 00000000 		.4byte	.LFB8
 2125 0034 0A000000 		.4byte	.LFE8
 2126 0038 00000000 		.4byte	.LFB9
 2127 003c 0A000000 		.4byte	.LFE9
 2128 0040 00000000 		.4byte	.LFB10
 2129 0044 20000000 		.4byte	.LFE10
 2130 0048 00000000 		.4byte	.LFB11
 2131 004c 20000000 		.4byte	.LFE11
 2132 0050 00000000 		.4byte	.LFB12
 2133 0054 20000000 		.4byte	.LFE12
 2134 0058 00000000 		.4byte	.LFB13
 2135 005c 20000000 		.4byte	.LFE13
 2136 0060 00000000 		.4byte	.LFB14
 2137 0064 34000000 		.4byte	.LFE14
 2138 0068 00000000 		.4byte	.LFB15
 2139 006c 20000000 		.4byte	.LFE15
 2140 0070 00000000 		.4byte	.LFB16
 2141 0074 30000000 		.4byte	.LFE16
 2142 0078 00000000 		.4byte	.LFB17
 2143 007c 48000000 		.4byte	.LFE17
 2144 0080 00000000 		.4byte	.LFB18
 2145 0084 28000000 		.4byte	.LFE18
 2146 0088 00000000 		.4byte	.LFB19
 2147 008c 6C000000 		.4byte	.LFE19
 2148 0090 00000000 		.4byte	.LFB20
 2149 0094 54000000 		.4byte	.LFE20
 2150 0098 00000000 		.4byte	.LFB21
 2151 009c 88000000 		.4byte	.LFE21
 2152 00a0 00000000 		.4byte	.LFB22
ARM GAS  C:\Users\Admin\AppData\Local\Temp\ccoDOIct.s 			page 59


 2153 00a4 12000000 		.4byte	.LFE22
 2154 00a8 00000000 		.4byte	.LFB23
 2155 00ac 12000000 		.4byte	.LFE23
 2156 00b0 00000000 		.4byte	.LFB24
 2157 00b4 34000000 		.4byte	.LFE24
 2158 00b8 00000000 		.4byte	.LFB25
 2159 00bc 40000000 		.4byte	.LFE25
 2160 00c0 00000000 		.4byte	0
 2161 00c4 00000000 		.4byte	0
 2162              		.section	.debug_line,"",%progbits
 2163              	.Ldebug_line0:
 2164 0000 62020000 		.section	.debug_str,"MS",%progbits,1
 2164      02004100 
 2164      00000201 
 2164      FB0E0D00 
 2164      01010101 
 2165              	.LASF15:
 2166 0000 72656731 		.ascii	"reg16\000"
 2166      3600
 2167              	.LASF33:
 2168 0006 5350494D 		.ascii	"SPIM_WriteTxData\000"
 2168      5F577269 
 2168      74655478 
 2168      44617461 
 2168      00
 2169              	.LASF20:
 2170 0017 5350494D 		.ascii	"SPIM_Enable\000"
 2170      5F456E61 
 2170      626C6500 
 2171              	.LASF21:
 2172 0023 5350494D 		.ascii	"SPIM_Stop\000"
 2172      5F53746F 
 2172      7000
 2173              	.LASF34:
 2174 002d 74784461 		.ascii	"txData\000"
 2174      746100
 2175              	.LASF3:
 2176 0034 73686F72 		.ascii	"short unsigned int\000"
 2176      7420756E 
 2176      7369676E 
 2176      65642069 
 2176      6E7400
 2177              	.LASF13:
 2178 0047 63686172 		.ascii	"char\000"
 2178      00
 2179              	.LASF49:
 2180 004c 5350494D 		.ascii	"SPIM_SetInterruptMode\000"
 2180      5F536574 
 2180      496E7465 
 2180      72727570 
 2180      744D6F64 
 2181              	.LASF51:
 2182 0062 5350494D 		.ascii	"SPIM_initVar\000"
 2182      5F696E69 
 2182      74566172 
 2182      00
 2183              	.LASF36:
ARM GAS  C:\Users\Admin\AppData\Local\Temp\ccoDOIct.s 			page 60


 2184 006f 72784461 		.ascii	"rxData\000"
 2184      746100
 2185              	.LASF48:
 2186 0076 5350494D 		.ascii	"SPIM_DisableInt\000"
 2186      5F446973 
 2186      61626C65 
 2186      496E7400 
 2187              	.LASF55:
 2188 0086 47656E65 		.ascii	"Generated_Source\\PSoC4\\SPIM.c\000"
 2188      72617465 
 2188      645F536F 
 2188      75726365 
 2188      5C50536F 
 2189              	.LASF11:
 2190 00a4 666C6F61 		.ascii	"float\000"
 2190      7400
 2191              	.LASF40:
 2192 00aa 5350494D 		.ascii	"SPIM_ClearRxBuffer\000"
 2192      5F436C65 
 2192      61725278 
 2192      42756666 
 2192      657200
 2193              	.LASF38:
 2194 00bd 73697A65 		.ascii	"size\000"
 2194      00
 2195              	.LASF39:
 2196 00c2 5350494D 		.ascii	"SPIM_GetTxBufferSize\000"
 2196      5F476574 
 2196      54784275 
 2196      66666572 
 2196      53697A65 
 2197              	.LASF14:
 2198 00d7 72656738 		.ascii	"reg8\000"
 2198      00
 2199              	.LASF23:
 2200 00dc 5350494D 		.ascii	"SPIM_EnableTxInt\000"
 2200      5F456E61 
 2200      626C6554 
 2200      78496E74 
 2200      00
 2201              	.LASF5:
 2202 00ed 6C6F6E67 		.ascii	"long unsigned int\000"
 2202      20756E73 
 2202      69676E65 
 2202      6420696E 
 2202      7400
 2203              	.LASF9:
 2204 00ff 75696E74 		.ascii	"uint8\000"
 2204      3800
 2205              	.LASF54:
 2206 0105 474E5520 		.ascii	"GNU C11 5.4.1 20160609 (release) [ARM/embedded-5-br"
 2206      43313120 
 2206      352E342E 
 2206      31203230 
 2206      31363036 
 2207 0138 616E6368 		.ascii	"anch revision 237715] -mcpu=cortex-m0 -mthumb -g -O"
 2207      20726576 
ARM GAS  C:\Users\Admin\AppData\Local\Temp\ccoDOIct.s 			page 61


 2207      6973696F 
 2207      6E203233 
 2207      37373135 
 2208 016b 30202D66 		.ascii	"0 -ffunction-sections -ffat-lto-objects\000"
 2208      66756E63 
 2208      74696F6E 
 2208      2D736563 
 2208      74696F6E 
 2209              	.LASF42:
 2210 0193 5350494D 		.ascii	"SPIM_PutArray\000"
 2210      5F507574 
 2210      41727261 
 2210      7900
 2211              	.LASF22:
 2212 01a1 656E6162 		.ascii	"enableInterrupts\000"
 2212      6C65496E 
 2212      74657272 
 2212      75707473 
 2212      00
 2213              	.LASF35:
 2214 01b2 5350494D 		.ascii	"SPIM_ReadRxData\000"
 2214      5F526561 
 2214      64527844 
 2214      61746100 
 2215              	.LASF1:
 2216 01c2 756E7369 		.ascii	"unsigned char\000"
 2216      676E6564 
 2216      20636861 
 2216      7200
 2217              	.LASF25:
 2218 01d0 5350494D 		.ascii	"SPIM_DisableTxInt\000"
 2218      5F446973 
 2218      61626C65 
 2218      5478496E 
 2218      7400
 2219              	.LASF12:
 2220 01e2 646F7562 		.ascii	"double\000"
 2220      6C6500
 2221              	.LASF29:
 2222 01e9 696E7453 		.ascii	"intSrc\000"
 2222      726300
 2223              	.LASF53:
 2224 01f0 5350494D 		.ascii	"SPIM_swStatusRx\000"
 2224      5F737753 
 2224      74617475 
 2224      73527800 
 2225              	.LASF37:
 2226 0200 5350494D 		.ascii	"SPIM_GetRxBufferSize\000"
 2226      5F476574 
 2226      52784275 
 2226      66666572 
 2226      53697A65 
 2227              	.LASF10:
 2228 0215 75696E74 		.ascii	"uint16\000"
 2228      313600
 2229              	.LASF27:
 2230 021c 5350494D 		.ascii	"SPIM_SetTxInterruptMode\000"
ARM GAS  C:\Users\Admin\AppData\Local\Temp\ccoDOIct.s 			page 62


 2230      5F536574 
 2230      5478496E 
 2230      74657272 
 2230      7570744D 
 2231              	.LASF28:
 2232 0234 5350494D 		.ascii	"SPIM_SetRxInterruptMode\000"
 2232      5F536574 
 2232      5278496E 
 2232      74657272 
 2232      7570744D 
 2233              	.LASF8:
 2234 024c 756E7369 		.ascii	"unsigned int\000"
 2234      676E6564 
 2234      20696E74 
 2234      00
 2235              	.LASF7:
 2236 0259 6C6F6E67 		.ascii	"long long unsigned int\000"
 2236      206C6F6E 
 2236      6720756E 
 2236      7369676E 
 2236      65642069 
 2237              	.LASF44:
 2238 0270 62797465 		.ascii	"byteCount\000"
 2238      436F756E 
 2238      7400
 2239              	.LASF32:
 2240 027a 5350494D 		.ascii	"SPIM_ReadRxStatus\000"
 2240      5F526561 
 2240      64527853 
 2240      74617475 
 2240      7300
 2241              	.LASF45:
 2242 028c 62756649 		.ascii	"bufIndex\000"
 2242      6E646578 
 2242      00
 2243              	.LASF47:
 2244 0295 5350494D 		.ascii	"SPIM_EnableInt\000"
 2244      5F456E61 
 2244      626C6549 
 2244      6E7400
 2245              	.LASF17:
 2246 02a4 73697A65 		.ascii	"sizetype\000"
 2246      74797065 
 2246      00
 2247              	.LASF6:
 2248 02ad 6C6F6E67 		.ascii	"long long int\000"
 2248      206C6F6E 
 2248      6720696E 
 2248      7400
 2249              	.LASF18:
 2250 02bb 5350494D 		.ascii	"SPIM_Init\000"
 2250      5F496E69 
 2250      7400
 2251              	.LASF46:
 2252 02c5 5350494D 		.ascii	"SPIM_ClearFIFO\000"
 2252      5F436C65 
 2252      61724649 
ARM GAS  C:\Users\Admin\AppData\Local\Temp\ccoDOIct.s 			page 63


 2252      464F00
 2253              	.LASF2:
 2254 02d4 73686F72 		.ascii	"short int\000"
 2254      7420696E 
 2254      7400
 2255              	.LASF41:
 2256 02de 5350494D 		.ascii	"SPIM_ClearTxBuffer\000"
 2256      5F436C65 
 2256      61725478 
 2256      42756666 
 2256      657200
 2257              	.LASF43:
 2258 02f1 62756666 		.ascii	"buffer\000"
 2258      657200
 2259              	.LASF50:
 2260 02f8 5350494D 		.ascii	"SPIM_ReadStatus\000"
 2260      5F526561 
 2260      64537461 
 2260      74757300 
 2261              	.LASF52:
 2262 0308 5350494D 		.ascii	"SPIM_swStatusTx\000"
 2262      5F737753 
 2262      74617475 
 2262      73547800 
 2263              	.LASF24:
 2264 0318 5350494D 		.ascii	"SPIM_EnableRxInt\000"
 2264      5F456E61 
 2264      626C6552 
 2264      78496E74 
 2264      00
 2265              	.LASF4:
 2266 0329 6C6F6E67 		.ascii	"long int\000"
 2266      20696E74 
 2266      00
 2267              	.LASF30:
 2268 0332 746D7053 		.ascii	"tmpStatus\000"
 2268      74617475 
 2268      7300
 2269              	.LASF16:
 2270 033c 6C6F6E67 		.ascii	"long double\000"
 2270      20646F75 
 2270      626C6500 
 2271              	.LASF0:
 2272 0348 7369676E 		.ascii	"signed char\000"
 2272      65642063 
 2272      68617200 
 2273              	.LASF19:
 2274 0354 5350494D 		.ascii	"SPIM_Start\000"
 2274      5F537461 
 2274      727400
 2275              	.LASF31:
 2276 035f 5350494D 		.ascii	"SPIM_ReadTxStatus\000"
 2276      5F526561 
 2276      64547853 
 2276      74617475 
 2276      7300
 2277              	.LASF26:
ARM GAS  C:\Users\Admin\AppData\Local\Temp\ccoDOIct.s 			page 64


 2278 0371 5350494D 		.ascii	"SPIM_DisableRxInt\000"
 2278      5F446973 
 2278      61626C65 
 2278      5278496E 
 2278      7400
 2279              	.LASF56:
 2280 0383 443A5C4C 		.ascii	"D:\\LABs_BLE\\LABs_BLE\\Lab_3_1_UART_additional.cyd"
 2280      4142735F 
 2280      424C455C 
 2280      4C414273 
 2280      5F424C45 
 2281 03b3 736E00   		.ascii	"sn\000"
 2282              		.ident	"GCC: (GNU Tools for ARM Embedded Processors) 5.4.1 20160609 (release) [ARM/embedded-5-bran
