ARM GAS  C:\Users\Admin\AppData\Local\Temp\ccZ2lf0h.s 			page 1


   1              		.syntax unified
   2              		.cpu cortex-m0
   3              		.fpu softvfp
   4              		.eabi_attribute 20, 1
   5              		.eabi_attribute 21, 1
   6              		.eabi_attribute 23, 3
   7              		.eabi_attribute 24, 1
   8              		.eabi_attribute 25, 1
   9              		.eabi_attribute 26, 1
  10              		.eabi_attribute 30, 1
  11              		.eabi_attribute 34, 0
  12              		.eabi_attribute 18, 4
  13              		.thumb
  14              		.syntax unified
  15              		.file	"cyfitter_cfg.c"
  16              		.text
  17              	.Ltext0:
  18              		.cfi_sections	.debug_frame
  19              		.section	.text.cfg_write_bytes32,"ax",%progbits
  20              		.align	2
  21              		.code	16
  22              		.thumb_func
  23              		.type	cfg_write_bytes32, %function
  24              	cfg_write_bytes32:
  25              	.LFB5:
  26              		.file 1 "Generated_Source\\PSoC4\\cyfitter_cfg.c"
   1:Generated_Source\PSoC4/cyfitter_cfg.c **** 
   2:Generated_Source\PSoC4/cyfitter_cfg.c **** /*******************************************************************************
   3:Generated_Source\PSoC4/cyfitter_cfg.c **** * File Name: cyfitter_cfg.c
   4:Generated_Source\PSoC4/cyfitter_cfg.c **** * 
   5:Generated_Source\PSoC4/cyfitter_cfg.c **** * PSoC Creator  4.4
   6:Generated_Source\PSoC4/cyfitter_cfg.c **** *
   7:Generated_Source\PSoC4/cyfitter_cfg.c **** * Description:
   8:Generated_Source\PSoC4/cyfitter_cfg.c **** * This file contains device initialization code.
   9:Generated_Source\PSoC4/cyfitter_cfg.c **** * Except for the user defined sections in CyClockStartupError(), this file should not be modified.
  10:Generated_Source\PSoC4/cyfitter_cfg.c **** * This file is automatically generated by PSoC Creator.
  11:Generated_Source\PSoC4/cyfitter_cfg.c **** *
  12:Generated_Source\PSoC4/cyfitter_cfg.c **** ********************************************************************************
  13:Generated_Source\PSoC4/cyfitter_cfg.c **** * Copyright (c) 2007-2020 Cypress Semiconductor.  All rights reserved.
  14:Generated_Source\PSoC4/cyfitter_cfg.c **** * You may use this file only in accordance with the license, terms, conditions, 
  15:Generated_Source\PSoC4/cyfitter_cfg.c **** * disclaimers, and limitations in the end user license agreement accompanying 
  16:Generated_Source\PSoC4/cyfitter_cfg.c **** * the software package with which this file was provided.
  17:Generated_Source\PSoC4/cyfitter_cfg.c **** ********************************************************************************/
  18:Generated_Source\PSoC4/cyfitter_cfg.c **** 
  19:Generated_Source\PSoC4/cyfitter_cfg.c **** #include <string.h>
  20:Generated_Source\PSoC4/cyfitter_cfg.c **** #include "cytypes.h"
  21:Generated_Source\PSoC4/cyfitter_cfg.c **** #include "cydevice_trm.h"
  22:Generated_Source\PSoC4/cyfitter_cfg.c **** #include "cyfitter.h"
  23:Generated_Source\PSoC4/cyfitter_cfg.c **** #include "CyLib.h"
  24:Generated_Source\PSoC4/cyfitter_cfg.c **** #include "CyLFClk.h"
  25:Generated_Source\PSoC4/cyfitter_cfg.c **** #include "cyfitter_cfg.h"
  26:Generated_Source\PSoC4/cyfitter_cfg.c **** #include "cyapicallbacks.h"
  27:Generated_Source\PSoC4/cyfitter_cfg.c **** 
  28:Generated_Source\PSoC4/cyfitter_cfg.c **** 
  29:Generated_Source\PSoC4/cyfitter_cfg.c **** #if defined(__GNUC__) || defined(__ARMCC_VERSION)
  30:Generated_Source\PSoC4/cyfitter_cfg.c ****     #define CYPACKED 
  31:Generated_Source\PSoC4/cyfitter_cfg.c ****     #define CYPACKED_ATTR __attribute__ ((packed))
ARM GAS  C:\Users\Admin\AppData\Local\Temp\ccZ2lf0h.s 			page 2


  32:Generated_Source\PSoC4/cyfitter_cfg.c ****     #define CYALIGNED __attribute__ ((aligned))
  33:Generated_Source\PSoC4/cyfitter_cfg.c ****     #define CY_CFG_UNUSED __attribute__ ((unused))
  34:Generated_Source\PSoC4/cyfitter_cfg.c ****     #ifndef CY_CFG_SECTION
  35:Generated_Source\PSoC4/cyfitter_cfg.c ****         #define CY_CFG_SECTION __attribute__ ((section(".psocinit")))
  36:Generated_Source\PSoC4/cyfitter_cfg.c ****     #endif
  37:Generated_Source\PSoC4/cyfitter_cfg.c ****     
  38:Generated_Source\PSoC4/cyfitter_cfg.c ****     #if defined(__ARMCC_VERSION)
  39:Generated_Source\PSoC4/cyfitter_cfg.c ****         #define CY_CFG_MEMORY_BARRIER() __memory_changed()
  40:Generated_Source\PSoC4/cyfitter_cfg.c ****     #else
  41:Generated_Source\PSoC4/cyfitter_cfg.c ****         #define CY_CFG_MEMORY_BARRIER() __sync_synchronize()
  42:Generated_Source\PSoC4/cyfitter_cfg.c ****     #endif
  43:Generated_Source\PSoC4/cyfitter_cfg.c ****     
  44:Generated_Source\PSoC4/cyfitter_cfg.c **** #elif defined(__ICCARM__)
  45:Generated_Source\PSoC4/cyfitter_cfg.c ****     #include <intrinsics.h>
  46:Generated_Source\PSoC4/cyfitter_cfg.c **** 
  47:Generated_Source\PSoC4/cyfitter_cfg.c ****     #define CYPACKED __packed
  48:Generated_Source\PSoC4/cyfitter_cfg.c ****     #define CYPACKED_ATTR 
  49:Generated_Source\PSoC4/cyfitter_cfg.c ****     #define CYALIGNED _Pragma("data_alignment=4")
  50:Generated_Source\PSoC4/cyfitter_cfg.c ****     #define CY_CFG_UNUSED _Pragma("diag_suppress=Pe177")
  51:Generated_Source\PSoC4/cyfitter_cfg.c ****     #define CY_CFG_SECTION _Pragma("location=\".psocinit\"")
  52:Generated_Source\PSoC4/cyfitter_cfg.c ****     
  53:Generated_Source\PSoC4/cyfitter_cfg.c ****     #define CY_CFG_MEMORY_BARRIER() __DMB()
  54:Generated_Source\PSoC4/cyfitter_cfg.c ****     
  55:Generated_Source\PSoC4/cyfitter_cfg.c **** #else
  56:Generated_Source\PSoC4/cyfitter_cfg.c ****     #error Unsupported toolchain
  57:Generated_Source\PSoC4/cyfitter_cfg.c **** #endif
  58:Generated_Source\PSoC4/cyfitter_cfg.c **** 
  59:Generated_Source\PSoC4/cyfitter_cfg.c **** #ifndef CYCODE
  60:Generated_Source\PSoC4/cyfitter_cfg.c ****     #define CYCODE
  61:Generated_Source\PSoC4/cyfitter_cfg.c **** #endif
  62:Generated_Source\PSoC4/cyfitter_cfg.c **** #ifndef CYDATA
  63:Generated_Source\PSoC4/cyfitter_cfg.c ****     #define CYDATA
  64:Generated_Source\PSoC4/cyfitter_cfg.c **** #endif
  65:Generated_Source\PSoC4/cyfitter_cfg.c **** #ifndef CYFAR
  66:Generated_Source\PSoC4/cyfitter_cfg.c ****     #define CYFAR
  67:Generated_Source\PSoC4/cyfitter_cfg.c **** #endif
  68:Generated_Source\PSoC4/cyfitter_cfg.c **** #ifndef CYXDATA
  69:Generated_Source\PSoC4/cyfitter_cfg.c ****     #define CYXDATA
  70:Generated_Source\PSoC4/cyfitter_cfg.c **** #endif
  71:Generated_Source\PSoC4/cyfitter_cfg.c **** 
  72:Generated_Source\PSoC4/cyfitter_cfg.c **** 
  73:Generated_Source\PSoC4/cyfitter_cfg.c **** CY_CFG_UNUSED
  74:Generated_Source\PSoC4/cyfitter_cfg.c **** static void CYMEMZERO(void *s, size_t n);
  75:Generated_Source\PSoC4/cyfitter_cfg.c **** CY_CFG_UNUSED
  76:Generated_Source\PSoC4/cyfitter_cfg.c **** static void CYMEMZERO(void *s, size_t n)
  77:Generated_Source\PSoC4/cyfitter_cfg.c **** {
  78:Generated_Source\PSoC4/cyfitter_cfg.c **** 	(void)memset(s, 0, n);
  79:Generated_Source\PSoC4/cyfitter_cfg.c **** }
  80:Generated_Source\PSoC4/cyfitter_cfg.c **** CY_CFG_UNUSED
  81:Generated_Source\PSoC4/cyfitter_cfg.c **** static void CYCONFIGCPY(void *dest, const void *src, size_t n);
  82:Generated_Source\PSoC4/cyfitter_cfg.c **** CY_CFG_UNUSED
  83:Generated_Source\PSoC4/cyfitter_cfg.c **** static void CYCONFIGCPY(void *dest, const void *src, size_t n)
  84:Generated_Source\PSoC4/cyfitter_cfg.c **** {
  85:Generated_Source\PSoC4/cyfitter_cfg.c **** 	(void)memcpy(dest, src, n);
  86:Generated_Source\PSoC4/cyfitter_cfg.c **** }
  87:Generated_Source\PSoC4/cyfitter_cfg.c **** CY_CFG_UNUSED
  88:Generated_Source\PSoC4/cyfitter_cfg.c **** static void CYCONFIGCPYCODE(void *dest, const void *src, size_t n);
ARM GAS  C:\Users\Admin\AppData\Local\Temp\ccZ2lf0h.s 			page 3


  89:Generated_Source\PSoC4/cyfitter_cfg.c **** CY_CFG_UNUSED
  90:Generated_Source\PSoC4/cyfitter_cfg.c **** static void CYCONFIGCPYCODE(void *dest, const void *src, size_t n)
  91:Generated_Source\PSoC4/cyfitter_cfg.c **** {
  92:Generated_Source\PSoC4/cyfitter_cfg.c **** 	(void)memcpy(dest, src, n);
  93:Generated_Source\PSoC4/cyfitter_cfg.c **** }
  94:Generated_Source\PSoC4/cyfitter_cfg.c **** 
  95:Generated_Source\PSoC4/cyfitter_cfg.c **** 
  96:Generated_Source\PSoC4/cyfitter_cfg.c **** 
  97:Generated_Source\PSoC4/cyfitter_cfg.c **** 
  98:Generated_Source\PSoC4/cyfitter_cfg.c **** /* Clock startup error codes                                                   */
  99:Generated_Source\PSoC4/cyfitter_cfg.c **** #define CYCLOCKSTART_NO_ERROR    0u
 100:Generated_Source\PSoC4/cyfitter_cfg.c **** #define CYCLOCKSTART_XTAL_ERROR  1u
 101:Generated_Source\PSoC4/cyfitter_cfg.c **** #define CYCLOCKSTART_32KHZ_ERROR 2u
 102:Generated_Source\PSoC4/cyfitter_cfg.c **** #define CYCLOCKSTART_PLL_ERROR   3u
 103:Generated_Source\PSoC4/cyfitter_cfg.c **** #define CYCLOCKSTART_FLL_ERROR   4u
 104:Generated_Source\PSoC4/cyfitter_cfg.c **** #define CYCLOCKSTART_WCO_ERROR   5u
 105:Generated_Source\PSoC4/cyfitter_cfg.c **** 
 106:Generated_Source\PSoC4/cyfitter_cfg.c **** 
 107:Generated_Source\PSoC4/cyfitter_cfg.c **** #ifdef CY_NEED_CYCLOCKSTARTUPERROR
 108:Generated_Source\PSoC4/cyfitter_cfg.c **** /*******************************************************************************
 109:Generated_Source\PSoC4/cyfitter_cfg.c **** * Function Name: CyClockStartupError
 110:Generated_Source\PSoC4/cyfitter_cfg.c **** ********************************************************************************
 111:Generated_Source\PSoC4/cyfitter_cfg.c **** * Summary:
 112:Generated_Source\PSoC4/cyfitter_cfg.c **** *  If an error is encountered during clock configuration (crystal startup error,
 113:Generated_Source\PSoC4/cyfitter_cfg.c **** *  PLL lock error, etc.), the system will end up here.  Unless reimplemented by
 114:Generated_Source\PSoC4/cyfitter_cfg.c **** *  the customer, this function will stop in an infinite loop.
 115:Generated_Source\PSoC4/cyfitter_cfg.c **** *
 116:Generated_Source\PSoC4/cyfitter_cfg.c **** * Parameters:
 117:Generated_Source\PSoC4/cyfitter_cfg.c **** *   void
 118:Generated_Source\PSoC4/cyfitter_cfg.c **** *
 119:Generated_Source\PSoC4/cyfitter_cfg.c **** * Return:
 120:Generated_Source\PSoC4/cyfitter_cfg.c **** *   void
 121:Generated_Source\PSoC4/cyfitter_cfg.c **** *
 122:Generated_Source\PSoC4/cyfitter_cfg.c **** *******************************************************************************/
 123:Generated_Source\PSoC4/cyfitter_cfg.c **** CY_CFG_UNUSED
 124:Generated_Source\PSoC4/cyfitter_cfg.c **** static void CyClockStartupError(uint8 errorCode);
 125:Generated_Source\PSoC4/cyfitter_cfg.c **** CY_CFG_UNUSED
 126:Generated_Source\PSoC4/cyfitter_cfg.c **** static void CyClockStartupError(uint8 errorCode)
 127:Generated_Source\PSoC4/cyfitter_cfg.c **** {
 128:Generated_Source\PSoC4/cyfitter_cfg.c ****     /* To remove the compiler warning if errorCode not used.                */
 129:Generated_Source\PSoC4/cyfitter_cfg.c ****     errorCode = errorCode;
 130:Generated_Source\PSoC4/cyfitter_cfg.c **** 
 131:Generated_Source\PSoC4/cyfitter_cfg.c ****     /* If we have a clock startup error (bad MHz crystal, PLL lock, etc.),  */
 132:Generated_Source\PSoC4/cyfitter_cfg.c ****     /* we will end up here to allow the customer to implement something to  */
 133:Generated_Source\PSoC4/cyfitter_cfg.c ****     /* deal with the clock condition.                                       */
 134:Generated_Source\PSoC4/cyfitter_cfg.c **** 
 135:Generated_Source\PSoC4/cyfitter_cfg.c **** #ifdef CY_CFG_CLOCK_STARTUP_ERROR_CALLBACK
 136:Generated_Source\PSoC4/cyfitter_cfg.c ****     CY_CFG_Clock_Startup_ErrorCallback();
 137:Generated_Source\PSoC4/cyfitter_cfg.c **** #else
 138:Generated_Source\PSoC4/cyfitter_cfg.c ****     /*  If not using CY_CFG_CLOCK_STARTUP_ERROR_CALLBACK, place your clock startup code here. */
 139:Generated_Source\PSoC4/cyfitter_cfg.c ****     /* `#START CyClockStartupError` */
 140:Generated_Source\PSoC4/cyfitter_cfg.c **** 
 141:Generated_Source\PSoC4/cyfitter_cfg.c **** 
 142:Generated_Source\PSoC4/cyfitter_cfg.c **** 
 143:Generated_Source\PSoC4/cyfitter_cfg.c ****     /* `#END` */
 144:Generated_Source\PSoC4/cyfitter_cfg.c **** 
 145:Generated_Source\PSoC4/cyfitter_cfg.c ****     while(1) {}
ARM GAS  C:\Users\Admin\AppData\Local\Temp\ccZ2lf0h.s 			page 4


 146:Generated_Source\PSoC4/cyfitter_cfg.c **** #endif /* CY_CFG_CLOCK_STARTUP_ERROR_CALLBACK */
 147:Generated_Source\PSoC4/cyfitter_cfg.c **** }
 148:Generated_Source\PSoC4/cyfitter_cfg.c **** #endif
 149:Generated_Source\PSoC4/cyfitter_cfg.c **** 
 150:Generated_Source\PSoC4/cyfitter_cfg.c **** #define CY_CFG_BASE_ADDR_COUNT 8u
 151:Generated_Source\PSoC4/cyfitter_cfg.c **** CYPACKED typedef struct
 152:Generated_Source\PSoC4/cyfitter_cfg.c **** {
 153:Generated_Source\PSoC4/cyfitter_cfg.c **** 	uint8 offset;
 154:Generated_Source\PSoC4/cyfitter_cfg.c **** 	uint8 value;
 155:Generated_Source\PSoC4/cyfitter_cfg.c **** } CYPACKED_ATTR cy_cfg_addrvalue_t;
 156:Generated_Source\PSoC4/cyfitter_cfg.c **** 
 157:Generated_Source\PSoC4/cyfitter_cfg.c **** 
 158:Generated_Source\PSoC4/cyfitter_cfg.c **** 
 159:Generated_Source\PSoC4/cyfitter_cfg.c **** /*******************************************************************************
 160:Generated_Source\PSoC4/cyfitter_cfg.c **** * Function Name: cfg_write_bytes32
 161:Generated_Source\PSoC4/cyfitter_cfg.c **** ********************************************************************************
 162:Generated_Source\PSoC4/cyfitter_cfg.c **** * Summary:
 163:Generated_Source\PSoC4/cyfitter_cfg.c **** *  This function is used for setting up the chip configuration areas that
 164:Generated_Source\PSoC4/cyfitter_cfg.c **** *  contain relatively sparse data.
 165:Generated_Source\PSoC4/cyfitter_cfg.c **** *
 166:Generated_Source\PSoC4/cyfitter_cfg.c **** * Parameters:
 167:Generated_Source\PSoC4/cyfitter_cfg.c **** *   void
 168:Generated_Source\PSoC4/cyfitter_cfg.c **** *
 169:Generated_Source\PSoC4/cyfitter_cfg.c **** * Return:
 170:Generated_Source\PSoC4/cyfitter_cfg.c **** *   void
 171:Generated_Source\PSoC4/cyfitter_cfg.c **** *
 172:Generated_Source\PSoC4/cyfitter_cfg.c **** *******************************************************************************/
 173:Generated_Source\PSoC4/cyfitter_cfg.c **** static void cfg_write_bytes32(const uint32 addr_table[], const cy_cfg_addrvalue_t data_table[]);
 174:Generated_Source\PSoC4/cyfitter_cfg.c **** static void cfg_write_bytes32(const uint32 addr_table[], const cy_cfg_addrvalue_t data_table[])
 175:Generated_Source\PSoC4/cyfitter_cfg.c **** {
  27              		.loc 1 175 0
  28              		.cfi_startproc
  29              		@ args = 0, pretend = 0, frame = 0
  30              		@ frame_needed = 0, uses_anonymous_args = 0
  31              	.LVL0:
  32 0000 F0B5     		push	{r4, r5, r6, r7, lr}
  33              		.cfi_def_cfa_offset 20
  34              		.cfi_offset 4, -20
  35              		.cfi_offset 5, -16
  36              		.cfi_offset 6, -12
  37              		.cfi_offset 7, -8
  38              		.cfi_offset 14, -4
  39              	.LVL1:
 176:Generated_Source\PSoC4/cyfitter_cfg.c **** 	/* For 32-bit little-endian architectures */
 177:Generated_Source\PSoC4/cyfitter_cfg.c **** 	uint32 i, j = 0u;
  40              		.loc 1 177 0
  41 0002 0025     		movs	r5, #0
 178:Generated_Source\PSoC4/cyfitter_cfg.c **** 	for (i = 0u; i < CY_CFG_BASE_ADDR_COUNT; i++)
  42              		.loc 1 178 0
  43 0004 0027     		movs	r7, #0
  44 0006 11E0     		b	.L2
  45              	.LVL2:
  46              	.L5:
  47              	.LBB2:
 179:Generated_Source\PSoC4/cyfitter_cfg.c **** 	{
 180:Generated_Source\PSoC4/cyfitter_cfg.c **** 		uint32 baseAddr = addr_table[i];
  48              		.loc 1 180 0
ARM GAS  C:\Users\Admin\AppData\Local\Temp\ccZ2lf0h.s 			page 5


  49 0008 BB00     		lsls	r3, r7, #2
  50 000a C658     		ldr	r6, [r0, r3]
  51              	.LVL3:
 181:Generated_Source\PSoC4/cyfitter_cfg.c **** 		uint8 count = (uint8)baseAddr;
  52              		.loc 1 181 0
  53 000c F3B2     		uxtb	r3, r6
  54              	.LVL4:
 182:Generated_Source\PSoC4/cyfitter_cfg.c **** 		baseAddr &= 0xFFFFFF00u;
  55              		.loc 1 182 0
  56 000e FF22     		movs	r2, #255
  57 0010 9643     		bics	r6, r2
  58              	.LVL5:
 183:Generated_Source\PSoC4/cyfitter_cfg.c **** 		while (count != 0u)
  59              		.loc 1 183 0
  60 0012 08E0     		b	.L3
  61              	.L4:
 184:Generated_Source\PSoC4/cyfitter_cfg.c **** 		{
 185:Generated_Source\PSoC4/cyfitter_cfg.c **** 			CY_SET_REG8((void *)(baseAddr + data_table[j].offset), data_table[j].value);
  62              		.loc 1 185 0
  63 0014 6A00     		lsls	r2, r5, #1
  64 0016 8A18     		adds	r2, r1, r2
  65 0018 1478     		ldrb	r4, [r2]
  66 001a A419     		adds	r4, r4, r6
  67 001c 5278     		ldrb	r2, [r2, #1]
  68 001e 2270     		strb	r2, [r4]
 186:Generated_Source\PSoC4/cyfitter_cfg.c **** 			j++;
  69              		.loc 1 186 0
  70 0020 0135     		adds	r5, r5, #1
  71              	.LVL6:
 187:Generated_Source\PSoC4/cyfitter_cfg.c **** 			count--;
  72              		.loc 1 187 0
  73 0022 013B     		subs	r3, r3, #1
  74              	.LVL7:
  75 0024 DBB2     		uxtb	r3, r3
  76              	.LVL8:
  77              	.L3:
 183:Generated_Source\PSoC4/cyfitter_cfg.c **** 		{
  78              		.loc 1 183 0
  79 0026 002B     		cmp	r3, #0
  80 0028 F4D1     		bne	.L4
  81              	.LBE2:
 178:Generated_Source\PSoC4/cyfitter_cfg.c **** 	{
  82              		.loc 1 178 0 discriminator 2
  83 002a 0137     		adds	r7, r7, #1
  84              	.LVL9:
  85              	.L2:
 178:Generated_Source\PSoC4/cyfitter_cfg.c **** 	{
  86              		.loc 1 178 0 is_stmt 0 discriminator 1
  87 002c 072F     		cmp	r7, #7
  88 002e EBD9     		bls	.L5
 188:Generated_Source\PSoC4/cyfitter_cfg.c **** 		}
 189:Generated_Source\PSoC4/cyfitter_cfg.c **** 	}
 190:Generated_Source\PSoC4/cyfitter_cfg.c **** }
  89              		.loc 1 190 0 is_stmt 1
  90              		@ sp needed
  91              	.LVL10:
  92              	.LVL11:
ARM GAS  C:\Users\Admin\AppData\Local\Temp\ccZ2lf0h.s 			page 6


  93 0030 F0BD     		pop	{r4, r5, r6, r7, pc}
  94              		.cfi_endproc
  95              	.LFE5:
  96              		.size	cfg_write_bytes32, .-cfg_write_bytes32
  97 0032 C046     		.section	.text.AnalogSetDefault,"ax",%progbits
  98              		.align	2
  99              		.code	16
 100              		.thumb_func
 101              		.type	AnalogSetDefault, %function
 102              	AnalogSetDefault:
 103              	.LFB7:
 191:Generated_Source\PSoC4/cyfitter_cfg.c **** 
 192:Generated_Source\PSoC4/cyfitter_cfg.c **** 
 193:Generated_Source\PSoC4/cyfitter_cfg.c **** /*******************************************************************************
 194:Generated_Source\PSoC4/cyfitter_cfg.c **** * Function Name: ClockSetup
 195:Generated_Source\PSoC4/cyfitter_cfg.c **** ********************************************************************************
 196:Generated_Source\PSoC4/cyfitter_cfg.c **** *
 197:Generated_Source\PSoC4/cyfitter_cfg.c **** * Summary:
 198:Generated_Source\PSoC4/cyfitter_cfg.c **** *   Performs the initialization of all of the clocks in the device based on the
 199:Generated_Source\PSoC4/cyfitter_cfg.c **** *   settings in the Clock tab of the DWR.  This includes enabling the requested
 200:Generated_Source\PSoC4/cyfitter_cfg.c **** *   clocks and setting the necessary dividers to produce the desired frequency. 
 201:Generated_Source\PSoC4/cyfitter_cfg.c **** *
 202:Generated_Source\PSoC4/cyfitter_cfg.c **** * Parameters:
 203:Generated_Source\PSoC4/cyfitter_cfg.c **** *   void
 204:Generated_Source\PSoC4/cyfitter_cfg.c **** *
 205:Generated_Source\PSoC4/cyfitter_cfg.c **** * Return:
 206:Generated_Source\PSoC4/cyfitter_cfg.c **** *   void
 207:Generated_Source\PSoC4/cyfitter_cfg.c **** *
 208:Generated_Source\PSoC4/cyfitter_cfg.c **** *******************************************************************************/
 209:Generated_Source\PSoC4/cyfitter_cfg.c **** static void ClockSetup(void);
 210:Generated_Source\PSoC4/cyfitter_cfg.c **** CY_CFG_SECTION
 211:Generated_Source\PSoC4/cyfitter_cfg.c **** static void ClockSetup(void)
 212:Generated_Source\PSoC4/cyfitter_cfg.c **** {
 213:Generated_Source\PSoC4/cyfitter_cfg.c **** 
 214:Generated_Source\PSoC4/cyfitter_cfg.c **** 	/* Set Flash Cycles based on max possible frequency in case a glitch occurs during ClockSetup(). *
 215:Generated_Source\PSoC4/cyfitter_cfg.c **** 	CY_SET_REG32((void CYXDATA *)(CYREG_CPUSS_FLASH_CTL), (0x0012u));
 216:Generated_Source\PSoC4/cyfitter_cfg.c **** 
 217:Generated_Source\PSoC4/cyfitter_cfg.c **** 	/* Start the WCO */
 218:Generated_Source\PSoC4/cyfitter_cfg.c **** 	CySysClkWcoStart();
 219:Generated_Source\PSoC4/cyfitter_cfg.c **** 	(void)CySysClkWcoSetPowerMode(CY_SYS_CLK_WCO_LPM);    /* Switch to the low power mode */
 220:Generated_Source\PSoC4/cyfitter_cfg.c **** 
 221:Generated_Source\PSoC4/cyfitter_cfg.c **** 	/* Setup and trim IMO based on desired frequency. */
 222:Generated_Source\PSoC4/cyfitter_cfg.c **** 	CySysClkWriteImoFreq(24u);
 223:Generated_Source\PSoC4/cyfitter_cfg.c **** 	/* CYDEV_CLK_ILO_CONFIG Starting address: CYDEV_CLK_ILO_CONFIG */
 224:Generated_Source\PSoC4/cyfitter_cfg.c **** 	CY_SET_REG32((void *)(CYREG_CLK_ILO_CONFIG), 0x80000006u);
 225:Generated_Source\PSoC4/cyfitter_cfg.c **** 
 226:Generated_Source\PSoC4/cyfitter_cfg.c **** 
 227:Generated_Source\PSoC4/cyfitter_cfg.c **** 	/* Enable fast start mode for XO */
 228:Generated_Source\PSoC4/cyfitter_cfg.c **** 	CY_SET_REG32((void*)CYREG_BLE_BLERD_BB_XO, CY_GET_REG32((void*)CYREG_BLE_BLERD_BB_XO) | (uint32)0x
 229:Generated_Source\PSoC4/cyfitter_cfg.c **** 	CY_SET_REG32((void *)(CYREG_BLE_BLERD_BB_XO_CAPTRIM), 0x00003E2Du);
 230:Generated_Source\PSoC4/cyfitter_cfg.c **** 	/*Set XTAL(ECO) divider*/
 231:Generated_Source\PSoC4/cyfitter_cfg.c **** 	CY_SET_REG32((void *)(CYREG_BLE_BLESS_XTAL_CLK_DIV_CONFIG), 0x00000000u);
 232:Generated_Source\PSoC4/cyfitter_cfg.c **** 	/* Disable Crystal Stable Interrupt before enabling ECO */
 233:Generated_Source\PSoC4/cyfitter_cfg.c **** 	CY_SET_REG32((void*)CYREG_BLE_BLESS_LL_DSM_CTRL, CY_GET_REG32((void*)CYREG_BLE_BLESS_LL_DSM_CTRL) 
 234:Generated_Source\PSoC4/cyfitter_cfg.c **** 	/* Start the ECO and do not check status since it is not needed for HFCLK */
 235:Generated_Source\PSoC4/cyfitter_cfg.c **** 	(void)CySysClkEcoStart(2000u);
 236:Generated_Source\PSoC4/cyfitter_cfg.c **** 	CyDelayUs(1500u); /* Wait to stabilize */
ARM GAS  C:\Users\Admin\AppData\Local\Temp\ccZ2lf0h.s 			page 7


 237:Generated_Source\PSoC4/cyfitter_cfg.c **** 
 238:Generated_Source\PSoC4/cyfitter_cfg.c **** 	/* Setup phase aligned clocks */
 239:Generated_Source\PSoC4/cyfitter_cfg.c **** 	CY_SET_REG32((void *)CYREG_PERI_DIV_16_CTL2, 0x00752F00u);
 240:Generated_Source\PSoC4/cyfitter_cfg.c **** 	CY_SET_REG32((void *)CYREG_PERI_DIV_CMD, 0x8000FF42u);
 241:Generated_Source\PSoC4/cyfitter_cfg.c **** 	CY_SET_REG32((void *)CYREG_PERI_DIV_16_CTL0, 0x00000200u);
 242:Generated_Source\PSoC4/cyfitter_cfg.c **** 	CY_SET_REG32((void *)CYREG_PERI_DIV_CMD, 0x8000FF40u);
 243:Generated_Source\PSoC4/cyfitter_cfg.c **** 	CY_SET_REG32((void *)CYREG_PERI_DIV_16_CTL1, 0x00009B00u);
 244:Generated_Source\PSoC4/cyfitter_cfg.c **** 	CY_SET_REG32((void *)CYREG_PERI_DIV_CMD, 0x8000FF41u);
 245:Generated_Source\PSoC4/cyfitter_cfg.c **** 
 246:Generated_Source\PSoC4/cyfitter_cfg.c **** 	/* CYDEV_CLK_IMO_CONFIG Starting address: CYDEV_CLK_IMO_CONFIG */
 247:Generated_Source\PSoC4/cyfitter_cfg.c **** 	CY_SET_REG32((void *)(CYREG_CLK_IMO_CONFIG), 0x80000000u);
 248:Generated_Source\PSoC4/cyfitter_cfg.c **** 
 249:Generated_Source\PSoC4/cyfitter_cfg.c **** 	/* CYDEV_CLK_SELECT Starting address: CYDEV_CLK_SELECT */
 250:Generated_Source\PSoC4/cyfitter_cfg.c **** 	CY_SET_REG32((void *)(CYREG_CLK_SELECT), 0x00000000u);
 251:Generated_Source\PSoC4/cyfitter_cfg.c **** 
 252:Generated_Source\PSoC4/cyfitter_cfg.c **** 	/* CYDEV_PERI_PCLK_CTL14 Starting address: CYDEV_PERI_PCLK_CTL14 */
 253:Generated_Source\PSoC4/cyfitter_cfg.c **** 	CY_SET_REG32((void *)(CYREG_PERI_PCLK_CTL14), 0x00000042u);
 254:Generated_Source\PSoC4/cyfitter_cfg.c **** 
 255:Generated_Source\PSoC4/cyfitter_cfg.c **** 	/* CYDEV_PERI_PCLK_CTL12 Starting address: CYDEV_PERI_PCLK_CTL12 */
 256:Generated_Source\PSoC4/cyfitter_cfg.c **** 	CY_SET_REG32((void *)(CYREG_PERI_PCLK_CTL12), 0x00000040u);
 257:Generated_Source\PSoC4/cyfitter_cfg.c **** 
 258:Generated_Source\PSoC4/cyfitter_cfg.c **** 	/* CYDEV_PERI_PCLK_CTL1 Starting address: CYDEV_PERI_PCLK_CTL1 */
 259:Generated_Source\PSoC4/cyfitter_cfg.c **** 	CY_SET_REG32((void *)(CYREG_PERI_PCLK_CTL1), 0x00000041u);
 260:Generated_Source\PSoC4/cyfitter_cfg.c **** 
 261:Generated_Source\PSoC4/cyfitter_cfg.c **** 	(void)CyIntSetVector(8u, &CySysWdtIsr);
 262:Generated_Source\PSoC4/cyfitter_cfg.c **** 	CyIntEnable(8u);
 263:Generated_Source\PSoC4/cyfitter_cfg.c **** 	CY_SET_REG32((void *)(CYREG_WDT_CONFIG), 0x00000000u);
 264:Generated_Source\PSoC4/cyfitter_cfg.c **** 	/* Set Flash Cycles based on newly configured 24.00MHz HFCLK. */
 265:Generated_Source\PSoC4/cyfitter_cfg.c **** 	CY_SET_REG32((void CYXDATA *)(CYREG_CPUSS_FLASH_CTL), (0x0011u));
 266:Generated_Source\PSoC4/cyfitter_cfg.c **** }
 267:Generated_Source\PSoC4/cyfitter_cfg.c **** 
 268:Generated_Source\PSoC4/cyfitter_cfg.c **** 
 269:Generated_Source\PSoC4/cyfitter_cfg.c **** /* Analog API Functions */
 270:Generated_Source\PSoC4/cyfitter_cfg.c **** 
 271:Generated_Source\PSoC4/cyfitter_cfg.c **** 
 272:Generated_Source\PSoC4/cyfitter_cfg.c **** /*******************************************************************************
 273:Generated_Source\PSoC4/cyfitter_cfg.c **** * Function Name: AnalogSetDefault
 274:Generated_Source\PSoC4/cyfitter_cfg.c **** ********************************************************************************
 275:Generated_Source\PSoC4/cyfitter_cfg.c **** *
 276:Generated_Source\PSoC4/cyfitter_cfg.c **** * Summary:
 277:Generated_Source\PSoC4/cyfitter_cfg.c **** *  Sets up the analog portions of the chip to default values based on chip
 278:Generated_Source\PSoC4/cyfitter_cfg.c **** *  configuration options from the project.
 279:Generated_Source\PSoC4/cyfitter_cfg.c **** *
 280:Generated_Source\PSoC4/cyfitter_cfg.c **** * Parameters:
 281:Generated_Source\PSoC4/cyfitter_cfg.c **** *  void
 282:Generated_Source\PSoC4/cyfitter_cfg.c **** *
 283:Generated_Source\PSoC4/cyfitter_cfg.c **** * Return:
 284:Generated_Source\PSoC4/cyfitter_cfg.c **** *  void
 285:Generated_Source\PSoC4/cyfitter_cfg.c **** *
 286:Generated_Source\PSoC4/cyfitter_cfg.c **** *******************************************************************************/
 287:Generated_Source\PSoC4/cyfitter_cfg.c **** static void AnalogSetDefault(void);
 288:Generated_Source\PSoC4/cyfitter_cfg.c **** static void AnalogSetDefault(void)
 289:Generated_Source\PSoC4/cyfitter_cfg.c **** {
 104              		.loc 1 289 0
 105              		.cfi_startproc
 106              		@ args = 0, pretend = 0, frame = 0
 107              		@ frame_needed = 0, uses_anonymous_args = 0
ARM GAS  C:\Users\Admin\AppData\Local\Temp\ccZ2lf0h.s 			page 8


 108              		@ link register save eliminated.
 290:Generated_Source\PSoC4/cyfitter_cfg.c **** 	CY_SET_XTND_REG32((void CYFAR *)CYREG_CTBM0_DFT_CTRL, 0x00000003u);
 109              		.loc 1 290 0
 110 0000 0323     		movs	r3, #3
 111 0002 044A     		ldr	r2, .L7
 112 0004 1360     		str	r3, [r2]
 291:Generated_Source\PSoC4/cyfitter_cfg.c **** 	CY_SET_XTND_REG32((void CYFAR *)CYREG_CTBM1_DFT_CTRL, 0x00000003u);
 113              		.loc 1 291 0
 114 0006 044A     		ldr	r2, .L7+4
 115 0008 1360     		str	r3, [r2]
 292:Generated_Source\PSoC4/cyfitter_cfg.c **** 	CY_SET_XTND_REG32((void CYFAR *)CYREG_PASS_DSAB_DSAB_CTRL, 0x00000000u);
 116              		.loc 1 292 0
 117 000a 0022     		movs	r2, #0
 118 000c 034B     		ldr	r3, .L7+8
 119 000e 1A60     		str	r2, [r3]
 293:Generated_Source\PSoC4/cyfitter_cfg.c **** }
 120              		.loc 1 293 0
 121              		@ sp needed
 122 0010 7047     		bx	lr
 123              	.L8:
 124 0012 C046     		.align	2
 125              	.L7:
 126 0014 30003040 		.word	1076887600
 127 0018 30003140 		.word	1076953136
 128 001c 000E3F40 		.word	1077874176
 129              		.cfi_endproc
 130              	.LFE7:
 131              		.size	AnalogSetDefault, .-AnalogSetDefault
 132              		.section	.text.CYMEMZERO,"ax",%progbits
 133              		.align	2
 134              		.code	16
 135              		.thumb_func
 136              		.type	CYMEMZERO, %function
 137              	CYMEMZERO:
 138              	.LFB2:
  77:Generated_Source\PSoC4/cyfitter_cfg.c **** 	(void)memset(s, 0, n);
 139              		.loc 1 77 0
 140              		.cfi_startproc
 141              		@ args = 0, pretend = 0, frame = 0
 142              		@ frame_needed = 0, uses_anonymous_args = 0
 143              	.LVL12:
 144 0000 10B5     		push	{r4, lr}
 145              		.cfi_def_cfa_offset 8
 146              		.cfi_offset 4, -8
 147              		.cfi_offset 14, -4
 148 0002 0A00     		movs	r2, r1
  78:Generated_Source\PSoC4/cyfitter_cfg.c **** }
 149              		.loc 1 78 0
 150 0004 0021     		movs	r1, #0
 151              	.LVL13:
 152 0006 FFF7FEFF 		bl	memset
 153              	.LVL14:
  79:Generated_Source\PSoC4/cyfitter_cfg.c **** CY_CFG_UNUSED
 154              		.loc 1 79 0
 155              		@ sp needed
 156 000a 10BD     		pop	{r4, pc}
 157              		.cfi_endproc
ARM GAS  C:\Users\Admin\AppData\Local\Temp\ccZ2lf0h.s 			page 9


 158              	.LFE2:
 159              		.size	CYMEMZERO, .-CYMEMZERO
 160              		.section	.psocinit,"ax",%progbits
 161              		.align	2
 162              		.code	16
 163              		.thumb_func
 164              		.type	ClockSetup, %function
 165              	ClockSetup:
 166              	.LFB6:
 212:Generated_Source\PSoC4/cyfitter_cfg.c **** 
 167              		.loc 1 212 0
 168              		.cfi_startproc
 169              		@ args = 0, pretend = 0, frame = 0
 170              		@ frame_needed = 0, uses_anonymous_args = 0
 171 0000 70B5     		push	{r4, r5, r6, lr}
 172              		.cfi_def_cfa_offset 16
 173              		.cfi_offset 4, -16
 174              		.cfi_offset 5, -12
 175              		.cfi_offset 6, -8
 176              		.cfi_offset 14, -4
 215:Generated_Source\PSoC4/cyfitter_cfg.c **** 
 177              		.loc 1 215 0
 178 0002 294D     		ldr	r5, .L11
 179 0004 1223     		movs	r3, #18
 180 0006 2B60     		str	r3, [r5]
 218:Generated_Source\PSoC4/cyfitter_cfg.c **** 	(void)CySysClkWcoSetPowerMode(CY_SYS_CLK_WCO_LPM);    /* Switch to the low power mode */
 181              		.loc 1 218 0
 182 0008 FFF7FEFF 		bl	CySysClkWcoStart
 183              	.LVL15:
 219:Generated_Source\PSoC4/cyfitter_cfg.c **** 
 184              		.loc 1 219 0
 185 000c 0120     		movs	r0, #1
 186 000e FFF7FEFF 		bl	CySysClkWcoSetPowerMode
 187              	.LVL16:
 222:Generated_Source\PSoC4/cyfitter_cfg.c **** 	/* CYDEV_CLK_ILO_CONFIG Starting address: CYDEV_CLK_ILO_CONFIG */
 188              		.loc 1 222 0
 189 0012 1820     		movs	r0, #24
 190 0014 FFF7FEFF 		bl	CySysClkWriteImoFreq
 191              	.LVL17:
 224:Generated_Source\PSoC4/cyfitter_cfg.c **** 
 192              		.loc 1 224 0
 193 0018 244A     		ldr	r2, .L11+4
 194 001a 254B     		ldr	r3, .L11+8
 195 001c 1A60     		str	r2, [r3]
 228:Generated_Source\PSoC4/cyfitter_cfg.c **** 	CY_SET_REG32((void *)(CYREG_BLE_BLERD_BB_XO_CAPTRIM), 0x00003E2Du);
 196              		.loc 1 228 0
 197 001e 254A     		ldr	r2, .L11+12
 198 0020 1168     		ldr	r1, [r2]
 199 0022 0223     		movs	r3, #2
 200 0024 0B43     		orrs	r3, r1
 201 0026 1360     		str	r3, [r2]
 229:Generated_Source\PSoC4/cyfitter_cfg.c **** 	/*Set XTAL(ECO) divider*/
 202              		.loc 1 229 0
 203 0028 234A     		ldr	r2, .L11+16
 204 002a 244B     		ldr	r3, .L11+20
 205 002c 1A60     		str	r2, [r3]
 231:Generated_Source\PSoC4/cyfitter_cfg.c **** 	/* Disable Crystal Stable Interrupt before enabling ECO */
ARM GAS  C:\Users\Admin\AppData\Local\Temp\ccZ2lf0h.s 			page 10


 206              		.loc 1 231 0
 207 002e 0024     		movs	r4, #0
 208 0030 234B     		ldr	r3, .L11+24
 209 0032 1C60     		str	r4, [r3]
 233:Generated_Source\PSoC4/cyfitter_cfg.c **** 	/* Start the ECO and do not check status since it is not needed for HFCLK */
 210              		.loc 1 233 0
 211 0034 234A     		ldr	r2, .L11+28
 212 0036 1368     		ldr	r3, [r2]
 213 0038 0821     		movs	r1, #8
 214 003a 8B43     		bics	r3, r1
 215 003c 1360     		str	r3, [r2]
 235:Generated_Source\PSoC4/cyfitter_cfg.c **** 	CyDelayUs(1500u); /* Wait to stabilize */
 216              		.loc 1 235 0
 217 003e FA20     		movs	r0, #250
 218 0040 C000     		lsls	r0, r0, #3
 219 0042 FFF7FEFF 		bl	CySysClkEcoStart
 220              	.LVL18:
 236:Generated_Source\PSoC4/cyfitter_cfg.c **** 
 221              		.loc 1 236 0
 222 0046 2048     		ldr	r0, .L11+32
 223 0048 FFF7FEFF 		bl	CyDelayUs
 224              	.LVL19:
 239:Generated_Source\PSoC4/cyfitter_cfg.c **** 	CY_SET_REG32((void *)CYREG_PERI_DIV_CMD, 0x8000FF42u);
 225              		.loc 1 239 0
 226 004c 1F4A     		ldr	r2, .L11+36
 227 004e 204B     		ldr	r3, .L11+40
 228 0050 1A60     		str	r2, [r3]
 240:Generated_Source\PSoC4/cyfitter_cfg.c **** 	CY_SET_REG32((void *)CYREG_PERI_DIV_16_CTL0, 0x00000200u);
 229              		.loc 1 240 0
 230 0052 204B     		ldr	r3, .L11+44
 231 0054 204A     		ldr	r2, .L11+48
 232 0056 1A60     		str	r2, [r3]
 241:Generated_Source\PSoC4/cyfitter_cfg.c **** 	CY_SET_REG32((void *)CYREG_PERI_DIV_CMD, 0x8000FF40u);
 233              		.loc 1 241 0
 234 0058 8021     		movs	r1, #128
 235 005a 8900     		lsls	r1, r1, #2
 236 005c 1F4A     		ldr	r2, .L11+52
 237 005e 1160     		str	r1, [r2]
 242:Generated_Source\PSoC4/cyfitter_cfg.c **** 	CY_SET_REG32((void *)CYREG_PERI_DIV_16_CTL1, 0x00009B00u);
 238              		.loc 1 242 0
 239 0060 1F4A     		ldr	r2, .L11+56
 240 0062 1A60     		str	r2, [r3]
 243:Generated_Source\PSoC4/cyfitter_cfg.c **** 	CY_SET_REG32((void *)CYREG_PERI_DIV_CMD, 0x8000FF41u);
 241              		.loc 1 243 0
 242 0064 9B21     		movs	r1, #155
 243 0066 0902     		lsls	r1, r1, #8
 244 0068 1E4A     		ldr	r2, .L11+60
 245 006a 1160     		str	r1, [r2]
 244:Generated_Source\PSoC4/cyfitter_cfg.c **** 
 246              		.loc 1 244 0
 247 006c 1E4A     		ldr	r2, .L11+64
 248 006e 1A60     		str	r2, [r3]
 247:Generated_Source\PSoC4/cyfitter_cfg.c **** 
 249              		.loc 1 247 0
 250 0070 8022     		movs	r2, #128
 251 0072 1206     		lsls	r2, r2, #24
 252 0074 1D4B     		ldr	r3, .L11+68
ARM GAS  C:\Users\Admin\AppData\Local\Temp\ccZ2lf0h.s 			page 11


 253 0076 1A60     		str	r2, [r3]
 250:Generated_Source\PSoC4/cyfitter_cfg.c **** 
 254              		.loc 1 250 0
 255 0078 1D4B     		ldr	r3, .L11+72
 256 007a 1C60     		str	r4, [r3]
 253:Generated_Source\PSoC4/cyfitter_cfg.c **** 
 257              		.loc 1 253 0
 258 007c 4222     		movs	r2, #66
 259 007e 1D4B     		ldr	r3, .L11+76
 260 0080 1A60     		str	r2, [r3]
 256:Generated_Source\PSoC4/cyfitter_cfg.c **** 
 261              		.loc 1 256 0
 262 0082 023A     		subs	r2, r2, #2
 263 0084 1C4B     		ldr	r3, .L11+80
 264 0086 1A60     		str	r2, [r3]
 259:Generated_Source\PSoC4/cyfitter_cfg.c **** 
 265              		.loc 1 259 0
 266 0088 0132     		adds	r2, r2, #1
 267 008a 1C4B     		ldr	r3, .L11+84
 268 008c 1A60     		str	r2, [r3]
 261:Generated_Source\PSoC4/cyfitter_cfg.c **** 	CyIntEnable(8u);
 269              		.loc 1 261 0
 270 008e 1C49     		ldr	r1, .L11+88
 271 0090 0820     		movs	r0, #8
 272 0092 FFF7FEFF 		bl	CyIntSetVector
 273              	.LVL20:
 262:Generated_Source\PSoC4/cyfitter_cfg.c **** 	CY_SET_REG32((void *)(CYREG_WDT_CONFIG), 0x00000000u);
 274              		.loc 1 262 0
 275 0096 0820     		movs	r0, #8
 276 0098 FFF7FEFF 		bl	CyIntEnable
 277              	.LVL21:
 263:Generated_Source\PSoC4/cyfitter_cfg.c **** 	/* Set Flash Cycles based on newly configured 24.00MHz HFCLK. */
 278              		.loc 1 263 0
 279 009c 194B     		ldr	r3, .L11+92
 280 009e 1C60     		str	r4, [r3]
 265:Generated_Source\PSoC4/cyfitter_cfg.c **** }
 281              		.loc 1 265 0
 282 00a0 1123     		movs	r3, #17
 283 00a2 2B60     		str	r3, [r5]
 266:Generated_Source\PSoC4/cyfitter_cfg.c **** 
 284              		.loc 1 266 0
 285              		@ sp needed
 286 00a4 70BD     		pop	{r4, r5, r6, pc}
 287              	.L12:
 288 00a6 C046     		.align	2
 289              	.L11:
 290 00a8 30001040 		.word	1074790448
 291 00ac 06000080 		.word	-2147483642
 292 00b0 04010B40 		.word	1074462980
 293 00b4 78002E40 		.word	1076756600
 294 00b8 2D3E0000 		.word	15917
 295 00bc 7C002E40 		.word	1076756604
 296 00c0 64F02E40 		.word	1076818020
 297 00c4 6CF02E40 		.word	1076818028
 298 00c8 DC050000 		.word	1500
 299 00cc 002F7500 		.word	7679744
 300 00d0 08030140 		.word	1073808136
ARM GAS  C:\Users\Admin\AppData\Local\Temp\ccZ2lf0h.s 			page 12


 301 00d4 00000140 		.word	1073807360
 302 00d8 42FF0080 		.word	-2147418302
 303 00dc 00030140 		.word	1073808128
 304 00e0 40FF0080 		.word	-2147418304
 305 00e4 04030140 		.word	1073808132
 306 00e8 41FF0080 		.word	-2147418303
 307 00ec 08010B40 		.word	1074462984
 308 00f0 00010B40 		.word	1074462976
 309 00f4 38010140 		.word	1073807672
 310 00f8 30010140 		.word	1073807664
 311 00fc 04010140 		.word	1073807620
 312 0100 00000000 		.word	CySysWdtIsr
 313 0104 0C020B40 		.word	1074463244
 314              		.cfi_endproc
 315              	.LFE6:
 316              		.size	ClockSetup, .-ClockSetup
 317              		.align	2
 318              		.global	cyfitter_cfg
 319              		.code	16
 320              		.thumb_func
 321              		.type	cyfitter_cfg, %function
 322              	cyfitter_cfg:
 323              	.LFB8:
 294:Generated_Source\PSoC4/cyfitter_cfg.c **** 
 295:Generated_Source\PSoC4/cyfitter_cfg.c **** 
 296:Generated_Source\PSoC4/cyfitter_cfg.c **** 
 297:Generated_Source\PSoC4/cyfitter_cfg.c **** 
 298:Generated_Source\PSoC4/cyfitter_cfg.c **** /*******************************************************************************
 299:Generated_Source\PSoC4/cyfitter_cfg.c **** * Function Name: cyfitter_cfg
 300:Generated_Source\PSoC4/cyfitter_cfg.c **** ********************************************************************************
 301:Generated_Source\PSoC4/cyfitter_cfg.c **** * Summary:
 302:Generated_Source\PSoC4/cyfitter_cfg.c **** *  This function is called by the start-up code for the selected device. It
 303:Generated_Source\PSoC4/cyfitter_cfg.c **** *  performs all of the necessary device configuration based on the design
 304:Generated_Source\PSoC4/cyfitter_cfg.c **** *  settings.  This includes settings from the Design Wide Resources (DWR) such
 305:Generated_Source\PSoC4/cyfitter_cfg.c **** *  as Clocks and Pins as well as any component configuration that is necessary.
 306:Generated_Source\PSoC4/cyfitter_cfg.c **** *
 307:Generated_Source\PSoC4/cyfitter_cfg.c **** * Parameters:
 308:Generated_Source\PSoC4/cyfitter_cfg.c **** *   void
 309:Generated_Source\PSoC4/cyfitter_cfg.c **** *
 310:Generated_Source\PSoC4/cyfitter_cfg.c **** * Return:
 311:Generated_Source\PSoC4/cyfitter_cfg.c **** *   void
 312:Generated_Source\PSoC4/cyfitter_cfg.c **** *
 313:Generated_Source\PSoC4/cyfitter_cfg.c **** *******************************************************************************/
 314:Generated_Source\PSoC4/cyfitter_cfg.c **** CY_CFG_SECTION
 315:Generated_Source\PSoC4/cyfitter_cfg.c **** void cyfitter_cfg(void)
 316:Generated_Source\PSoC4/cyfitter_cfg.c **** {
 324              		.loc 1 316 0
 325              		.cfi_startproc
 326              		@ args = 0, pretend = 0, frame = 0
 327              		@ frame_needed = 0, uses_anonymous_args = 0
 328 0108 10B5     		push	{r4, lr}
 329              		.cfi_def_cfa_offset 8
 330              		.cfi_offset 4, -8
 331              		.cfi_offset 14, -4
 317:Generated_Source\PSoC4/cyfitter_cfg.c **** 	/* Disable interrupts by default. Let user enable if/when they want. */
 318:Generated_Source\PSoC4/cyfitter_cfg.c **** 	CyGlobalIntDisable;
 332              		.loc 1 318 0
ARM GAS  C:\Users\Admin\AppData\Local\Temp\ccZ2lf0h.s 			page 13


 333              		.syntax divided
 334              	@ 318 "Generated_Source\PSoC4\cyfitter_cfg.c" 1
 335 010a 72B6     		CPSID   i
 336              	@ 0 "" 2
 319:Generated_Source\PSoC4/cyfitter_cfg.c **** 
 320:Generated_Source\PSoC4/cyfitter_cfg.c **** 	CY_SET_REG32((void *)(CYREG_BLE_BLESS_LL_DSM_CTRL), 0x00000000u);
 337              		.loc 1 320 0
 338              		.thumb
 339              		.syntax unified
 340 010c 0022     		movs	r2, #0
 341 010e 2D4B     		ldr	r3, .L16
 342 0110 1A60     		str	r2, [r3]
 321:Generated_Source\PSoC4/cyfitter_cfg.c **** 
 322:Generated_Source\PSoC4/cyfitter_cfg.c **** 	/* Enable the clock in the interrupt controller for the routed interrupts */
 323:Generated_Source\PSoC4/cyfitter_cfg.c **** 	CY_SET_REG8((void *)CYREG_UDB_UDBIF_INT_CLK_CTL, 0x01u);
 343              		.loc 1 323 0
 344 0112 0132     		adds	r2, r2, #1
 345 0114 2C4B     		ldr	r3, .L16+4
 346 0116 1A70     		strb	r2, [r3]
 347              	.LVL22:
 348              	.LBB3:
 324:Generated_Source\PSoC4/cyfitter_cfg.c **** 	{
 325:Generated_Source\PSoC4/cyfitter_cfg.c **** 		static const uint32 CYCODE cy_cfg_addr_table[] = {
 326:Generated_Source\PSoC4/cyfitter_cfg.c **** 			0x400F0001u, /* Base address: 0x400F0000 Count: 1 */
 327:Generated_Source\PSoC4/cyfitter_cfg.c **** 			0x400F304Eu, /* Base address: 0x400F3000 Count: 78 */
 328:Generated_Source\PSoC4/cyfitter_cfg.c **** 			0x400F312Du, /* Base address: 0x400F3100 Count: 45 */
 329:Generated_Source\PSoC4/cyfitter_cfg.c **** 			0x400F3257u, /* Base address: 0x400F3200 Count: 87 */
 330:Generated_Source\PSoC4/cyfitter_cfg.c **** 			0x400F3331u, /* Base address: 0x400F3300 Count: 49 */
 331:Generated_Source\PSoC4/cyfitter_cfg.c **** 			0x400F4002u, /* Base address: 0x400F4000 Count: 2 */
 332:Generated_Source\PSoC4/cyfitter_cfg.c **** 			0x400F410Au, /* Base address: 0x400F4100 Count: 10 */
 333:Generated_Source\PSoC4/cyfitter_cfg.c **** 			0x400F6002u, /* Base address: 0x400F6000 Count: 2 */
 334:Generated_Source\PSoC4/cyfitter_cfg.c **** 		};
 335:Generated_Source\PSoC4/cyfitter_cfg.c **** 
 336:Generated_Source\PSoC4/cyfitter_cfg.c **** 		static const cy_cfg_addrvalue_t CYCODE cy_cfg_data_table[] = {
 337:Generated_Source\PSoC4/cyfitter_cfg.c **** 			{0x81u, 0x1Fu},
 338:Generated_Source\PSoC4/cyfitter_cfg.c **** 			{0x02u, 0x01u},
 339:Generated_Source\PSoC4/cyfitter_cfg.c **** 			{0x04u, 0x24u},
 340:Generated_Source\PSoC4/cyfitter_cfg.c **** 			{0x06u, 0xC8u},
 341:Generated_Source\PSoC4/cyfitter_cfg.c **** 			{0x0Cu, 0x9Au},
 342:Generated_Source\PSoC4/cyfitter_cfg.c **** 			{0x0Eu, 0x01u},
 343:Generated_Source\PSoC4/cyfitter_cfg.c **** 			{0x10u, 0x02u},
 344:Generated_Source\PSoC4/cyfitter_cfg.c **** 			{0x12u, 0x64u},
 345:Generated_Source\PSoC4/cyfitter_cfg.c **** 			{0x14u, 0xE4u},
 346:Generated_Source\PSoC4/cyfitter_cfg.c **** 			{0x16u, 0x10u},
 347:Generated_Source\PSoC4/cyfitter_cfg.c **** 			{0x18u, 0x04u},
 348:Generated_Source\PSoC4/cyfitter_cfg.c **** 			{0x1Au, 0x1Au},
 349:Generated_Source\PSoC4/cyfitter_cfg.c **** 			{0x1Cu, 0x20u},
 350:Generated_Source\PSoC4/cyfitter_cfg.c **** 			{0x1Eu, 0xC0u},
 351:Generated_Source\PSoC4/cyfitter_cfg.c **** 			{0x20u, 0x9Bu},
 352:Generated_Source\PSoC4/cyfitter_cfg.c **** 			{0x24u, 0x9Bu},
 353:Generated_Source\PSoC4/cyfitter_cfg.c **** 			{0x28u, 0x1Bu},
 354:Generated_Source\PSoC4/cyfitter_cfg.c **** 			{0x2Au, 0x80u},
 355:Generated_Source\PSoC4/cyfitter_cfg.c **** 			{0x2Cu, 0x9Bu},
 356:Generated_Source\PSoC4/cyfitter_cfg.c **** 			{0x32u, 0x01u},
 357:Generated_Source\PSoC4/cyfitter_cfg.c **** 			{0x34u, 0x1Eu},
 358:Generated_Source\PSoC4/cyfitter_cfg.c **** 			{0x36u, 0xE0u},
 359:Generated_Source\PSoC4/cyfitter_cfg.c **** 			{0x3Au, 0xA0u},
ARM GAS  C:\Users\Admin\AppData\Local\Temp\ccZ2lf0h.s 			page 14


 360:Generated_Source\PSoC4/cyfitter_cfg.c **** 			{0x3Eu, 0x04u},
 361:Generated_Source\PSoC4/cyfitter_cfg.c **** 			{0x54u, 0x40u},
 362:Generated_Source\PSoC4/cyfitter_cfg.c **** 			{0x58u, 0x04u},
 363:Generated_Source\PSoC4/cyfitter_cfg.c **** 			{0x5Bu, 0x04u},
 364:Generated_Source\PSoC4/cyfitter_cfg.c **** 			{0x5Cu, 0x01u},
 365:Generated_Source\PSoC4/cyfitter_cfg.c **** 			{0x5Du, 0x10u},
 366:Generated_Source\PSoC4/cyfitter_cfg.c **** 			{0x5Fu, 0x01u},
 367:Generated_Source\PSoC4/cyfitter_cfg.c **** 			{0x80u, 0x08u},
 368:Generated_Source\PSoC4/cyfitter_cfg.c **** 			{0x81u, 0x1Au},
 369:Generated_Source\PSoC4/cyfitter_cfg.c **** 			{0x82u, 0x01u},
 370:Generated_Source\PSoC4/cyfitter_cfg.c **** 			{0x84u, 0xACu},
 371:Generated_Source\PSoC4/cyfitter_cfg.c **** 			{0x85u, 0x18u},
 372:Generated_Source\PSoC4/cyfitter_cfg.c **** 			{0x86u, 0x12u},
 373:Generated_Source\PSoC4/cyfitter_cfg.c **** 			{0x87u, 0x02u},
 374:Generated_Source\PSoC4/cyfitter_cfg.c **** 			{0x88u, 0x14u},
 375:Generated_Source\PSoC4/cyfitter_cfg.c **** 			{0x89u, 0x02u},
 376:Generated_Source\PSoC4/cyfitter_cfg.c **** 			{0x8Au, 0x20u},
 377:Generated_Source\PSoC4/cyfitter_cfg.c **** 			{0x8Bu, 0x18u},
 378:Generated_Source\PSoC4/cyfitter_cfg.c **** 			{0x8Cu, 0x09u},
 379:Generated_Source\PSoC4/cyfitter_cfg.c **** 			{0x8Du, 0x18u},
 380:Generated_Source\PSoC4/cyfitter_cfg.c **** 			{0x8Fu, 0x02u},
 381:Generated_Source\PSoC4/cyfitter_cfg.c **** 			{0x90u, 0x0Eu},
 382:Generated_Source\PSoC4/cyfitter_cfg.c **** 			{0x91u, 0x33u},
 383:Generated_Source\PSoC4/cyfitter_cfg.c **** 			{0x92u, 0x70u},
 384:Generated_Source\PSoC4/cyfitter_cfg.c **** 			{0x93u, 0x44u},
 385:Generated_Source\PSoC4/cyfitter_cfg.c **** 			{0x94u, 0x02u},
 386:Generated_Source\PSoC4/cyfitter_cfg.c **** 			{0x95u, 0xC1u},
 387:Generated_Source\PSoC4/cyfitter_cfg.c **** 			{0x97u, 0x38u},
 388:Generated_Source\PSoC4/cyfitter_cfg.c **** 			{0x98u, 0xC0u},
 389:Generated_Source\PSoC4/cyfitter_cfg.c **** 			{0x99u, 0x9Cu},
 390:Generated_Source\PSoC4/cyfitter_cfg.c **** 			{0x9Bu, 0x03u},
 391:Generated_Source\PSoC4/cyfitter_cfg.c **** 			{0x9Cu, 0x08u},
 392:Generated_Source\PSoC4/cyfitter_cfg.c **** 			{0xA0u, 0x09u},
 393:Generated_Source\PSoC4/cyfitter_cfg.c **** 			{0xA1u, 0x18u},
 394:Generated_Source\PSoC4/cyfitter_cfg.c **** 			{0xA4u, 0x01u},
 395:Generated_Source\PSoC4/cyfitter_cfg.c **** 			{0xA6u, 0x08u},
 396:Generated_Source\PSoC4/cyfitter_cfg.c **** 			{0xA8u, 0x09u},
 397:Generated_Source\PSoC4/cyfitter_cfg.c **** 			{0xA9u, 0x82u},
 398:Generated_Source\PSoC4/cyfitter_cfg.c **** 			{0xADu, 0x1Au},
 399:Generated_Source\PSoC4/cyfitter_cfg.c **** 			{0xB0u, 0x10u},
 400:Generated_Source\PSoC4/cyfitter_cfg.c **** 			{0xB1u, 0x13u},
 401:Generated_Source\PSoC4/cyfitter_cfg.c **** 			{0xB2u, 0xFEu},
 402:Generated_Source\PSoC4/cyfitter_cfg.c **** 			{0xB3u, 0xE0u},
 403:Generated_Source\PSoC4/cyfitter_cfg.c **** 			{0xB5u, 0x0Fu},
 404:Generated_Source\PSoC4/cyfitter_cfg.c **** 			{0xB6u, 0x01u},
 405:Generated_Source\PSoC4/cyfitter_cfg.c **** 			{0xB8u, 0x08u},
 406:Generated_Source\PSoC4/cyfitter_cfg.c **** 			{0xBBu, 0x28u},
 407:Generated_Source\PSoC4/cyfitter_cfg.c **** 			{0xBEu, 0x41u},
 408:Generated_Source\PSoC4/cyfitter_cfg.c **** 			{0xD6u, 0x02u},
 409:Generated_Source\PSoC4/cyfitter_cfg.c **** 			{0xD7u, 0x20u},
 410:Generated_Source\PSoC4/cyfitter_cfg.c **** 			{0xD8u, 0x04u},
 411:Generated_Source\PSoC4/cyfitter_cfg.c **** 			{0xD9u, 0x04u},
 412:Generated_Source\PSoC4/cyfitter_cfg.c **** 			{0xDBu, 0x04u},
 413:Generated_Source\PSoC4/cyfitter_cfg.c **** 			{0xDCu, 0x11u},
 414:Generated_Source\PSoC4/cyfitter_cfg.c **** 			{0xDDu, 0x10u},
 415:Generated_Source\PSoC4/cyfitter_cfg.c **** 			{0xDFu, 0x01u},
 416:Generated_Source\PSoC4/cyfitter_cfg.c **** 			{0x00u, 0x05u},
ARM GAS  C:\Users\Admin\AppData\Local\Temp\ccZ2lf0h.s 			page 15


 417:Generated_Source\PSoC4/cyfitter_cfg.c **** 			{0x01u, 0x42u},
 418:Generated_Source\PSoC4/cyfitter_cfg.c **** 			{0x04u, 0x02u},
 419:Generated_Source\PSoC4/cyfitter_cfg.c **** 			{0x06u, 0x02u},
 420:Generated_Source\PSoC4/cyfitter_cfg.c **** 			{0x07u, 0x28u},
 421:Generated_Source\PSoC4/cyfitter_cfg.c **** 			{0x09u, 0x09u},
 422:Generated_Source\PSoC4/cyfitter_cfg.c **** 			{0x0Au, 0x05u},
 423:Generated_Source\PSoC4/cyfitter_cfg.c **** 			{0x0Du, 0x02u},
 424:Generated_Source\PSoC4/cyfitter_cfg.c **** 			{0x0Eu, 0x21u},
 425:Generated_Source\PSoC4/cyfitter_cfg.c **** 			{0x0Fu, 0x08u},
 426:Generated_Source\PSoC4/cyfitter_cfg.c **** 			{0x10u, 0x28u},
 427:Generated_Source\PSoC4/cyfitter_cfg.c **** 			{0x11u, 0x01u},
 428:Generated_Source\PSoC4/cyfitter_cfg.c **** 			{0x12u, 0x01u},
 429:Generated_Source\PSoC4/cyfitter_cfg.c **** 			{0x15u, 0x01u},
 430:Generated_Source\PSoC4/cyfitter_cfg.c **** 			{0x17u, 0x14u},
 431:Generated_Source\PSoC4/cyfitter_cfg.c **** 			{0x18u, 0x10u},
 432:Generated_Source\PSoC4/cyfitter_cfg.c **** 			{0x1Au, 0x05u},
 433:Generated_Source\PSoC4/cyfitter_cfg.c **** 			{0x1Cu, 0x42u},
 434:Generated_Source\PSoC4/cyfitter_cfg.c **** 			{0x1Du, 0x80u},
 435:Generated_Source\PSoC4/cyfitter_cfg.c **** 			{0x1Eu, 0x22u},
 436:Generated_Source\PSoC4/cyfitter_cfg.c **** 			{0x24u, 0x04u},
 437:Generated_Source\PSoC4/cyfitter_cfg.c **** 			{0x25u, 0x0Bu},
 438:Generated_Source\PSoC4/cyfitter_cfg.c **** 			{0x26u, 0x02u},
 439:Generated_Source\PSoC4/cyfitter_cfg.c **** 			{0x27u, 0x28u},
 440:Generated_Source\PSoC4/cyfitter_cfg.c **** 			{0x2Du, 0x80u},
 441:Generated_Source\PSoC4/cyfitter_cfg.c **** 			{0x2Eu, 0x01u},
 442:Generated_Source\PSoC4/cyfitter_cfg.c **** 			{0x2Fu, 0x08u},
 443:Generated_Source\PSoC4/cyfitter_cfg.c **** 			{0x36u, 0x02u},
 444:Generated_Source\PSoC4/cyfitter_cfg.c **** 			{0x37u, 0x28u},
 445:Generated_Source\PSoC4/cyfitter_cfg.c **** 			{0x3Du, 0x69u},
 446:Generated_Source\PSoC4/cyfitter_cfg.c **** 			{0x60u, 0x11u},
 447:Generated_Source\PSoC4/cyfitter_cfg.c **** 			{0x62u, 0x20u},
 448:Generated_Source\PSoC4/cyfitter_cfg.c **** 			{0x66u, 0x80u},
 449:Generated_Source\PSoC4/cyfitter_cfg.c **** 			{0x6Cu, 0x29u},
 450:Generated_Source\PSoC4/cyfitter_cfg.c **** 			{0x6Du, 0x69u},
 451:Generated_Source\PSoC4/cyfitter_cfg.c **** 			{0x6Fu, 0x14u},
 452:Generated_Source\PSoC4/cyfitter_cfg.c **** 			{0x75u, 0x80u},
 453:Generated_Source\PSoC4/cyfitter_cfg.c **** 			{0x76u, 0x03u},
 454:Generated_Source\PSoC4/cyfitter_cfg.c **** 			{0xC0u, 0xFDu},
 455:Generated_Source\PSoC4/cyfitter_cfg.c **** 			{0xC2u, 0xFFu},
 456:Generated_Source\PSoC4/cyfitter_cfg.c **** 			{0xC4u, 0x7Fu},
 457:Generated_Source\PSoC4/cyfitter_cfg.c **** 			{0xCAu, 0xB0u},
 458:Generated_Source\PSoC4/cyfitter_cfg.c **** 			{0xCCu, 0xE0u},
 459:Generated_Source\PSoC4/cyfitter_cfg.c **** 			{0xCEu, 0xF0u},
 460:Generated_Source\PSoC4/cyfitter_cfg.c **** 			{0xD8u, 0x1Eu},
 461:Generated_Source\PSoC4/cyfitter_cfg.c **** 			{0x01u, 0x03u},
 462:Generated_Source\PSoC4/cyfitter_cfg.c **** 			{0x03u, 0x0Cu},
 463:Generated_Source\PSoC4/cyfitter_cfg.c **** 			{0x04u, 0x50u},
 464:Generated_Source\PSoC4/cyfitter_cfg.c **** 			{0x05u, 0x05u},
 465:Generated_Source\PSoC4/cyfitter_cfg.c **** 			{0x06u, 0x27u},
 466:Generated_Source\PSoC4/cyfitter_cfg.c **** 			{0x07u, 0x0Au},
 467:Generated_Source\PSoC4/cyfitter_cfg.c **** 			{0x08u, 0x54u},
 468:Generated_Source\PSoC4/cyfitter_cfg.c **** 			{0x0Au, 0x2Bu},
 469:Generated_Source\PSoC4/cyfitter_cfg.c **** 			{0x10u, 0x4Du},
 470:Generated_Source\PSoC4/cyfitter_cfg.c **** 			{0x12u, 0x10u},
 471:Generated_Source\PSoC4/cyfitter_cfg.c **** 			{0x19u, 0x09u},
 472:Generated_Source\PSoC4/cyfitter_cfg.c **** 			{0x1Au, 0x02u},
 473:Generated_Source\PSoC4/cyfitter_cfg.c **** 			{0x1Bu, 0x06u},
ARM GAS  C:\Users\Admin\AppData\Local\Temp\ccZ2lf0h.s 			page 16


 474:Generated_Source\PSoC4/cyfitter_cfg.c **** 			{0x1Cu, 0x38u},
 475:Generated_Source\PSoC4/cyfitter_cfg.c **** 			{0x1Du, 0x02u},
 476:Generated_Source\PSoC4/cyfitter_cfg.c **** 			{0x1Fu, 0x0Du},
 477:Generated_Source\PSoC4/cyfitter_cfg.c **** 			{0x30u, 0x40u},
 478:Generated_Source\PSoC4/cyfitter_cfg.c **** 			{0x31u, 0x0Fu},
 479:Generated_Source\PSoC4/cyfitter_cfg.c **** 			{0x34u, 0x03u},
 480:Generated_Source\PSoC4/cyfitter_cfg.c **** 			{0x36u, 0x3Cu},
 481:Generated_Source\PSoC4/cyfitter_cfg.c **** 			{0x38u, 0x80u},
 482:Generated_Source\PSoC4/cyfitter_cfg.c **** 			{0x3Bu, 0x02u},
 483:Generated_Source\PSoC4/cyfitter_cfg.c **** 			{0x3Eu, 0x01u},
 484:Generated_Source\PSoC4/cyfitter_cfg.c **** 			{0x40u, 0x32u},
 485:Generated_Source\PSoC4/cyfitter_cfg.c **** 			{0x41u, 0x05u},
 486:Generated_Source\PSoC4/cyfitter_cfg.c **** 			{0x42u, 0x10u},
 487:Generated_Source\PSoC4/cyfitter_cfg.c **** 			{0x47u, 0x0Bu},
 488:Generated_Source\PSoC4/cyfitter_cfg.c **** 			{0x48u, 0x10u},
 489:Generated_Source\PSoC4/cyfitter_cfg.c **** 			{0x49u, 0xFFu},
 490:Generated_Source\PSoC4/cyfitter_cfg.c **** 			{0x4Au, 0xFFu},
 491:Generated_Source\PSoC4/cyfitter_cfg.c **** 			{0x4Bu, 0xFFu},
 492:Generated_Source\PSoC4/cyfitter_cfg.c **** 			{0x4Cu, 0x03u},
 493:Generated_Source\PSoC4/cyfitter_cfg.c **** 			{0x4Eu, 0x70u},
 494:Generated_Source\PSoC4/cyfitter_cfg.c **** 			{0x4Fu, 0x48u},
 495:Generated_Source\PSoC4/cyfitter_cfg.c **** 			{0x50u, 0x04u},
 496:Generated_Source\PSoC4/cyfitter_cfg.c **** 			{0x54u, 0x09u},
 497:Generated_Source\PSoC4/cyfitter_cfg.c **** 			{0x58u, 0x04u},
 498:Generated_Source\PSoC4/cyfitter_cfg.c **** 			{0x59u, 0x04u},
 499:Generated_Source\PSoC4/cyfitter_cfg.c **** 			{0x5Au, 0x04u},
 500:Generated_Source\PSoC4/cyfitter_cfg.c **** 			{0x5Bu, 0x04u},
 501:Generated_Source\PSoC4/cyfitter_cfg.c **** 			{0x5Cu, 0x11u},
 502:Generated_Source\PSoC4/cyfitter_cfg.c **** 			{0x5Du, 0x11u},
 503:Generated_Source\PSoC4/cyfitter_cfg.c **** 			{0x5Fu, 0x01u},
 504:Generated_Source\PSoC4/cyfitter_cfg.c **** 			{0x62u, 0xC0u},
 505:Generated_Source\PSoC4/cyfitter_cfg.c **** 			{0x64u, 0x40u},
 506:Generated_Source\PSoC4/cyfitter_cfg.c **** 			{0x65u, 0x02u},
 507:Generated_Source\PSoC4/cyfitter_cfg.c **** 			{0x66u, 0x10u},
 508:Generated_Source\PSoC4/cyfitter_cfg.c **** 			{0x67u, 0x12u},
 509:Generated_Source\PSoC4/cyfitter_cfg.c **** 			{0x68u, 0xC0u},
 510:Generated_Source\PSoC4/cyfitter_cfg.c **** 			{0x69u, 0x02u},
 511:Generated_Source\PSoC4/cyfitter_cfg.c **** 			{0x6Bu, 0x12u},
 512:Generated_Source\PSoC4/cyfitter_cfg.c **** 			{0x6Cu, 0x40u},
 513:Generated_Source\PSoC4/cyfitter_cfg.c **** 			{0x6Du, 0x02u},
 514:Generated_Source\PSoC4/cyfitter_cfg.c **** 			{0x6Eu, 0x40u},
 515:Generated_Source\PSoC4/cyfitter_cfg.c **** 			{0x6Fu, 0x02u},
 516:Generated_Source\PSoC4/cyfitter_cfg.c **** 			{0xBAu, 0xC0u},
 517:Generated_Source\PSoC4/cyfitter_cfg.c **** 			{0xC0u, 0x23u},
 518:Generated_Source\PSoC4/cyfitter_cfg.c **** 			{0xC1u, 0x04u},
 519:Generated_Source\PSoC4/cyfitter_cfg.c **** 			{0xC2u, 0x50u},
 520:Generated_Source\PSoC4/cyfitter_cfg.c **** 			{0xC5u, 0xDEu},
 521:Generated_Source\PSoC4/cyfitter_cfg.c **** 			{0xC6u, 0xF0u},
 522:Generated_Source\PSoC4/cyfitter_cfg.c **** 			{0xC7u, 0x0Cu},
 523:Generated_Source\PSoC4/cyfitter_cfg.c **** 			{0xC8u, 0x1Bu},
 524:Generated_Source\PSoC4/cyfitter_cfg.c **** 			{0xC9u, 0xFFu},
 525:Generated_Source\PSoC4/cyfitter_cfg.c **** 			{0xCAu, 0xFFu},
 526:Generated_Source\PSoC4/cyfitter_cfg.c **** 			{0xCBu, 0xFFu},
 527:Generated_Source\PSoC4/cyfitter_cfg.c **** 			{0xCCu, 0x22u},
 528:Generated_Source\PSoC4/cyfitter_cfg.c **** 			{0xCEu, 0xF0u},
 529:Generated_Source\PSoC4/cyfitter_cfg.c **** 			{0xCFu, 0x48u},
 530:Generated_Source\PSoC4/cyfitter_cfg.c **** 			{0xD0u, 0x04u},
ARM GAS  C:\Users\Admin\AppData\Local\Temp\ccZ2lf0h.s 			page 17


 531:Generated_Source\PSoC4/cyfitter_cfg.c **** 			{0xD8u, 0x04u},
 532:Generated_Source\PSoC4/cyfitter_cfg.c **** 			{0xDAu, 0x04u},
 533:Generated_Source\PSoC4/cyfitter_cfg.c **** 			{0xDCu, 0x03u},
 534:Generated_Source\PSoC4/cyfitter_cfg.c **** 			{0xDDu, 0x01u},
 535:Generated_Source\PSoC4/cyfitter_cfg.c **** 			{0xDFu, 0x01u},
 536:Generated_Source\PSoC4/cyfitter_cfg.c **** 			{0xE2u, 0xC0u},
 537:Generated_Source\PSoC4/cyfitter_cfg.c **** 			{0xE4u, 0x40u},
 538:Generated_Source\PSoC4/cyfitter_cfg.c **** 			{0xE5u, 0x02u},
 539:Generated_Source\PSoC4/cyfitter_cfg.c **** 			{0xE6u, 0x10u},
 540:Generated_Source\PSoC4/cyfitter_cfg.c **** 			{0xE7u, 0x12u},
 541:Generated_Source\PSoC4/cyfitter_cfg.c **** 			{0xE8u, 0xC0u},
 542:Generated_Source\PSoC4/cyfitter_cfg.c **** 			{0xE9u, 0x02u},
 543:Generated_Source\PSoC4/cyfitter_cfg.c **** 			{0xEBu, 0x12u},
 544:Generated_Source\PSoC4/cyfitter_cfg.c **** 			{0xECu, 0x40u},
 545:Generated_Source\PSoC4/cyfitter_cfg.c **** 			{0xEDu, 0x02u},
 546:Generated_Source\PSoC4/cyfitter_cfg.c **** 			{0xEEu, 0x40u},
 547:Generated_Source\PSoC4/cyfitter_cfg.c **** 			{0xEFu, 0x02u},
 548:Generated_Source\PSoC4/cyfitter_cfg.c **** 			{0x07u, 0x28u},
 549:Generated_Source\PSoC4/cyfitter_cfg.c **** 			{0x0Du, 0x02u},
 550:Generated_Source\PSoC4/cyfitter_cfg.c **** 			{0x0Eu, 0x05u},
 551:Generated_Source\PSoC4/cyfitter_cfg.c **** 			{0x1Bu, 0x40u},
 552:Generated_Source\PSoC4/cyfitter_cfg.c **** 			{0x1Eu, 0x05u},
 553:Generated_Source\PSoC4/cyfitter_cfg.c **** 			{0x1Fu, 0x01u},
 554:Generated_Source\PSoC4/cyfitter_cfg.c **** 			{0x24u, 0x80u},
 555:Generated_Source\PSoC4/cyfitter_cfg.c **** 			{0x27u, 0x40u},
 556:Generated_Source\PSoC4/cyfitter_cfg.c **** 			{0x37u, 0x60u},
 557:Generated_Source\PSoC4/cyfitter_cfg.c **** 			{0x38u, 0x80u},
 558:Generated_Source\PSoC4/cyfitter_cfg.c **** 			{0x3Au, 0x80u},
 559:Generated_Source\PSoC4/cyfitter_cfg.c **** 			{0x3Cu, 0x04u},
 560:Generated_Source\PSoC4/cyfitter_cfg.c **** 			{0x3Du, 0x02u},
 561:Generated_Source\PSoC4/cyfitter_cfg.c **** 			{0x40u, 0x04u},
 562:Generated_Source\PSoC4/cyfitter_cfg.c **** 			{0x41u, 0x0Au},
 563:Generated_Source\PSoC4/cyfitter_cfg.c **** 			{0x45u, 0x80u},
 564:Generated_Source\PSoC4/cyfitter_cfg.c **** 			{0x47u, 0x28u},
 565:Generated_Source\PSoC4/cyfitter_cfg.c **** 			{0x48u, 0x01u},
 566:Generated_Source\PSoC4/cyfitter_cfg.c **** 			{0x49u, 0x0Au},
 567:Generated_Source\PSoC4/cyfitter_cfg.c **** 			{0x4Eu, 0x02u},
 568:Generated_Source\PSoC4/cyfitter_cfg.c **** 			{0x52u, 0x20u},
 569:Generated_Source\PSoC4/cyfitter_cfg.c **** 			{0x53u, 0x08u},
 570:Generated_Source\PSoC4/cyfitter_cfg.c **** 			{0x57u, 0x04u},
 571:Generated_Source\PSoC4/cyfitter_cfg.c **** 			{0x5Cu, 0x50u},
 572:Generated_Source\PSoC4/cyfitter_cfg.c **** 			{0x5Du, 0x08u},
 573:Generated_Source\PSoC4/cyfitter_cfg.c **** 			{0x5Eu, 0x02u},
 574:Generated_Source\PSoC4/cyfitter_cfg.c **** 			{0x67u, 0x02u},
 575:Generated_Source\PSoC4/cyfitter_cfg.c **** 			{0x83u, 0x40u},
 576:Generated_Source\PSoC4/cyfitter_cfg.c **** 			{0x86u, 0x05u},
 577:Generated_Source\PSoC4/cyfitter_cfg.c **** 			{0x8Cu, 0x10u},
 578:Generated_Source\PSoC4/cyfitter_cfg.c **** 			{0x8Fu, 0x08u},
 579:Generated_Source\PSoC4/cyfitter_cfg.c **** 			{0x90u, 0x44u},
 580:Generated_Source\PSoC4/cyfitter_cfg.c **** 			{0x9Bu, 0x28u},
 581:Generated_Source\PSoC4/cyfitter_cfg.c **** 			{0x9Du, 0x02u},
 582:Generated_Source\PSoC4/cyfitter_cfg.c **** 			{0x9Eu, 0x80u},
 583:Generated_Source\PSoC4/cyfitter_cfg.c **** 			{0xA0u, 0x01u},
 584:Generated_Source\PSoC4/cyfitter_cfg.c **** 			{0xA1u, 0x8Bu},
 585:Generated_Source\PSoC4/cyfitter_cfg.c **** 			{0xA2u, 0x03u},
 586:Generated_Source\PSoC4/cyfitter_cfg.c **** 			{0xA6u, 0x20u},
 587:Generated_Source\PSoC4/cyfitter_cfg.c **** 			{0xA7u, 0x0Cu},
ARM GAS  C:\Users\Admin\AppData\Local\Temp\ccZ2lf0h.s 			page 18


 588:Generated_Source\PSoC4/cyfitter_cfg.c **** 			{0xAEu, 0x10u},
 589:Generated_Source\PSoC4/cyfitter_cfg.c **** 			{0xC0u, 0x60u},
 590:Generated_Source\PSoC4/cyfitter_cfg.c **** 			{0xC2u, 0xD0u},
 591:Generated_Source\PSoC4/cyfitter_cfg.c **** 			{0xCCu, 0x30u},
 592:Generated_Source\PSoC4/cyfitter_cfg.c **** 			{0xCEu, 0xC0u},
 593:Generated_Source\PSoC4/cyfitter_cfg.c **** 			{0xD0u, 0x77u},
 594:Generated_Source\PSoC4/cyfitter_cfg.c **** 			{0xD2u, 0x18u},
 595:Generated_Source\PSoC4/cyfitter_cfg.c **** 			{0xD6u, 0xF0u},
 596:Generated_Source\PSoC4/cyfitter_cfg.c **** 			{0xD8u, 0x10u},
 597:Generated_Source\PSoC4/cyfitter_cfg.c **** 			{0x59u, 0x02u},
 598:Generated_Source\PSoC4/cyfitter_cfg.c **** 			{0xD6u, 0x40u},
 599:Generated_Source\PSoC4/cyfitter_cfg.c **** 			{0x52u, 0x02u},
 600:Generated_Source\PSoC4/cyfitter_cfg.c **** 			{0x56u, 0x40u},
 601:Generated_Source\PSoC4/cyfitter_cfg.c **** 			{0x6Fu, 0x10u},
 602:Generated_Source\PSoC4/cyfitter_cfg.c **** 			{0x83u, 0x10u},
 603:Generated_Source\PSoC4/cyfitter_cfg.c **** 			{0x86u, 0x42u},
 604:Generated_Source\PSoC4/cyfitter_cfg.c **** 			{0xADu, 0x02u},
 605:Generated_Source\PSoC4/cyfitter_cfg.c **** 			{0xD4u, 0xC0u},
 606:Generated_Source\PSoC4/cyfitter_cfg.c **** 			{0xDAu, 0x80u},
 607:Generated_Source\PSoC4/cyfitter_cfg.c **** 			{0xE2u, 0x70u},
 608:Generated_Source\PSoC4/cyfitter_cfg.c **** 			{0xEEu, 0x10u},
 609:Generated_Source\PSoC4/cyfitter_cfg.c **** 			{0x01u, 0x0Au},
 610:Generated_Source\PSoC4/cyfitter_cfg.c **** 			{0x10u, 0x0Au},
 611:Generated_Source\PSoC4/cyfitter_cfg.c **** 		};
 612:Generated_Source\PSoC4/cyfitter_cfg.c **** 
 613:Generated_Source\PSoC4/cyfitter_cfg.c **** 
 614:Generated_Source\PSoC4/cyfitter_cfg.c **** 
 615:Generated_Source\PSoC4/cyfitter_cfg.c **** 		CYPACKED typedef struct {
 616:Generated_Source\PSoC4/cyfitter_cfg.c **** 			void CYFAR *address;
 617:Generated_Source\PSoC4/cyfitter_cfg.c **** 			uint16 size;
 618:Generated_Source\PSoC4/cyfitter_cfg.c **** 		} CYPACKED_ATTR cfg_memset_t;
 619:Generated_Source\PSoC4/cyfitter_cfg.c **** 
 620:Generated_Source\PSoC4/cyfitter_cfg.c **** 		static const cfg_memset_t CYCODE cfg_memset_list[] = {
 621:Generated_Source\PSoC4/cyfitter_cfg.c **** 			/* address, size */
 622:Generated_Source\PSoC4/cyfitter_cfg.c **** 			{(void CYFAR *)(CYDEV_UDB_P0_U0_BASE), 1024u},
 623:Generated_Source\PSoC4/cyfitter_cfg.c **** 			{(void CYFAR *)(CYDEV_UDB_DSI0_BASE), 1024u},
 624:Generated_Source\PSoC4/cyfitter_cfg.c **** 		};
 625:Generated_Source\PSoC4/cyfitter_cfg.c **** 
 626:Generated_Source\PSoC4/cyfitter_cfg.c **** 		uint8 CYDATA i;
 627:Generated_Source\PSoC4/cyfitter_cfg.c **** 
 628:Generated_Source\PSoC4/cyfitter_cfg.c **** 		/* Zero out critical memory blocks before beginning configuration */
 629:Generated_Source\PSoC4/cyfitter_cfg.c **** 		for (i = 0u; i < (sizeof(cfg_memset_list)/sizeof(cfg_memset_list[0])); i++)
 349              		.loc 1 629 0
 350 0118 0024     		movs	r4, #0
 351 011a 0FE0     		b	.L14
 352              	.LVL23:
 353              	.L15:
 354              	.LBB4:
 630:Generated_Source\PSoC4/cyfitter_cfg.c **** 		{
 631:Generated_Source\PSoC4/cyfitter_cfg.c **** 			const cfg_memset_t CYCODE * CYDATA ms = &cfg_memset_list[i];
 632:Generated_Source\PSoC4/cyfitter_cfg.c **** 			CYMEMZERO(ms->address, (size_t)(uint32)(ms->size));
 355              		.loc 1 632 0 discriminator 3
 356 011c 2B48     		ldr	r0, .L16+8
 357 011e 6200     		lsls	r2, r4, #1
 358 0120 1319     		adds	r3, r2, r4
 359 0122 5900     		lsls	r1, r3, #1
 360 0124 0B00     		movs	r3, r1
ARM GAS  C:\Users\Admin\AppData\Local\Temp\ccZ2lf0h.s 			page 19


 361 0126 4118     		adds	r1, r0, r1
 362 0128 8988     		ldrh	r1, [r1, #4]
 363 012a 1A5A     		ldrh	r2, [r3, r0]
 364 012c C318     		adds	r3, r0, r3
 365 012e 5888     		ldrh	r0, [r3, #2]
 366 0130 0004     		lsls	r0, r0, #16
 367 0132 1043     		orrs	r0, r2
 368 0134 FFF7FEFF 		bl	CYMEMZERO
 369              	.LVL24:
 370              	.LBE4:
 629:Generated_Source\PSoC4/cyfitter_cfg.c **** 		{
 371              		.loc 1 629 0 discriminator 3
 372 0138 0134     		adds	r4, r4, #1
 373              	.LVL25:
 374 013a E4B2     		uxtb	r4, r4
 375              	.LVL26:
 376              	.L14:
 629:Generated_Source\PSoC4/cyfitter_cfg.c **** 		{
 377              		.loc 1 629 0 is_stmt 0 discriminator 1
 378 013c 012C     		cmp	r4, #1
 379 013e EDD9     		bls	.L15
 633:Generated_Source\PSoC4/cyfitter_cfg.c **** 		}
 634:Generated_Source\PSoC4/cyfitter_cfg.c **** 
 635:Generated_Source\PSoC4/cyfitter_cfg.c **** 		cfg_write_bytes32(cy_cfg_addr_table, cy_cfg_data_table);
 380              		.loc 1 635 0 is_stmt 1
 381 0140 2249     		ldr	r1, .L16+8
 382 0142 0C31     		adds	r1, r1, #12
 383 0144 2248     		ldr	r0, .L16+12
 384 0146 3030     		adds	r0, r0, #48
 385 0148 FFF7FEFF 		bl	cfg_write_bytes32
 386              	.LVL27:
 636:Generated_Source\PSoC4/cyfitter_cfg.c **** 
 637:Generated_Source\PSoC4/cyfitter_cfg.c **** 		/* HSIOM Starting address: CYDEV_HSIOM_BASE */
 638:Generated_Source\PSoC4/cyfitter_cfg.c **** 		CY_SET_REG32((void *)(CYDEV_HSIOM_BASE), 0xEE300000u);
 387              		.loc 1 638 0
 388 014c 214A     		ldr	r2, .L16+16
 389 014e 224B     		ldr	r3, .L16+20
 390 0150 1A60     		str	r2, [r3]
 639:Generated_Source\PSoC4/cyfitter_cfg.c **** 		CY_SET_REG32((void *)(CYREG_HSIOM_PORT_SEL1), 0x00993003u);
 391              		.loc 1 639 0
 392 0152 224A     		ldr	r2, .L16+24
 393 0154 224B     		ldr	r3, .L16+28
 394 0156 1A60     		str	r2, [r3]
 640:Generated_Source\PSoC4/cyfitter_cfg.c **** 
 641:Generated_Source\PSoC4/cyfitter_cfg.c **** 		/* UDB_PA_0 Starting address: CYDEV_UDB_PA0_BASE */
 642:Generated_Source\PSoC4/cyfitter_cfg.c **** 		CY_SET_REG32((void *)(CYDEV_UDB_PA0_BASE), 0x00990000u);
 395              		.loc 1 642 0
 396 0158 9923     		movs	r3, #153
 397 015a 1B04     		lsls	r3, r3, #16
 398 015c 214A     		ldr	r2, .L16+32
 399 015e 1360     		str	r3, [r2]
 643:Generated_Source\PSoC4/cyfitter_cfg.c **** 		CY_SET_REG32((void *)(CYREG_UDB_PA0_CFG8), 0x51000000u);
 400              		.loc 1 643 0
 401 0160 A221     		movs	r1, #162
 402 0162 C905     		lsls	r1, r1, #23
 403 0164 204A     		ldr	r2, .L16+36
 404 0166 1160     		str	r1, [r2]
ARM GAS  C:\Users\Admin\AppData\Local\Temp\ccZ2lf0h.s 			page 20


 644:Generated_Source\PSoC4/cyfitter_cfg.c **** 
 645:Generated_Source\PSoC4/cyfitter_cfg.c **** 		/* UDB_PA_1 Starting address: CYDEV_UDB_PA1_BASE */
 646:Generated_Source\PSoC4/cyfitter_cfg.c **** 		CY_SET_REG32((void *)(CYDEV_UDB_PA1_BASE), 0x00990000u);
 405              		.loc 1 646 0
 406 0168 204A     		ldr	r2, .L16+40
 407 016a 1360     		str	r3, [r2]
 647:Generated_Source\PSoC4/cyfitter_cfg.c **** 		CY_SET_REG32((void *)(CYREG_UDB_PA1_CFG8), 0x00420000u);
 408              		.loc 1 647 0
 409 016c 8422     		movs	r2, #132
 410 016e D203     		lsls	r2, r2, #15
 411 0170 1F4B     		ldr	r3, .L16+44
 412 0172 1A60     		str	r2, [r3]
 648:Generated_Source\PSoC4/cyfitter_cfg.c **** 
 649:Generated_Source\PSoC4/cyfitter_cfg.c **** 		/* INT_SELECT Starting address: CYDEV_CPUSS_INT_SEL */
 650:Generated_Source\PSoC4/cyfitter_cfg.c **** 		CY_SET_REG32((void *)(CYREG_CPUSS_INT_SEL), 0x00000002u);
 413              		.loc 1 650 0
 414 0174 0223     		movs	r3, #2
 415 0176 1F4A     		ldr	r2, .L16+48
 416 0178 1360     		str	r3, [r2]
 651:Generated_Source\PSoC4/cyfitter_cfg.c **** 
 652:Generated_Source\PSoC4/cyfitter_cfg.c **** 		/* INT_CONFIG Starting address: CYDEV_UDB_INT_CFG */
 653:Generated_Source\PSoC4/cyfitter_cfg.c **** 		CY_SET_REG32((void *)(CYREG_UDB_INT_CFG), 0x00000002u);
 417              		.loc 1 653 0
 418 017a 1F4A     		ldr	r2, .L16+52
 419 017c 1360     		str	r3, [r2]
 654:Generated_Source\PSoC4/cyfitter_cfg.c **** 
 655:Generated_Source\PSoC4/cyfitter_cfg.c **** 		/* Enable UDB array and digital routing */
 656:Generated_Source\PSoC4/cyfitter_cfg.c **** 		CY_SET_XTND_REG8((void *)CYREG_UDB_UDBIF_WAIT_CFG, (uint8)((CY_GET_XTND_REG8((void *)CYREG_UDB_UD
 420              		.loc 1 656 0
 421 017e 1F49     		ldr	r1, .L16+56
 422 0180 0B78     		ldrb	r3, [r1]
 423 0182 3C22     		movs	r2, #60
 424 0184 9343     		bics	r3, r2
 425 0186 1422     		movs	r2, #20
 426 0188 1343     		orrs	r3, r2
 427 018a DBB2     		uxtb	r3, r3
 428 018c 0B70     		strb	r3, [r1]
 657:Generated_Source\PSoC4/cyfitter_cfg.c **** 		CY_SET_XTND_REG8((void *)CYREG_UDB_UDBIF_BANK_CTL, (uint8)(CY_GET_XTND_REG8((void *)CYREG_UDB_UDB
 429              		.loc 1 657 0
 430 018e 1C4A     		ldr	r2, .L16+60
 431 0190 1178     		ldrb	r1, [r2]
 432 0192 1623     		movs	r3, #22
 433 0194 0B43     		orrs	r3, r1
 434 0196 DBB2     		uxtb	r3, r3
 435 0198 1370     		strb	r3, [r2]
 436              	.LBE3:
 658:Generated_Source\PSoC4/cyfitter_cfg.c **** 	}
 659:Generated_Source\PSoC4/cyfitter_cfg.c **** 
 660:Generated_Source\PSoC4/cyfitter_cfg.c **** 	/* Perform second pass device configuration. These items must be configured in specific order afte
 661:Generated_Source\PSoC4/cyfitter_cfg.c **** 	/* IOPINS0_0 Starting address: CYDEV_GPIO_PRT0_BASE */
 662:Generated_Source\PSoC4/cyfitter_cfg.c **** 	CY_SET_REG32((void *)(CYDEV_GPIO_PRT0_BASE), 0x00000020u);
 437              		.loc 1 662 0
 438 019a 2023     		movs	r3, #32
 439 019c 194A     		ldr	r2, .L16+64
 440 019e 1360     		str	r3, [r2]
 663:Generated_Source\PSoC4/cyfitter_cfg.c **** 	CY_SET_REG32((void *)(CYREG_GPIO_PRT0_PC), 0x00DB0000u);
 441              		.loc 1 663 0
ARM GAS  C:\Users\Admin\AppData\Local\Temp\ccZ2lf0h.s 			page 21


 442 01a0 DB21     		movs	r1, #219
 443 01a2 0904     		lsls	r1, r1, #16
 444 01a4 184A     		ldr	r2, .L16+68
 445 01a6 1160     		str	r1, [r2]
 664:Generated_Source\PSoC4/cyfitter_cfg.c **** 
 665:Generated_Source\PSoC4/cyfitter_cfg.c **** 	/* IOPINS0_1 Starting address: CYDEV_GPIO_PRT1_BASE */
 666:Generated_Source\PSoC4/cyfitter_cfg.c **** 	CY_SET_REG32((void *)(CYDEV_GPIO_PRT1_BASE), 0x00000029u);
 446              		.loc 1 666 0
 447 01a8 2921     		movs	r1, #41
 448 01aa 184A     		ldr	r2, .L16+72
 449 01ac 1160     		str	r1, [r2]
 667:Generated_Source\PSoC4/cyfitter_cfg.c **** 	CY_SET_REG32((void *)(CYREG_GPIO_PRT1_PC), 0x00031C06u);
 450              		.loc 1 667 0
 451 01ae 1849     		ldr	r1, .L16+76
 452 01b0 184A     		ldr	r2, .L16+80
 453 01b2 1160     		str	r1, [r2]
 668:Generated_Source\PSoC4/cyfitter_cfg.c **** 	CY_SET_REG32((void *)(CYREG_GPIO_PRT1_PC2), 0x00000020u);
 454              		.loc 1 668 0
 455 01b4 184A     		ldr	r2, .L16+84
 456 01b6 1360     		str	r3, [r2]
 669:Generated_Source\PSoC4/cyfitter_cfg.c **** 
 670:Generated_Source\PSoC4/cyfitter_cfg.c **** 
 671:Generated_Source\PSoC4/cyfitter_cfg.c **** 	/* Setup clocks based on selections from Clock DWR */
 672:Generated_Source\PSoC4/cyfitter_cfg.c **** 	ClockSetup();
 457              		.loc 1 672 0
 458 01b8 FFF722FF 		bl	ClockSetup
 459              	.LVL28:
 673:Generated_Source\PSoC4/cyfitter_cfg.c **** 
 674:Generated_Source\PSoC4/cyfitter_cfg.c **** 	/* Perform basic analog initialization to defaults */
 675:Generated_Source\PSoC4/cyfitter_cfg.c **** 	AnalogSetDefault();
 460              		.loc 1 675 0
 461 01bc FFF7FEFF 		bl	AnalogSetDefault
 462              	.LVL29:
 676:Generated_Source\PSoC4/cyfitter_cfg.c **** 
 677:Generated_Source\PSoC4/cyfitter_cfg.c **** }
 463              		.loc 1 677 0
 464              		@ sp needed
 465              	.LVL30:
 466 01c0 10BD     		pop	{r4, pc}
 467              	.L17:
 468 01c2 C046     		.align	2
 469              	.L16:
 470 01c4 6CF02E40 		.word	1076818028
 471 01c8 1C700F40 		.word	1074753564
 472 01cc 00000000 		.word	.LANCHOR0
 473 01d0 00020000 		.word	.LANCHOR1
 474 01d4 000030EE 		.word	-298844160
 475 01d8 00000240 		.word	1073872896
 476 01dc 03309900 		.word	10039299
 477 01e0 00010240 		.word	1073873152
 478 01e4 00500F40 		.word	1074745344
 479 01e8 08500F40 		.word	1074745352
 480 01ec 10500F40 		.word	1074745360
 481 01f0 18500F40 		.word	1074745368
 482 01f4 20001040 		.word	1074790432
 483 01f8 00800F40 		.word	1074757632
 484 01fc 01700F40 		.word	1074753537
ARM GAS  C:\Users\Admin\AppData\Local\Temp\ccZ2lf0h.s 			page 22


 485 0200 00700F40 		.word	1074753536
 486 0204 00000440 		.word	1074003968
 487 0208 08000440 		.word	1074003976
 488 020c 00010440 		.word	1074004224
 489 0210 061C0300 		.word	203782
 490 0214 08010440 		.word	1074004232
 491 0218 18010440 		.word	1074004248
 492              		.cfi_endproc
 493              	.LFE8:
 494              		.size	cyfitter_cfg, .-cyfitter_cfg
 495              		.section	.rodata
 496              		.align	2
 497              		.set	.LANCHOR0,. + 0
 498              		.set	.LANCHOR1,. + 512
 499              		.type	cfg_memset_list.4916, %object
 500              		.size	cfg_memset_list.4916, 12
 501              	cfg_memset_list.4916:
 502 0000 00300F40 		.word	1074737152
 503 0004 0004     		.short	1024
 504 0006 00400F40 		.4byte	1074741248
 505 000a 0004     		.short	1024
 506              		.type	cy_cfg_data_table.4911, %object
 507              		.size	cy_cfg_data_table.4911, 548
 508              	cy_cfg_data_table.4911:
 509 000c 81       		.byte	-127
 510 000d 1F       		.byte	31
 511 000e 02       		.byte	2
 512 000f 01       		.byte	1
 513 0010 04       		.byte	4
 514 0011 24       		.byte	36
 515 0012 06       		.byte	6
 516 0013 C8       		.byte	-56
 517 0014 0C       		.byte	12
 518 0015 9A       		.byte	-102
 519 0016 0E       		.byte	14
 520 0017 01       		.byte	1
 521 0018 10       		.byte	16
 522 0019 02       		.byte	2
 523 001a 12       		.byte	18
 524 001b 64       		.byte	100
 525 001c 14       		.byte	20
 526 001d E4       		.byte	-28
 527 001e 16       		.byte	22
 528 001f 10       		.byte	16
 529 0020 18       		.byte	24
 530 0021 04       		.byte	4
 531 0022 1A       		.byte	26
 532 0023 1A       		.byte	26
 533 0024 1C       		.byte	28
 534 0025 20       		.byte	32
 535 0026 1E       		.byte	30
 536 0027 C0       		.byte	-64
 537 0028 20       		.byte	32
 538 0029 9B       		.byte	-101
 539 002a 24       		.byte	36
 540 002b 9B       		.byte	-101
 541 002c 28       		.byte	40
ARM GAS  C:\Users\Admin\AppData\Local\Temp\ccZ2lf0h.s 			page 23


 542 002d 1B       		.byte	27
 543 002e 2A       		.byte	42
 544 002f 80       		.byte	-128
 545 0030 2C       		.byte	44
 546 0031 9B       		.byte	-101
 547 0032 32       		.byte	50
 548 0033 01       		.byte	1
 549 0034 34       		.byte	52
 550 0035 1E       		.byte	30
 551 0036 36       		.byte	54
 552 0037 E0       		.byte	-32
 553 0038 3A       		.byte	58
 554 0039 A0       		.byte	-96
 555 003a 3E       		.byte	62
 556 003b 04       		.byte	4
 557 003c 54       		.byte	84
 558 003d 40       		.byte	64
 559 003e 58       		.byte	88
 560 003f 04       		.byte	4
 561 0040 5B       		.byte	91
 562 0041 04       		.byte	4
 563 0042 5C       		.byte	92
 564 0043 01       		.byte	1
 565 0044 5D       		.byte	93
 566 0045 10       		.byte	16
 567 0046 5F       		.byte	95
 568 0047 01       		.byte	1
 569 0048 80       		.byte	-128
 570 0049 08       		.byte	8
 571 004a 81       		.byte	-127
 572 004b 1A       		.byte	26
 573 004c 82       		.byte	-126
 574 004d 01       		.byte	1
 575 004e 84       		.byte	-124
 576 004f AC       		.byte	-84
 577 0050 85       		.byte	-123
 578 0051 18       		.byte	24
 579 0052 86       		.byte	-122
 580 0053 12       		.byte	18
 581 0054 87       		.byte	-121
 582 0055 02       		.byte	2
 583 0056 88       		.byte	-120
 584 0057 14       		.byte	20
 585 0058 89       		.byte	-119
 586 0059 02       		.byte	2
 587 005a 8A       		.byte	-118
 588 005b 20       		.byte	32
 589 005c 8B       		.byte	-117
 590 005d 18       		.byte	24
 591 005e 8C       		.byte	-116
 592 005f 09       		.byte	9
 593 0060 8D       		.byte	-115
 594 0061 18       		.byte	24
 595 0062 8F       		.byte	-113
 596 0063 02       		.byte	2
 597 0064 90       		.byte	-112
 598 0065 0E       		.byte	14
ARM GAS  C:\Users\Admin\AppData\Local\Temp\ccZ2lf0h.s 			page 24


 599 0066 91       		.byte	-111
 600 0067 33       		.byte	51
 601 0068 92       		.byte	-110
 602 0069 70       		.byte	112
 603 006a 93       		.byte	-109
 604 006b 44       		.byte	68
 605 006c 94       		.byte	-108
 606 006d 02       		.byte	2
 607 006e 95       		.byte	-107
 608 006f C1       		.byte	-63
 609 0070 97       		.byte	-105
 610 0071 38       		.byte	56
 611 0072 98       		.byte	-104
 612 0073 C0       		.byte	-64
 613 0074 99       		.byte	-103
 614 0075 9C       		.byte	-100
 615 0076 9B       		.byte	-101
 616 0077 03       		.byte	3
 617 0078 9C       		.byte	-100
 618 0079 08       		.byte	8
 619 007a A0       		.byte	-96
 620 007b 09       		.byte	9
 621 007c A1       		.byte	-95
 622 007d 18       		.byte	24
 623 007e A4       		.byte	-92
 624 007f 01       		.byte	1
 625 0080 A6       		.byte	-90
 626 0081 08       		.byte	8
 627 0082 A8       		.byte	-88
 628 0083 09       		.byte	9
 629 0084 A9       		.byte	-87
 630 0085 82       		.byte	-126
 631 0086 AD       		.byte	-83
 632 0087 1A       		.byte	26
 633 0088 B0       		.byte	-80
 634 0089 10       		.byte	16
 635 008a B1       		.byte	-79
 636 008b 13       		.byte	19
 637 008c B2       		.byte	-78
 638 008d FE       		.byte	-2
 639 008e B3       		.byte	-77
 640 008f E0       		.byte	-32
 641 0090 B5       		.byte	-75
 642 0091 0F       		.byte	15
 643 0092 B6       		.byte	-74
 644 0093 01       		.byte	1
 645 0094 B8       		.byte	-72
 646 0095 08       		.byte	8
 647 0096 BB       		.byte	-69
 648 0097 28       		.byte	40
 649 0098 BE       		.byte	-66
 650 0099 41       		.byte	65
 651 009a D6       		.byte	-42
 652 009b 02       		.byte	2
 653 009c D7       		.byte	-41
 654 009d 20       		.byte	32
 655 009e D8       		.byte	-40
ARM GAS  C:\Users\Admin\AppData\Local\Temp\ccZ2lf0h.s 			page 25


 656 009f 04       		.byte	4
 657 00a0 D9       		.byte	-39
 658 00a1 04       		.byte	4
 659 00a2 DB       		.byte	-37
 660 00a3 04       		.byte	4
 661 00a4 DC       		.byte	-36
 662 00a5 11       		.byte	17
 663 00a6 DD       		.byte	-35
 664 00a7 10       		.byte	16
 665 00a8 DF       		.byte	-33
 666 00a9 01       		.byte	1
 667 00aa 00       		.byte	0
 668 00ab 05       		.byte	5
 669 00ac 01       		.byte	1
 670 00ad 42       		.byte	66
 671 00ae 04       		.byte	4
 672 00af 02       		.byte	2
 673 00b0 06       		.byte	6
 674 00b1 02       		.byte	2
 675 00b2 07       		.byte	7
 676 00b3 28       		.byte	40
 677 00b4 09       		.byte	9
 678 00b5 09       		.byte	9
 679 00b6 0A       		.byte	10
 680 00b7 05       		.byte	5
 681 00b8 0D       		.byte	13
 682 00b9 02       		.byte	2
 683 00ba 0E       		.byte	14
 684 00bb 21       		.byte	33
 685 00bc 0F       		.byte	15
 686 00bd 08       		.byte	8
 687 00be 10       		.byte	16
 688 00bf 28       		.byte	40
 689 00c0 11       		.byte	17
 690 00c1 01       		.byte	1
 691 00c2 12       		.byte	18
 692 00c3 01       		.byte	1
 693 00c4 15       		.byte	21
 694 00c5 01       		.byte	1
 695 00c6 17       		.byte	23
 696 00c7 14       		.byte	20
 697 00c8 18       		.byte	24
 698 00c9 10       		.byte	16
 699 00ca 1A       		.byte	26
 700 00cb 05       		.byte	5
 701 00cc 1C       		.byte	28
 702 00cd 42       		.byte	66
 703 00ce 1D       		.byte	29
 704 00cf 80       		.byte	-128
 705 00d0 1E       		.byte	30
 706 00d1 22       		.byte	34
 707 00d2 24       		.byte	36
 708 00d3 04       		.byte	4
 709 00d4 25       		.byte	37
 710 00d5 0B       		.byte	11
 711 00d6 26       		.byte	38
 712 00d7 02       		.byte	2
ARM GAS  C:\Users\Admin\AppData\Local\Temp\ccZ2lf0h.s 			page 26


 713 00d8 27       		.byte	39
 714 00d9 28       		.byte	40
 715 00da 2D       		.byte	45
 716 00db 80       		.byte	-128
 717 00dc 2E       		.byte	46
 718 00dd 01       		.byte	1
 719 00de 2F       		.byte	47
 720 00df 08       		.byte	8
 721 00e0 36       		.byte	54
 722 00e1 02       		.byte	2
 723 00e2 37       		.byte	55
 724 00e3 28       		.byte	40
 725 00e4 3D       		.byte	61
 726 00e5 69       		.byte	105
 727 00e6 60       		.byte	96
 728 00e7 11       		.byte	17
 729 00e8 62       		.byte	98
 730 00e9 20       		.byte	32
 731 00ea 66       		.byte	102
 732 00eb 80       		.byte	-128
 733 00ec 6C       		.byte	108
 734 00ed 29       		.byte	41
 735 00ee 6D       		.byte	109
 736 00ef 69       		.byte	105
 737 00f0 6F       		.byte	111
 738 00f1 14       		.byte	20
 739 00f2 75       		.byte	117
 740 00f3 80       		.byte	-128
 741 00f4 76       		.byte	118
 742 00f5 03       		.byte	3
 743 00f6 C0       		.byte	-64
 744 00f7 FD       		.byte	-3
 745 00f8 C2       		.byte	-62
 746 00f9 FF       		.byte	-1
 747 00fa C4       		.byte	-60
 748 00fb 7F       		.byte	127
 749 00fc CA       		.byte	-54
 750 00fd B0       		.byte	-80
 751 00fe CC       		.byte	-52
 752 00ff E0       		.byte	-32
 753 0100 CE       		.byte	-50
 754 0101 F0       		.byte	-16
 755 0102 D8       		.byte	-40
 756 0103 1E       		.byte	30
 757 0104 01       		.byte	1
 758 0105 03       		.byte	3
 759 0106 03       		.byte	3
 760 0107 0C       		.byte	12
 761 0108 04       		.byte	4
 762 0109 50       		.byte	80
 763 010a 05       		.byte	5
 764 010b 05       		.byte	5
 765 010c 06       		.byte	6
 766 010d 27       		.byte	39
 767 010e 07       		.byte	7
 768 010f 0A       		.byte	10
 769 0110 08       		.byte	8
ARM GAS  C:\Users\Admin\AppData\Local\Temp\ccZ2lf0h.s 			page 27


 770 0111 54       		.byte	84
 771 0112 0A       		.byte	10
 772 0113 2B       		.byte	43
 773 0114 10       		.byte	16
 774 0115 4D       		.byte	77
 775 0116 12       		.byte	18
 776 0117 10       		.byte	16
 777 0118 19       		.byte	25
 778 0119 09       		.byte	9
 779 011a 1A       		.byte	26
 780 011b 02       		.byte	2
 781 011c 1B       		.byte	27
 782 011d 06       		.byte	6
 783 011e 1C       		.byte	28
 784 011f 38       		.byte	56
 785 0120 1D       		.byte	29
 786 0121 02       		.byte	2
 787 0122 1F       		.byte	31
 788 0123 0D       		.byte	13
 789 0124 30       		.byte	48
 790 0125 40       		.byte	64
 791 0126 31       		.byte	49
 792 0127 0F       		.byte	15
 793 0128 34       		.byte	52
 794 0129 03       		.byte	3
 795 012a 36       		.byte	54
 796 012b 3C       		.byte	60
 797 012c 38       		.byte	56
 798 012d 80       		.byte	-128
 799 012e 3B       		.byte	59
 800 012f 02       		.byte	2
 801 0130 3E       		.byte	62
 802 0131 01       		.byte	1
 803 0132 40       		.byte	64
 804 0133 32       		.byte	50
 805 0134 41       		.byte	65
 806 0135 05       		.byte	5
 807 0136 42       		.byte	66
 808 0137 10       		.byte	16
 809 0138 47       		.byte	71
 810 0139 0B       		.byte	11
 811 013a 48       		.byte	72
 812 013b 10       		.byte	16
 813 013c 49       		.byte	73
 814 013d FF       		.byte	-1
 815 013e 4A       		.byte	74
 816 013f FF       		.byte	-1
 817 0140 4B       		.byte	75
 818 0141 FF       		.byte	-1
 819 0142 4C       		.byte	76
 820 0143 03       		.byte	3
 821 0144 4E       		.byte	78
 822 0145 70       		.byte	112
 823 0146 4F       		.byte	79
 824 0147 48       		.byte	72
 825 0148 50       		.byte	80
 826 0149 04       		.byte	4
ARM GAS  C:\Users\Admin\AppData\Local\Temp\ccZ2lf0h.s 			page 28


 827 014a 54       		.byte	84
 828 014b 09       		.byte	9
 829 014c 58       		.byte	88
 830 014d 04       		.byte	4
 831 014e 59       		.byte	89
 832 014f 04       		.byte	4
 833 0150 5A       		.byte	90
 834 0151 04       		.byte	4
 835 0152 5B       		.byte	91
 836 0153 04       		.byte	4
 837 0154 5C       		.byte	92
 838 0155 11       		.byte	17
 839 0156 5D       		.byte	93
 840 0157 11       		.byte	17
 841 0158 5F       		.byte	95
 842 0159 01       		.byte	1
 843 015a 62       		.byte	98
 844 015b C0       		.byte	-64
 845 015c 64       		.byte	100
 846 015d 40       		.byte	64
 847 015e 65       		.byte	101
 848 015f 02       		.byte	2
 849 0160 66       		.byte	102
 850 0161 10       		.byte	16
 851 0162 67       		.byte	103
 852 0163 12       		.byte	18
 853 0164 68       		.byte	104
 854 0165 C0       		.byte	-64
 855 0166 69       		.byte	105
 856 0167 02       		.byte	2
 857 0168 6B       		.byte	107
 858 0169 12       		.byte	18
 859 016a 6C       		.byte	108
 860 016b 40       		.byte	64
 861 016c 6D       		.byte	109
 862 016d 02       		.byte	2
 863 016e 6E       		.byte	110
 864 016f 40       		.byte	64
 865 0170 6F       		.byte	111
 866 0171 02       		.byte	2
 867 0172 BA       		.byte	-70
 868 0173 C0       		.byte	-64
 869 0174 C0       		.byte	-64
 870 0175 23       		.byte	35
 871 0176 C1       		.byte	-63
 872 0177 04       		.byte	4
 873 0178 C2       		.byte	-62
 874 0179 50       		.byte	80
 875 017a C5       		.byte	-59
 876 017b DE       		.byte	-34
 877 017c C6       		.byte	-58
 878 017d F0       		.byte	-16
 879 017e C7       		.byte	-57
 880 017f 0C       		.byte	12
 881 0180 C8       		.byte	-56
 882 0181 1B       		.byte	27
 883 0182 C9       		.byte	-55
ARM GAS  C:\Users\Admin\AppData\Local\Temp\ccZ2lf0h.s 			page 29


 884 0183 FF       		.byte	-1
 885 0184 CA       		.byte	-54
 886 0185 FF       		.byte	-1
 887 0186 CB       		.byte	-53
 888 0187 FF       		.byte	-1
 889 0188 CC       		.byte	-52
 890 0189 22       		.byte	34
 891 018a CE       		.byte	-50
 892 018b F0       		.byte	-16
 893 018c CF       		.byte	-49
 894 018d 48       		.byte	72
 895 018e D0       		.byte	-48
 896 018f 04       		.byte	4
 897 0190 D8       		.byte	-40
 898 0191 04       		.byte	4
 899 0192 DA       		.byte	-38
 900 0193 04       		.byte	4
 901 0194 DC       		.byte	-36
 902 0195 03       		.byte	3
 903 0196 DD       		.byte	-35
 904 0197 01       		.byte	1
 905 0198 DF       		.byte	-33
 906 0199 01       		.byte	1
 907 019a E2       		.byte	-30
 908 019b C0       		.byte	-64
 909 019c E4       		.byte	-28
 910 019d 40       		.byte	64
 911 019e E5       		.byte	-27
 912 019f 02       		.byte	2
 913 01a0 E6       		.byte	-26
 914 01a1 10       		.byte	16
 915 01a2 E7       		.byte	-25
 916 01a3 12       		.byte	18
 917 01a4 E8       		.byte	-24
 918 01a5 C0       		.byte	-64
 919 01a6 E9       		.byte	-23
 920 01a7 02       		.byte	2
 921 01a8 EB       		.byte	-21
 922 01a9 12       		.byte	18
 923 01aa EC       		.byte	-20
 924 01ab 40       		.byte	64
 925 01ac ED       		.byte	-19
 926 01ad 02       		.byte	2
 927 01ae EE       		.byte	-18
 928 01af 40       		.byte	64
 929 01b0 EF       		.byte	-17
 930 01b1 02       		.byte	2
 931 01b2 07       		.byte	7
 932 01b3 28       		.byte	40
 933 01b4 0D       		.byte	13
 934 01b5 02       		.byte	2
 935 01b6 0E       		.byte	14
 936 01b7 05       		.byte	5
 937 01b8 1B       		.byte	27
 938 01b9 40       		.byte	64
 939 01ba 1E       		.byte	30
 940 01bb 05       		.byte	5
ARM GAS  C:\Users\Admin\AppData\Local\Temp\ccZ2lf0h.s 			page 30


 941 01bc 1F       		.byte	31
 942 01bd 01       		.byte	1
 943 01be 24       		.byte	36
 944 01bf 80       		.byte	-128
 945 01c0 27       		.byte	39
 946 01c1 40       		.byte	64
 947 01c2 37       		.byte	55
 948 01c3 60       		.byte	96
 949 01c4 38       		.byte	56
 950 01c5 80       		.byte	-128
 951 01c6 3A       		.byte	58
 952 01c7 80       		.byte	-128
 953 01c8 3C       		.byte	60
 954 01c9 04       		.byte	4
 955 01ca 3D       		.byte	61
 956 01cb 02       		.byte	2
 957 01cc 40       		.byte	64
 958 01cd 04       		.byte	4
 959 01ce 41       		.byte	65
 960 01cf 0A       		.byte	10
 961 01d0 45       		.byte	69
 962 01d1 80       		.byte	-128
 963 01d2 47       		.byte	71
 964 01d3 28       		.byte	40
 965 01d4 48       		.byte	72
 966 01d5 01       		.byte	1
 967 01d6 49       		.byte	73
 968 01d7 0A       		.byte	10
 969 01d8 4E       		.byte	78
 970 01d9 02       		.byte	2
 971 01da 52       		.byte	82
 972 01db 20       		.byte	32
 973 01dc 53       		.byte	83
 974 01dd 08       		.byte	8
 975 01de 57       		.byte	87
 976 01df 04       		.byte	4
 977 01e0 5C       		.byte	92
 978 01e1 50       		.byte	80
 979 01e2 5D       		.byte	93
 980 01e3 08       		.byte	8
 981 01e4 5E       		.byte	94
 982 01e5 02       		.byte	2
 983 01e6 67       		.byte	103
 984 01e7 02       		.byte	2
 985 01e8 83       		.byte	-125
 986 01e9 40       		.byte	64
 987 01ea 86       		.byte	-122
 988 01eb 05       		.byte	5
 989 01ec 8C       		.byte	-116
 990 01ed 10       		.byte	16
 991 01ee 8F       		.byte	-113
 992 01ef 08       		.byte	8
 993 01f0 90       		.byte	-112
 994 01f1 44       		.byte	68
 995 01f2 9B       		.byte	-101
 996 01f3 28       		.byte	40
 997 01f4 9D       		.byte	-99
ARM GAS  C:\Users\Admin\AppData\Local\Temp\ccZ2lf0h.s 			page 31


 998 01f5 02       		.byte	2
 999 01f6 9E       		.byte	-98
 1000 01f7 80       		.byte	-128
 1001 01f8 A0       		.byte	-96
 1002 01f9 01       		.byte	1
 1003 01fa A1       		.byte	-95
 1004 01fb 8B       		.byte	-117
 1005 01fc A2       		.byte	-94
 1006 01fd 03       		.byte	3
 1007 01fe A6       		.byte	-90
 1008 01ff 20       		.byte	32
 1009 0200 A7       		.byte	-89
 1010 0201 0C       		.byte	12
 1011 0202 AE       		.byte	-82
 1012 0203 10       		.byte	16
 1013 0204 C0       		.byte	-64
 1014 0205 60       		.byte	96
 1015 0206 C2       		.byte	-62
 1016 0207 D0       		.byte	-48
 1017 0208 CC       		.byte	-52
 1018 0209 30       		.byte	48
 1019 020a CE       		.byte	-50
 1020 020b C0       		.byte	-64
 1021 020c D0       		.byte	-48
 1022 020d 77       		.byte	119
 1023 020e D2       		.byte	-46
 1024 020f 18       		.byte	24
 1025 0210 D6       		.byte	-42
 1026 0211 F0       		.byte	-16
 1027 0212 D8       		.byte	-40
 1028 0213 10       		.byte	16
 1029 0214 59       		.byte	89
 1030 0215 02       		.byte	2
 1031 0216 D6       		.byte	-42
 1032 0217 40       		.byte	64
 1033 0218 52       		.byte	82
 1034 0219 02       		.byte	2
 1035 021a 56       		.byte	86
 1036 021b 40       		.byte	64
 1037 021c 6F       		.byte	111
 1038 021d 10       		.byte	16
 1039 021e 83       		.byte	-125
 1040 021f 10       		.byte	16
 1041 0220 86       		.byte	-122
 1042 0221 42       		.byte	66
 1043 0222 AD       		.byte	-83
 1044 0223 02       		.byte	2
 1045 0224 D4       		.byte	-44
 1046 0225 C0       		.byte	-64
 1047 0226 DA       		.byte	-38
 1048 0227 80       		.byte	-128
 1049 0228 E2       		.byte	-30
 1050 0229 70       		.byte	112
 1051 022a EE       		.byte	-18
 1052 022b 10       		.byte	16
 1053 022c 01       		.byte	1
 1054 022d 0A       		.byte	10
ARM GAS  C:\Users\Admin\AppData\Local\Temp\ccZ2lf0h.s 			page 32


 1055 022e 10       		.byte	16
 1056 022f 0A       		.byte	10
 1057              		.type	cy_cfg_addr_table.4910, %object
 1058              		.size	cy_cfg_addr_table.4910, 32
 1059              	cy_cfg_addr_table.4910:
 1060 0230 01000F40 		.word	1074724865
 1061 0234 4E300F40 		.word	1074737230
 1062 0238 2D310F40 		.word	1074737453
 1063 023c 57320F40 		.word	1074737751
 1064 0240 31330F40 		.word	1074737969
 1065 0244 02400F40 		.word	1074741250
 1066 0248 0A410F40 		.word	1074741514
 1067 024c 02600F40 		.word	1074749442
 1068              		.text
 1069              	.Letext0:
 1070              		.file 2 "c:\\program files (x86)\\cypress\\psoc creator\\4.4\\psoc creator\\import\\gnu\\arm\\5.4.
 1071              		.file 3 "Generated_Source\\PSoC4\\cytypes.h"
 1072              		.file 4 "Generated_Source\\PSoC4\\CyLFClk.h"
 1073              		.file 5 "Generated_Source\\PSoC4\\CyLib.h"
 1074              		.section	.debug_info,"",%progbits
 1075              	.Ldebug_info0:
 1076 0000 2A040000 		.4byte	0x42a
 1077 0004 0400     		.2byte	0x4
 1078 0006 00000000 		.4byte	.Ldebug_abbrev0
 1079 000a 04       		.byte	0x4
 1080 000b 01       		.uleb128 0x1
 1081 000c 7D010000 		.4byte	.LASF43
 1082 0010 0C       		.byte	0xc
 1083 0011 E7020000 		.4byte	.LASF44
 1084 0015 6B020000 		.4byte	.LASF45
 1085 0019 00000000 		.4byte	.Ldebug_ranges0+0
 1086 001d 00000000 		.4byte	0
 1087 0021 00000000 		.4byte	.Ldebug_line0
 1088 0025 02       		.uleb128 0x2
 1089 0026 04       		.byte	0x4
 1090 0027 05       		.byte	0x5
 1091 0028 696E7400 		.ascii	"int\000"
 1092 002c 03       		.uleb128 0x3
 1093 002d 06000000 		.4byte	.LASF12
 1094 0031 02       		.byte	0x2
 1095 0032 D8       		.byte	0xd8
 1096 0033 37000000 		.4byte	0x37
 1097 0037 04       		.uleb128 0x4
 1098 0038 04       		.byte	0x4
 1099 0039 07       		.byte	0x7
 1100 003a 44010000 		.4byte	.LASF0
 1101 003e 04       		.uleb128 0x4
 1102 003f 08       		.byte	0x8
 1103 0040 05       		.byte	0x5
 1104 0041 3D020000 		.4byte	.LASF1
 1105 0045 04       		.uleb128 0x4
 1106 0046 08       		.byte	0x8
 1107 0047 04       		.byte	0x4
 1108 0048 CF020000 		.4byte	.LASF2
 1109 004c 04       		.uleb128 0x4
 1110 004d 01       		.byte	0x1
 1111 004e 06       		.byte	0x6
ARM GAS  C:\Users\Admin\AppData\Local\Temp\ccZ2lf0h.s 			page 33


 1112 004f DB020000 		.4byte	.LASF3
 1113 0053 04       		.uleb128 0x4
 1114 0054 01       		.byte	0x1
 1115 0055 08       		.byte	0x8
 1116 0056 E6000000 		.4byte	.LASF4
 1117 005a 04       		.uleb128 0x4
 1118 005b 02       		.byte	0x2
 1119 005c 05       		.byte	0x5
 1120 005d A7020000 		.4byte	.LASF5
 1121 0061 04       		.uleb128 0x4
 1122 0062 02       		.byte	0x2
 1123 0063 07       		.byte	0x7
 1124 0064 2A020000 		.4byte	.LASF6
 1125 0068 04       		.uleb128 0x4
 1126 0069 04       		.byte	0x4
 1127 006a 05       		.byte	0x5
 1128 006b C6020000 		.4byte	.LASF7
 1129 006f 04       		.uleb128 0x4
 1130 0070 04       		.byte	0x4
 1131 0071 07       		.byte	0x7
 1132 0072 B3000000 		.4byte	.LASF8
 1133 0076 04       		.uleb128 0x4
 1134 0077 08       		.byte	0x8
 1135 0078 07       		.byte	0x7
 1136 0079 66010000 		.4byte	.LASF9
 1137 007d 04       		.uleb128 0x4
 1138 007e 04       		.byte	0x4
 1139 007f 07       		.byte	0x7
 1140 0080 21020000 		.4byte	.LASF10
 1141 0084 05       		.uleb128 0x5
 1142 0085 04       		.byte	0x4
 1143 0086 04       		.uleb128 0x4
 1144 0087 01       		.byte	0x1
 1145 0088 08       		.byte	0x8
 1146 0089 55020000 		.4byte	.LASF11
 1147 008d 06       		.uleb128 0x6
 1148 008e C5000000 		.4byte	.LASF13
 1149 0092 03       		.byte	0x3
 1150 0093 E401     		.2byte	0x1e4
 1151 0095 53000000 		.4byte	0x53
 1152 0099 06       		.uleb128 0x6
 1153 009a 2B010000 		.4byte	.LASF14
 1154 009e 03       		.byte	0x3
 1155 009f E501     		.2byte	0x1e5
 1156 00a1 61000000 		.4byte	0x61
 1157 00a5 06       		.uleb128 0x6
 1158 00a6 3D010000 		.4byte	.LASF15
 1159 00aa 03       		.byte	0x3
 1160 00ab E601     		.2byte	0x1e6
 1161 00ad 6F000000 		.4byte	0x6f
 1162 00b1 04       		.uleb128 0x4
 1163 00b2 04       		.byte	0x4
 1164 00b3 04       		.byte	0x4
 1165 00b4 7B000000 		.4byte	.LASF16
 1166 00b8 04       		.uleb128 0x4
 1167 00b9 08       		.byte	0x8
 1168 00ba 04       		.byte	0x4
ARM GAS  C:\Users\Admin\AppData\Local\Temp\ccZ2lf0h.s 			page 34


 1169 00bb FB000000 		.4byte	.LASF17
 1170 00bf 06       		.uleb128 0x6
 1171 00c0 AE000000 		.4byte	.LASF18
 1172 00c4 03       		.byte	0x3
 1173 00c5 8E02     		.2byte	0x28e
 1174 00c7 CB000000 		.4byte	0xcb
 1175 00cb 07       		.uleb128 0x7
 1176 00cc 8D000000 		.4byte	0x8d
 1177 00d0 06       		.uleb128 0x6
 1178 00d1 00000000 		.4byte	.LASF19
 1179 00d5 03       		.byte	0x3
 1180 00d6 9002     		.2byte	0x290
 1181 00d8 DC000000 		.4byte	0xdc
 1182 00dc 07       		.uleb128 0x7
 1183 00dd A5000000 		.4byte	0xa5
 1184 00e1 08       		.uleb128 0x8
 1185 00e2 02       		.byte	0x2
 1186 00e3 01       		.byte	0x1
 1187 00e4 97       		.byte	0x97
 1188 00e5 02010000 		.4byte	0x102
 1189 00e9 09       		.uleb128 0x9
 1190 00ea A0020000 		.4byte	.LASF20
 1191 00ee 01       		.byte	0x1
 1192 00ef 99       		.byte	0x99
 1193 00f0 8D000000 		.4byte	0x8d
 1194 00f4 00       		.byte	0
 1195 00f5 09       		.uleb128 0x9
 1196 00f6 2D000000 		.4byte	.LASF21
 1197 00fa 01       		.byte	0x1
 1198 00fb 9A       		.byte	0x9a
 1199 00fc 8D000000 		.4byte	0x8d
 1200 0100 01       		.byte	0x1
 1201 0101 00       		.byte	0
 1202 0102 03       		.uleb128 0x3
 1203 0103 68000000 		.4byte	.LASF22
 1204 0107 01       		.byte	0x1
 1205 0108 9B       		.byte	0x9b
 1206 0109 E1000000 		.4byte	0xe1
 1207 010d 0A       		.uleb128 0xa
 1208 010e 02010000 		.4byte	.LASF27
 1209 0112 01       		.byte	0x1
 1210 0113 AE       		.byte	0xae
 1211 0114 00000000 		.4byte	.LFB5
 1212 0118 32000000 		.4byte	.LFE5-.LFB5
 1213 011c 01       		.uleb128 0x1
 1214 011d 9C       		.byte	0x9c
 1215 011e 7F010000 		.4byte	0x17f
 1216 0122 0B       		.uleb128 0xb
 1217 0123 20010000 		.4byte	.LASF23
 1218 0127 01       		.byte	0x1
 1219 0128 AE       		.byte	0xae
 1220 0129 7F010000 		.4byte	0x17f
 1221 012d 01       		.uleb128 0x1
 1222 012e 50       		.byte	0x50
 1223 012f 0B       		.uleb128 0xb
 1224 0130 32010000 		.4byte	.LASF24
 1225 0134 01       		.byte	0x1
ARM GAS  C:\Users\Admin\AppData\Local\Temp\ccZ2lf0h.s 			page 35


 1226 0135 AE       		.byte	0xae
 1227 0136 8A010000 		.4byte	0x18a
 1228 013a 01       		.uleb128 0x1
 1229 013b 51       		.byte	0x51
 1230 013c 0C       		.uleb128 0xc
 1231 013d 6900     		.ascii	"i\000"
 1232 013f 01       		.byte	0x1
 1233 0140 B1       		.byte	0xb1
 1234 0141 A5000000 		.4byte	0xa5
 1235 0145 00000000 		.4byte	.LLST0
 1236 0149 0C       		.uleb128 0xc
 1237 014a 6A00     		.ascii	"j\000"
 1238 014c 01       		.byte	0x1
 1239 014d B1       		.byte	0xb1
 1240 014e A5000000 		.4byte	0xa5
 1241 0152 1F000000 		.4byte	.LLST1
 1242 0156 0D       		.uleb128 0xd
 1243 0157 08000000 		.4byte	.LBB2
 1244 015b 22000000 		.4byte	.LBE2-.LBB2
 1245 015f 0E       		.uleb128 0xe
 1246 0160 18020000 		.4byte	.LASF25
 1247 0164 01       		.byte	0x1
 1248 0165 B4       		.byte	0xb4
 1249 0166 A5000000 		.4byte	0xa5
 1250 016a 3E000000 		.4byte	.LLST2
 1251 016e 0E       		.uleb128 0xe
 1252 016f 33000000 		.4byte	.LASF26
 1253 0173 01       		.byte	0x1
 1254 0174 B5       		.byte	0xb5
 1255 0175 8D000000 		.4byte	0x8d
 1256 0179 51000000 		.4byte	.LLST3
 1257 017d 00       		.byte	0
 1258 017e 00       		.byte	0
 1259 017f 0F       		.uleb128 0xf
 1260 0180 04       		.byte	0x4
 1261 0181 85010000 		.4byte	0x185
 1262 0185 10       		.uleb128 0x10
 1263 0186 A5000000 		.4byte	0xa5
 1264 018a 0F       		.uleb128 0xf
 1265 018b 04       		.byte	0x4
 1266 018c 90010000 		.4byte	0x190
 1267 0190 10       		.uleb128 0x10
 1268 0191 02010000 		.4byte	0x102
 1269 0195 11       		.uleb128 0x11
 1270 0196 0D000000 		.4byte	.LASF46
 1271 019a 01       		.byte	0x1
 1272 019b 2001     		.2byte	0x120
 1273 019d 00000000 		.4byte	.LFB7
 1274 01a1 20000000 		.4byte	.LFE7-.LFB7
 1275 01a5 01       		.uleb128 0x1
 1276 01a6 9C       		.byte	0x9c
 1277 01a7 0A       		.uleb128 0xa
 1278 01a8 DC000000 		.4byte	.LASF28
 1279 01ac 01       		.byte	0x1
 1280 01ad 4C       		.byte	0x4c
 1281 01ae 00000000 		.4byte	.LFB2
 1282 01b2 0C000000 		.4byte	.LFE2-.LFB2
ARM GAS  C:\Users\Admin\AppData\Local\Temp\ccZ2lf0h.s 			page 36


 1283 01b6 01       		.uleb128 0x1
 1284 01b7 9C       		.byte	0x9c
 1285 01b8 F4010000 		.4byte	0x1f4
 1286 01bc 12       		.uleb128 0x12
 1287 01bd 7300     		.ascii	"s\000"
 1288 01bf 01       		.byte	0x1
 1289 01c0 4C       		.byte	0x4c
 1290 01c1 84000000 		.4byte	0x84
 1291 01c5 6F000000 		.4byte	.LLST4
 1292 01c9 12       		.uleb128 0x12
 1293 01ca 6E00     		.ascii	"n\000"
 1294 01cc 01       		.byte	0x1
 1295 01cd 4C       		.byte	0x4c
 1296 01ce 2C000000 		.4byte	0x2c
 1297 01d2 90000000 		.4byte	.LLST5
 1298 01d6 13       		.uleb128 0x13
 1299 01d7 0A000000 		.4byte	.LVL14
 1300 01db D7030000 		.4byte	0x3d7
 1301 01df 14       		.uleb128 0x14
 1302 01e0 01       		.uleb128 0x1
 1303 01e1 50       		.byte	0x50
 1304 01e2 03       		.uleb128 0x3
 1305 01e3 F3       		.byte	0xf3
 1306 01e4 01       		.uleb128 0x1
 1307 01e5 50       		.byte	0x50
 1308 01e6 14       		.uleb128 0x14
 1309 01e7 01       		.uleb128 0x1
 1310 01e8 51       		.byte	0x51
 1311 01e9 01       		.uleb128 0x1
 1312 01ea 30       		.byte	0x30
 1313 01eb 14       		.uleb128 0x14
 1314 01ec 01       		.uleb128 0x1
 1315 01ed 52       		.byte	0x52
 1316 01ee 03       		.uleb128 0x3
 1317 01ef F3       		.byte	0xf3
 1318 01f0 01       		.uleb128 0x1
 1319 01f1 51       		.byte	0x51
 1320 01f2 00       		.byte	0
 1321 01f3 00       		.byte	0
 1322 01f4 0A       		.uleb128 0xa
 1323 01f5 39000000 		.4byte	.LASF29
 1324 01f9 01       		.byte	0x1
 1325 01fa D3       		.byte	0xd3
 1326 01fb 00000000 		.4byte	.LFB6
 1327 01ff 08010000 		.4byte	.LFE6-.LFB6
 1328 0203 01       		.uleb128 0x1
 1329 0204 9C       		.byte	0x9c
 1330 0205 85020000 		.4byte	0x285
 1331 0209 15       		.uleb128 0x15
 1332 020a 0C000000 		.4byte	.LVL15
 1333 020e E0030000 		.4byte	0x3e0
 1334 0212 16       		.uleb128 0x16
 1335 0213 12000000 		.4byte	.LVL16
 1336 0217 EB030000 		.4byte	0x3eb
 1337 021b 25020000 		.4byte	0x225
 1338 021f 14       		.uleb128 0x14
 1339 0220 01       		.uleb128 0x1
ARM GAS  C:\Users\Admin\AppData\Local\Temp\ccZ2lf0h.s 			page 37


 1340 0221 50       		.byte	0x50
 1341 0222 01       		.uleb128 0x1
 1342 0223 31       		.byte	0x31
 1343 0224 00       		.byte	0
 1344 0225 16       		.uleb128 0x16
 1345 0226 18000000 		.4byte	.LVL17
 1346 022a F6030000 		.4byte	0x3f6
 1347 022e 38020000 		.4byte	0x238
 1348 0232 14       		.uleb128 0x14
 1349 0233 01       		.uleb128 0x1
 1350 0234 50       		.byte	0x50
 1351 0235 01       		.uleb128 0x1
 1352 0236 48       		.byte	0x48
 1353 0237 00       		.byte	0
 1354 0238 16       		.uleb128 0x16
 1355 0239 46000000 		.4byte	.LVL18
 1356 023d 01040000 		.4byte	0x401
 1357 0241 4D020000 		.4byte	0x24d
 1358 0245 14       		.uleb128 0x14
 1359 0246 01       		.uleb128 0x1
 1360 0247 50       		.byte	0x50
 1361 0248 03       		.uleb128 0x3
 1362 0249 0A       		.byte	0xa
 1363 024a D007     		.2byte	0x7d0
 1364 024c 00       		.byte	0
 1365 024d 16       		.uleb128 0x16
 1366 024e 4C000000 		.4byte	.LVL19
 1367 0252 0C040000 		.4byte	0x40c
 1368 0256 62020000 		.4byte	0x262
 1369 025a 14       		.uleb128 0x14
 1370 025b 01       		.uleb128 0x1
 1371 025c 50       		.byte	0x50
 1372 025d 03       		.uleb128 0x3
 1373 025e 0A       		.byte	0xa
 1374 025f DC05     		.2byte	0x5dc
 1375 0261 00       		.byte	0
 1376 0262 16       		.uleb128 0x16
 1377 0263 96000000 		.4byte	.LVL20
 1378 0267 17040000 		.4byte	0x417
 1379 026b 75020000 		.4byte	0x275
 1380 026f 14       		.uleb128 0x14
 1381 0270 01       		.uleb128 0x1
 1382 0271 50       		.byte	0x50
 1383 0272 01       		.uleb128 0x1
 1384 0273 38       		.byte	0x38
 1385 0274 00       		.byte	0
 1386 0275 13       		.uleb128 0x13
 1387 0276 9C000000 		.4byte	.LVL21
 1388 027a 22040000 		.4byte	0x422
 1389 027e 14       		.uleb128 0x14
 1390 027f 01       		.uleb128 0x1
 1391 0280 50       		.byte	0x50
 1392 0281 01       		.uleb128 0x1
 1393 0282 38       		.byte	0x38
 1394 0283 00       		.byte	0
 1395 0284 00       		.byte	0
 1396 0285 17       		.uleb128 0x17
ARM GAS  C:\Users\Admin\AppData\Local\Temp\ccZ2lf0h.s 			page 38


 1397 0286 51010000 		.4byte	.LASF47
 1398 028a 01       		.byte	0x1
 1399 028b 3B01     		.2byte	0x13b
 1400 028d 08010000 		.4byte	.LFB8
 1401 0291 14010000 		.4byte	.LFE8-.LFB8
 1402 0295 01       		.uleb128 0x1
 1403 0296 9C       		.byte	0x9c
 1404 0297 AC030000 		.4byte	0x3ac
 1405 029b 18       		.uleb128 0x18
 1406 029c 18010000 		.4byte	.LBB3
 1407 02a0 82000000 		.4byte	.LBE3-.LBB3
 1408 02a4 99030000 		.4byte	0x399
 1409 02a8 19       		.uleb128 0x19
 1410 02a9 44000000 		.4byte	.LASF30
 1411 02ad 01       		.byte	0x1
 1412 02ae 4501     		.2byte	0x145
 1413 02b0 BC030000 		.4byte	0x3bc
 1414 02b4 05       		.uleb128 0x5
 1415 02b5 03       		.byte	0x3
 1416 02b6 30020000 		.4byte	cy_cfg_addr_table.4910
 1417 02ba 19       		.uleb128 0x19
 1418 02bb 56000000 		.4byte	.LASF31
 1419 02bf 01       		.byte	0x1
 1420 02c0 5001     		.2byte	0x150
 1421 02c2 D2030000 		.4byte	0x3d2
 1422 02c6 05       		.uleb128 0x5
 1423 02c7 03       		.byte	0x3
 1424 02c8 0C000000 		.4byte	cy_cfg_data_table.4911
 1425 02cc 1A       		.uleb128 0x1a
 1426 02cd 06       		.byte	0x6
 1427 02ce 01       		.byte	0x1
 1428 02cf 6702     		.2byte	0x267
 1429 02d1 F0020000 		.4byte	0x2f0
 1430 02d5 1B       		.uleb128 0x1b
 1431 02d6 5E010000 		.4byte	.LASF32
 1432 02da 01       		.byte	0x1
 1433 02db 6802     		.2byte	0x268
 1434 02dd 84000000 		.4byte	0x84
 1435 02e1 00       		.byte	0
 1436 02e2 1B       		.uleb128 0x1b
 1437 02e3 91000000 		.4byte	.LASF33
 1438 02e7 01       		.byte	0x1
 1439 02e8 6902     		.2byte	0x269
 1440 02ea 99000000 		.4byte	0x99
 1441 02ee 04       		.byte	0x4
 1442 02ef 00       		.byte	0
 1443 02f0 06       		.uleb128 0x6
 1444 02f1 0B020000 		.4byte	.LASF34
 1445 02f5 01       		.byte	0x1
 1446 02f6 6A02     		.2byte	0x26a
 1447 02f8 CC020000 		.4byte	0x2cc
 1448 02fc 1C       		.uleb128 0x1c
 1449 02fd 0C030000 		.4byte	0x30c
 1450 0301 0C030000 		.4byte	0x30c
 1451 0305 1D       		.uleb128 0x1d
 1452 0306 7D000000 		.4byte	0x7d
 1453 030a 01       		.byte	0x1
ARM GAS  C:\Users\Admin\AppData\Local\Temp\ccZ2lf0h.s 			page 39


 1454 030b 00       		.byte	0
 1455 030c 10       		.uleb128 0x10
 1456 030d F0020000 		.4byte	0x2f0
 1457 0311 19       		.uleb128 0x19
 1458 0312 81000000 		.4byte	.LASF35
 1459 0316 01       		.byte	0x1
 1460 0317 6C02     		.2byte	0x26c
 1461 0319 23030000 		.4byte	0x323
 1462 031d 05       		.uleb128 0x5
 1463 031e 03       		.byte	0x3
 1464 031f 00000000 		.4byte	cfg_memset_list.4916
 1465 0323 10       		.uleb128 0x10
 1466 0324 FC020000 		.4byte	0x2fc
 1467 0328 1E       		.uleb128 0x1e
 1468 0329 6900     		.ascii	"i\000"
 1469 032b 01       		.byte	0x1
 1470 032c 7202     		.2byte	0x272
 1471 032e 8D000000 		.4byte	0x8d
 1472 0332 BC000000 		.4byte	.LLST6
 1473 0336 18       		.uleb128 0x18
 1474 0337 1C010000 		.4byte	.LBB4
 1475 033b 1C000000 		.4byte	.LBE4-.LBB4
 1476 033f 7C030000 		.4byte	0x37c
 1477 0343 1E       		.uleb128 0x1e
 1478 0344 6D7300   		.ascii	"ms\000"
 1479 0347 01       		.byte	0x1
 1480 0348 7702     		.2byte	0x277
 1481 034a 52030000 		.4byte	0x352
 1482 034e E6000000 		.4byte	.LLST7
 1483 0352 0F       		.uleb128 0xf
 1484 0353 04       		.byte	0x4
 1485 0354 0C030000 		.4byte	0x30c
 1486 0358 13       		.uleb128 0x13
 1487 0359 38010000 		.4byte	.LVL24
 1488 035d A7010000 		.4byte	0x1a7
 1489 0361 14       		.uleb128 0x14
 1490 0362 01       		.uleb128 0x1
 1491 0363 51       		.byte	0x51
 1492 0364 15       		.uleb128 0x15
 1493 0365 74       		.byte	0x74
 1494 0366 00       		.sleb128 0
 1495 0367 31       		.byte	0x31
 1496 0368 24       		.byte	0x24
 1497 0369 74       		.byte	0x74
 1498 036a 00       		.sleb128 0
 1499 036b 22       		.byte	0x22
 1500 036c 31       		.byte	0x31
 1501 036d 24       		.byte	0x24
 1502 036e 03       		.byte	0x3
 1503 036f 04000000 		.4byte	.LANCHOR0+4
 1504 0373 22       		.byte	0x22
 1505 0374 94       		.byte	0x94
 1506 0375 02       		.byte	0x2
 1507 0376 0A       		.byte	0xa
 1508 0377 FFFF     		.2byte	0xffff
 1509 0379 1A       		.byte	0x1a
 1510 037a 00       		.byte	0
ARM GAS  C:\Users\Admin\AppData\Local\Temp\ccZ2lf0h.s 			page 40


 1511 037b 00       		.byte	0
 1512 037c 13       		.uleb128 0x13
 1513 037d 4C010000 		.4byte	.LVL27
 1514 0381 0D010000 		.4byte	0x10d
 1515 0385 14       		.uleb128 0x14
 1516 0386 01       		.uleb128 0x1
 1517 0387 50       		.byte	0x50
 1518 0388 05       		.uleb128 0x5
 1519 0389 03       		.byte	0x3
 1520 038a 30020000 		.4byte	.LANCHOR1+48
 1521 038e 14       		.uleb128 0x14
 1522 038f 01       		.uleb128 0x1
 1523 0390 51       		.byte	0x51
 1524 0391 05       		.uleb128 0x5
 1525 0392 03       		.byte	0x3
 1526 0393 0C000000 		.4byte	.LANCHOR0+12
 1527 0397 00       		.byte	0
 1528 0398 00       		.byte	0
 1529 0399 15       		.uleb128 0x15
 1530 039a BC010000 		.4byte	.LVL28
 1531 039e F4010000 		.4byte	0x1f4
 1532 03a2 15       		.uleb128 0x15
 1533 03a3 C0010000 		.4byte	.LVL29
 1534 03a7 95010000 		.4byte	0x195
 1535 03ab 00       		.byte	0
 1536 03ac 1C       		.uleb128 0x1c
 1537 03ad 85010000 		.4byte	0x185
 1538 03b1 BC030000 		.4byte	0x3bc
 1539 03b5 1D       		.uleb128 0x1d
 1540 03b6 7D000000 		.4byte	0x7d
 1541 03ba 07       		.byte	0x7
 1542 03bb 00       		.byte	0
 1543 03bc 10       		.uleb128 0x10
 1544 03bd AC030000 		.4byte	0x3ac
 1545 03c1 1C       		.uleb128 0x1c
 1546 03c2 90010000 		.4byte	0x190
 1547 03c6 D2030000 		.4byte	0x3d2
 1548 03ca 1F       		.uleb128 0x1f
 1549 03cb 7D000000 		.4byte	0x7d
 1550 03cf 1101     		.2byte	0x111
 1551 03d1 00       		.byte	0
 1552 03d2 10       		.uleb128 0x10
 1553 03d3 C1030000 		.4byte	0x3c1
 1554 03d7 20       		.uleb128 0x20
 1555 03d8 F4000000 		.4byte	.LASF48
 1556 03dc F4000000 		.4byte	.LASF48
 1557 03e0 21       		.uleb128 0x21
 1558 03e1 CB000000 		.4byte	.LASF36
 1559 03e5 CB000000 		.4byte	.LASF36
 1560 03e9 04       		.byte	0x4
 1561 03ea 4E       		.byte	0x4e
 1562 03eb 21       		.uleb128 0x21
 1563 03ec 96000000 		.4byte	.LASF37
 1564 03f0 96000000 		.4byte	.LASF37
 1565 03f4 04       		.byte	0x4
 1566 03f5 50       		.byte	0x50
 1567 03f6 21       		.uleb128 0x21
ARM GAS  C:\Users\Admin\AppData\Local\Temp\ccZ2lf0h.s 			page 41


 1568 03f7 B1020000 		.4byte	.LASF38
 1569 03fb B1020000 		.4byte	.LASF38
 1570 03ff 05       		.byte	0x5
 1571 0400 6C       		.byte	0x6c
 1572 0401 21       		.uleb128 0x21
 1573 0402 5A020000 		.4byte	.LASF39
 1574 0406 5A020000 		.4byte	.LASF39
 1575 040a 05       		.byte	0x5
 1576 040b 84       		.byte	0x84
 1577 040c 21       		.uleb128 0x21
 1578 040d 4B020000 		.4byte	.LASF40
 1579 0411 4B020000 		.4byte	.LASF40
 1580 0415 05       		.byte	0x5
 1581 0416 DA       		.byte	0xda
 1582 0417 21       		.uleb128 0x21
 1583 0418 1E000000 		.4byte	.LASF41
 1584 041c 1E000000 		.4byte	.LASF41
 1585 0420 05       		.byte	0x5
 1586 0421 BD       		.byte	0xbd
 1587 0422 21       		.uleb128 0x21
 1588 0423 14010000 		.4byte	.LASF42
 1589 0427 14010000 		.4byte	.LASF42
 1590 042b 05       		.byte	0x5
 1591 042c C3       		.byte	0xc3
 1592 042d 00       		.byte	0
 1593              		.section	.debug_abbrev,"",%progbits
 1594              	.Ldebug_abbrev0:
 1595 0000 01       		.uleb128 0x1
 1596 0001 11       		.uleb128 0x11
 1597 0002 01       		.byte	0x1
 1598 0003 25       		.uleb128 0x25
 1599 0004 0E       		.uleb128 0xe
 1600 0005 13       		.uleb128 0x13
 1601 0006 0B       		.uleb128 0xb
 1602 0007 03       		.uleb128 0x3
 1603 0008 0E       		.uleb128 0xe
 1604 0009 1B       		.uleb128 0x1b
 1605 000a 0E       		.uleb128 0xe
 1606 000b 55       		.uleb128 0x55
 1607 000c 17       		.uleb128 0x17
 1608 000d 11       		.uleb128 0x11
 1609 000e 01       		.uleb128 0x1
 1610 000f 10       		.uleb128 0x10
 1611 0010 17       		.uleb128 0x17
 1612 0011 00       		.byte	0
 1613 0012 00       		.byte	0
 1614 0013 02       		.uleb128 0x2
 1615 0014 24       		.uleb128 0x24
 1616 0015 00       		.byte	0
 1617 0016 0B       		.uleb128 0xb
 1618 0017 0B       		.uleb128 0xb
 1619 0018 3E       		.uleb128 0x3e
 1620 0019 0B       		.uleb128 0xb
 1621 001a 03       		.uleb128 0x3
 1622 001b 08       		.uleb128 0x8
 1623 001c 00       		.byte	0
 1624 001d 00       		.byte	0
ARM GAS  C:\Users\Admin\AppData\Local\Temp\ccZ2lf0h.s 			page 42


 1625 001e 03       		.uleb128 0x3
 1626 001f 16       		.uleb128 0x16
 1627 0020 00       		.byte	0
 1628 0021 03       		.uleb128 0x3
 1629 0022 0E       		.uleb128 0xe
 1630 0023 3A       		.uleb128 0x3a
 1631 0024 0B       		.uleb128 0xb
 1632 0025 3B       		.uleb128 0x3b
 1633 0026 0B       		.uleb128 0xb
 1634 0027 49       		.uleb128 0x49
 1635 0028 13       		.uleb128 0x13
 1636 0029 00       		.byte	0
 1637 002a 00       		.byte	0
 1638 002b 04       		.uleb128 0x4
 1639 002c 24       		.uleb128 0x24
 1640 002d 00       		.byte	0
 1641 002e 0B       		.uleb128 0xb
 1642 002f 0B       		.uleb128 0xb
 1643 0030 3E       		.uleb128 0x3e
 1644 0031 0B       		.uleb128 0xb
 1645 0032 03       		.uleb128 0x3
 1646 0033 0E       		.uleb128 0xe
 1647 0034 00       		.byte	0
 1648 0035 00       		.byte	0
 1649 0036 05       		.uleb128 0x5
 1650 0037 0F       		.uleb128 0xf
 1651 0038 00       		.byte	0
 1652 0039 0B       		.uleb128 0xb
 1653 003a 0B       		.uleb128 0xb
 1654 003b 00       		.byte	0
 1655 003c 00       		.byte	0
 1656 003d 06       		.uleb128 0x6
 1657 003e 16       		.uleb128 0x16
 1658 003f 00       		.byte	0
 1659 0040 03       		.uleb128 0x3
 1660 0041 0E       		.uleb128 0xe
 1661 0042 3A       		.uleb128 0x3a
 1662 0043 0B       		.uleb128 0xb
 1663 0044 3B       		.uleb128 0x3b
 1664 0045 05       		.uleb128 0x5
 1665 0046 49       		.uleb128 0x49
 1666 0047 13       		.uleb128 0x13
 1667 0048 00       		.byte	0
 1668 0049 00       		.byte	0
 1669 004a 07       		.uleb128 0x7
 1670 004b 35       		.uleb128 0x35
 1671 004c 00       		.byte	0
 1672 004d 49       		.uleb128 0x49
 1673 004e 13       		.uleb128 0x13
 1674 004f 00       		.byte	0
 1675 0050 00       		.byte	0
 1676 0051 08       		.uleb128 0x8
 1677 0052 13       		.uleb128 0x13
 1678 0053 01       		.byte	0x1
 1679 0054 0B       		.uleb128 0xb
 1680 0055 0B       		.uleb128 0xb
 1681 0056 3A       		.uleb128 0x3a
ARM GAS  C:\Users\Admin\AppData\Local\Temp\ccZ2lf0h.s 			page 43


 1682 0057 0B       		.uleb128 0xb
 1683 0058 3B       		.uleb128 0x3b
 1684 0059 0B       		.uleb128 0xb
 1685 005a 01       		.uleb128 0x1
 1686 005b 13       		.uleb128 0x13
 1687 005c 00       		.byte	0
 1688 005d 00       		.byte	0
 1689 005e 09       		.uleb128 0x9
 1690 005f 0D       		.uleb128 0xd
 1691 0060 00       		.byte	0
 1692 0061 03       		.uleb128 0x3
 1693 0062 0E       		.uleb128 0xe
 1694 0063 3A       		.uleb128 0x3a
 1695 0064 0B       		.uleb128 0xb
 1696 0065 3B       		.uleb128 0x3b
 1697 0066 0B       		.uleb128 0xb
 1698 0067 49       		.uleb128 0x49
 1699 0068 13       		.uleb128 0x13
 1700 0069 38       		.uleb128 0x38
 1701 006a 0B       		.uleb128 0xb
 1702 006b 00       		.byte	0
 1703 006c 00       		.byte	0
 1704 006d 0A       		.uleb128 0xa
 1705 006e 2E       		.uleb128 0x2e
 1706 006f 01       		.byte	0x1
 1707 0070 03       		.uleb128 0x3
 1708 0071 0E       		.uleb128 0xe
 1709 0072 3A       		.uleb128 0x3a
 1710 0073 0B       		.uleb128 0xb
 1711 0074 3B       		.uleb128 0x3b
 1712 0075 0B       		.uleb128 0xb
 1713 0076 27       		.uleb128 0x27
 1714 0077 19       		.uleb128 0x19
 1715 0078 11       		.uleb128 0x11
 1716 0079 01       		.uleb128 0x1
 1717 007a 12       		.uleb128 0x12
 1718 007b 06       		.uleb128 0x6
 1719 007c 40       		.uleb128 0x40
 1720 007d 18       		.uleb128 0x18
 1721 007e 9742     		.uleb128 0x2117
 1722 0080 19       		.uleb128 0x19
 1723 0081 01       		.uleb128 0x1
 1724 0082 13       		.uleb128 0x13
 1725 0083 00       		.byte	0
 1726 0084 00       		.byte	0
 1727 0085 0B       		.uleb128 0xb
 1728 0086 05       		.uleb128 0x5
 1729 0087 00       		.byte	0
 1730 0088 03       		.uleb128 0x3
 1731 0089 0E       		.uleb128 0xe
 1732 008a 3A       		.uleb128 0x3a
 1733 008b 0B       		.uleb128 0xb
 1734 008c 3B       		.uleb128 0x3b
 1735 008d 0B       		.uleb128 0xb
 1736 008e 49       		.uleb128 0x49
 1737 008f 13       		.uleb128 0x13
 1738 0090 02       		.uleb128 0x2
ARM GAS  C:\Users\Admin\AppData\Local\Temp\ccZ2lf0h.s 			page 44


 1739 0091 18       		.uleb128 0x18
 1740 0092 00       		.byte	0
 1741 0093 00       		.byte	0
 1742 0094 0C       		.uleb128 0xc
 1743 0095 34       		.uleb128 0x34
 1744 0096 00       		.byte	0
 1745 0097 03       		.uleb128 0x3
 1746 0098 08       		.uleb128 0x8
 1747 0099 3A       		.uleb128 0x3a
 1748 009a 0B       		.uleb128 0xb
 1749 009b 3B       		.uleb128 0x3b
 1750 009c 0B       		.uleb128 0xb
 1751 009d 49       		.uleb128 0x49
 1752 009e 13       		.uleb128 0x13
 1753 009f 02       		.uleb128 0x2
 1754 00a0 17       		.uleb128 0x17
 1755 00a1 00       		.byte	0
 1756 00a2 00       		.byte	0
 1757 00a3 0D       		.uleb128 0xd
 1758 00a4 0B       		.uleb128 0xb
 1759 00a5 01       		.byte	0x1
 1760 00a6 11       		.uleb128 0x11
 1761 00a7 01       		.uleb128 0x1
 1762 00a8 12       		.uleb128 0x12
 1763 00a9 06       		.uleb128 0x6
 1764 00aa 00       		.byte	0
 1765 00ab 00       		.byte	0
 1766 00ac 0E       		.uleb128 0xe
 1767 00ad 34       		.uleb128 0x34
 1768 00ae 00       		.byte	0
 1769 00af 03       		.uleb128 0x3
 1770 00b0 0E       		.uleb128 0xe
 1771 00b1 3A       		.uleb128 0x3a
 1772 00b2 0B       		.uleb128 0xb
 1773 00b3 3B       		.uleb128 0x3b
 1774 00b4 0B       		.uleb128 0xb
 1775 00b5 49       		.uleb128 0x49
 1776 00b6 13       		.uleb128 0x13
 1777 00b7 02       		.uleb128 0x2
 1778 00b8 17       		.uleb128 0x17
 1779 00b9 00       		.byte	0
 1780 00ba 00       		.byte	0
 1781 00bb 0F       		.uleb128 0xf
 1782 00bc 0F       		.uleb128 0xf
 1783 00bd 00       		.byte	0
 1784 00be 0B       		.uleb128 0xb
 1785 00bf 0B       		.uleb128 0xb
 1786 00c0 49       		.uleb128 0x49
 1787 00c1 13       		.uleb128 0x13
 1788 00c2 00       		.byte	0
 1789 00c3 00       		.byte	0
 1790 00c4 10       		.uleb128 0x10
 1791 00c5 26       		.uleb128 0x26
 1792 00c6 00       		.byte	0
 1793 00c7 49       		.uleb128 0x49
 1794 00c8 13       		.uleb128 0x13
 1795 00c9 00       		.byte	0
ARM GAS  C:\Users\Admin\AppData\Local\Temp\ccZ2lf0h.s 			page 45


 1796 00ca 00       		.byte	0
 1797 00cb 11       		.uleb128 0x11
 1798 00cc 2E       		.uleb128 0x2e
 1799 00cd 00       		.byte	0
 1800 00ce 03       		.uleb128 0x3
 1801 00cf 0E       		.uleb128 0xe
 1802 00d0 3A       		.uleb128 0x3a
 1803 00d1 0B       		.uleb128 0xb
 1804 00d2 3B       		.uleb128 0x3b
 1805 00d3 05       		.uleb128 0x5
 1806 00d4 27       		.uleb128 0x27
 1807 00d5 19       		.uleb128 0x19
 1808 00d6 11       		.uleb128 0x11
 1809 00d7 01       		.uleb128 0x1
 1810 00d8 12       		.uleb128 0x12
 1811 00d9 06       		.uleb128 0x6
 1812 00da 40       		.uleb128 0x40
 1813 00db 18       		.uleb128 0x18
 1814 00dc 9742     		.uleb128 0x2117
 1815 00de 19       		.uleb128 0x19
 1816 00df 00       		.byte	0
 1817 00e0 00       		.byte	0
 1818 00e1 12       		.uleb128 0x12
 1819 00e2 05       		.uleb128 0x5
 1820 00e3 00       		.byte	0
 1821 00e4 03       		.uleb128 0x3
 1822 00e5 08       		.uleb128 0x8
 1823 00e6 3A       		.uleb128 0x3a
 1824 00e7 0B       		.uleb128 0xb
 1825 00e8 3B       		.uleb128 0x3b
 1826 00e9 0B       		.uleb128 0xb
 1827 00ea 49       		.uleb128 0x49
 1828 00eb 13       		.uleb128 0x13
 1829 00ec 02       		.uleb128 0x2
 1830 00ed 17       		.uleb128 0x17
 1831 00ee 00       		.byte	0
 1832 00ef 00       		.byte	0
 1833 00f0 13       		.uleb128 0x13
 1834 00f1 898201   		.uleb128 0x4109
 1835 00f4 01       		.byte	0x1
 1836 00f5 11       		.uleb128 0x11
 1837 00f6 01       		.uleb128 0x1
 1838 00f7 31       		.uleb128 0x31
 1839 00f8 13       		.uleb128 0x13
 1840 00f9 00       		.byte	0
 1841 00fa 00       		.byte	0
 1842 00fb 14       		.uleb128 0x14
 1843 00fc 8A8201   		.uleb128 0x410a
 1844 00ff 00       		.byte	0
 1845 0100 02       		.uleb128 0x2
 1846 0101 18       		.uleb128 0x18
 1847 0102 9142     		.uleb128 0x2111
 1848 0104 18       		.uleb128 0x18
 1849 0105 00       		.byte	0
 1850 0106 00       		.byte	0
 1851 0107 15       		.uleb128 0x15
 1852 0108 898201   		.uleb128 0x4109
ARM GAS  C:\Users\Admin\AppData\Local\Temp\ccZ2lf0h.s 			page 46


 1853 010b 00       		.byte	0
 1854 010c 11       		.uleb128 0x11
 1855 010d 01       		.uleb128 0x1
 1856 010e 31       		.uleb128 0x31
 1857 010f 13       		.uleb128 0x13
 1858 0110 00       		.byte	0
 1859 0111 00       		.byte	0
 1860 0112 16       		.uleb128 0x16
 1861 0113 898201   		.uleb128 0x4109
 1862 0116 01       		.byte	0x1
 1863 0117 11       		.uleb128 0x11
 1864 0118 01       		.uleb128 0x1
 1865 0119 31       		.uleb128 0x31
 1866 011a 13       		.uleb128 0x13
 1867 011b 01       		.uleb128 0x1
 1868 011c 13       		.uleb128 0x13
 1869 011d 00       		.byte	0
 1870 011e 00       		.byte	0
 1871 011f 17       		.uleb128 0x17
 1872 0120 2E       		.uleb128 0x2e
 1873 0121 01       		.byte	0x1
 1874 0122 3F       		.uleb128 0x3f
 1875 0123 19       		.uleb128 0x19
 1876 0124 03       		.uleb128 0x3
 1877 0125 0E       		.uleb128 0xe
 1878 0126 3A       		.uleb128 0x3a
 1879 0127 0B       		.uleb128 0xb
 1880 0128 3B       		.uleb128 0x3b
 1881 0129 05       		.uleb128 0x5
 1882 012a 27       		.uleb128 0x27
 1883 012b 19       		.uleb128 0x19
 1884 012c 11       		.uleb128 0x11
 1885 012d 01       		.uleb128 0x1
 1886 012e 12       		.uleb128 0x12
 1887 012f 06       		.uleb128 0x6
 1888 0130 40       		.uleb128 0x40
 1889 0131 18       		.uleb128 0x18
 1890 0132 9742     		.uleb128 0x2117
 1891 0134 19       		.uleb128 0x19
 1892 0135 01       		.uleb128 0x1
 1893 0136 13       		.uleb128 0x13
 1894 0137 00       		.byte	0
 1895 0138 00       		.byte	0
 1896 0139 18       		.uleb128 0x18
 1897 013a 0B       		.uleb128 0xb
 1898 013b 01       		.byte	0x1
 1899 013c 11       		.uleb128 0x11
 1900 013d 01       		.uleb128 0x1
 1901 013e 12       		.uleb128 0x12
 1902 013f 06       		.uleb128 0x6
 1903 0140 01       		.uleb128 0x1
 1904 0141 13       		.uleb128 0x13
 1905 0142 00       		.byte	0
 1906 0143 00       		.byte	0
 1907 0144 19       		.uleb128 0x19
 1908 0145 34       		.uleb128 0x34
 1909 0146 00       		.byte	0
ARM GAS  C:\Users\Admin\AppData\Local\Temp\ccZ2lf0h.s 			page 47


 1910 0147 03       		.uleb128 0x3
 1911 0148 0E       		.uleb128 0xe
 1912 0149 3A       		.uleb128 0x3a
 1913 014a 0B       		.uleb128 0xb
 1914 014b 3B       		.uleb128 0x3b
 1915 014c 05       		.uleb128 0x5
 1916 014d 49       		.uleb128 0x49
 1917 014e 13       		.uleb128 0x13
 1918 014f 02       		.uleb128 0x2
 1919 0150 18       		.uleb128 0x18
 1920 0151 00       		.byte	0
 1921 0152 00       		.byte	0
 1922 0153 1A       		.uleb128 0x1a
 1923 0154 13       		.uleb128 0x13
 1924 0155 01       		.byte	0x1
 1925 0156 0B       		.uleb128 0xb
 1926 0157 0B       		.uleb128 0xb
 1927 0158 3A       		.uleb128 0x3a
 1928 0159 0B       		.uleb128 0xb
 1929 015a 3B       		.uleb128 0x3b
 1930 015b 05       		.uleb128 0x5
 1931 015c 01       		.uleb128 0x1
 1932 015d 13       		.uleb128 0x13
 1933 015e 00       		.byte	0
 1934 015f 00       		.byte	0
 1935 0160 1B       		.uleb128 0x1b
 1936 0161 0D       		.uleb128 0xd
 1937 0162 00       		.byte	0
 1938 0163 03       		.uleb128 0x3
 1939 0164 0E       		.uleb128 0xe
 1940 0165 3A       		.uleb128 0x3a
 1941 0166 0B       		.uleb128 0xb
 1942 0167 3B       		.uleb128 0x3b
 1943 0168 05       		.uleb128 0x5
 1944 0169 49       		.uleb128 0x49
 1945 016a 13       		.uleb128 0x13
 1946 016b 38       		.uleb128 0x38
 1947 016c 0B       		.uleb128 0xb
 1948 016d 00       		.byte	0
 1949 016e 00       		.byte	0
 1950 016f 1C       		.uleb128 0x1c
 1951 0170 01       		.uleb128 0x1
 1952 0171 01       		.byte	0x1
 1953 0172 49       		.uleb128 0x49
 1954 0173 13       		.uleb128 0x13
 1955 0174 01       		.uleb128 0x1
 1956 0175 13       		.uleb128 0x13
 1957 0176 00       		.byte	0
 1958 0177 00       		.byte	0
 1959 0178 1D       		.uleb128 0x1d
 1960 0179 21       		.uleb128 0x21
 1961 017a 00       		.byte	0
 1962 017b 49       		.uleb128 0x49
 1963 017c 13       		.uleb128 0x13
 1964 017d 2F       		.uleb128 0x2f
 1965 017e 0B       		.uleb128 0xb
 1966 017f 00       		.byte	0
ARM GAS  C:\Users\Admin\AppData\Local\Temp\ccZ2lf0h.s 			page 48


 1967 0180 00       		.byte	0
 1968 0181 1E       		.uleb128 0x1e
 1969 0182 34       		.uleb128 0x34
 1970 0183 00       		.byte	0
 1971 0184 03       		.uleb128 0x3
 1972 0185 08       		.uleb128 0x8
 1973 0186 3A       		.uleb128 0x3a
 1974 0187 0B       		.uleb128 0xb
 1975 0188 3B       		.uleb128 0x3b
 1976 0189 05       		.uleb128 0x5
 1977 018a 49       		.uleb128 0x49
 1978 018b 13       		.uleb128 0x13
 1979 018c 02       		.uleb128 0x2
 1980 018d 17       		.uleb128 0x17
 1981 018e 00       		.byte	0
 1982 018f 00       		.byte	0
 1983 0190 1F       		.uleb128 0x1f
 1984 0191 21       		.uleb128 0x21
 1985 0192 00       		.byte	0
 1986 0193 49       		.uleb128 0x49
 1987 0194 13       		.uleb128 0x13
 1988 0195 2F       		.uleb128 0x2f
 1989 0196 05       		.uleb128 0x5
 1990 0197 00       		.byte	0
 1991 0198 00       		.byte	0
 1992 0199 20       		.uleb128 0x20
 1993 019a 2E       		.uleb128 0x2e
 1994 019b 00       		.byte	0
 1995 019c 3F       		.uleb128 0x3f
 1996 019d 19       		.uleb128 0x19
 1997 019e 3C       		.uleb128 0x3c
 1998 019f 19       		.uleb128 0x19
 1999 01a0 6E       		.uleb128 0x6e
 2000 01a1 0E       		.uleb128 0xe
 2001 01a2 03       		.uleb128 0x3
 2002 01a3 0E       		.uleb128 0xe
 2003 01a4 00       		.byte	0
 2004 01a5 00       		.byte	0
 2005 01a6 21       		.uleb128 0x21
 2006 01a7 2E       		.uleb128 0x2e
 2007 01a8 00       		.byte	0
 2008 01a9 3F       		.uleb128 0x3f
 2009 01aa 19       		.uleb128 0x19
 2010 01ab 3C       		.uleb128 0x3c
 2011 01ac 19       		.uleb128 0x19
 2012 01ad 6E       		.uleb128 0x6e
 2013 01ae 0E       		.uleb128 0xe
 2014 01af 03       		.uleb128 0x3
 2015 01b0 0E       		.uleb128 0xe
 2016 01b1 3A       		.uleb128 0x3a
 2017 01b2 0B       		.uleb128 0xb
 2018 01b3 3B       		.uleb128 0x3b
 2019 01b4 0B       		.uleb128 0xb
 2020 01b5 00       		.byte	0
 2021 01b6 00       		.byte	0
 2022 01b7 00       		.byte	0
 2023              		.section	.debug_loc,"",%progbits
ARM GAS  C:\Users\Admin\AppData\Local\Temp\ccZ2lf0h.s 			page 49


 2024              	.Ldebug_loc0:
 2025              	.LLST0:
 2026 0000 02000000 		.4byte	.LVL1
 2027 0004 08000000 		.4byte	.LVL2
 2028 0008 0200     		.2byte	0x2
 2029 000a 30       		.byte	0x30
 2030 000b 9F       		.byte	0x9f
 2031 000c 08000000 		.4byte	.LVL2
 2032 0010 30000000 		.4byte	.LVL11
 2033 0014 0100     		.2byte	0x1
 2034 0016 57       		.byte	0x57
 2035 0017 00000000 		.4byte	0
 2036 001b 00000000 		.4byte	0
 2037              	.LLST1:
 2038 001f 02000000 		.4byte	.LVL1
 2039 0023 08000000 		.4byte	.LVL2
 2040 0027 0200     		.2byte	0x2
 2041 0029 30       		.byte	0x30
 2042 002a 9F       		.byte	0x9f
 2043 002b 08000000 		.4byte	.LVL2
 2044 002f 30000000 		.4byte	.LVL10
 2045 0033 0100     		.2byte	0x1
 2046 0035 55       		.byte	0x55
 2047 0036 00000000 		.4byte	0
 2048 003a 00000000 		.4byte	0
 2049              	.LLST2:
 2050 003e 0C000000 		.4byte	.LVL3
 2051 0042 2C000000 		.4byte	.LVL9
 2052 0046 0100     		.2byte	0x1
 2053 0048 56       		.byte	0x56
 2054 0049 00000000 		.4byte	0
 2055 004d 00000000 		.4byte	0
 2056              	.LLST3:
 2057 0051 0E000000 		.4byte	.LVL4
 2058 0055 24000000 		.4byte	.LVL7
 2059 0059 0100     		.2byte	0x1
 2060 005b 53       		.byte	0x53
 2061 005c 26000000 		.4byte	.LVL8
 2062 0060 2C000000 		.4byte	.LVL9
 2063 0064 0100     		.2byte	0x1
 2064 0066 53       		.byte	0x53
 2065 0067 00000000 		.4byte	0
 2066 006b 00000000 		.4byte	0
 2067              	.LLST4:
 2068 006f 00000000 		.4byte	.LVL12
 2069 0073 09000000 		.4byte	.LVL14-1
 2070 0077 0100     		.2byte	0x1
 2071 0079 50       		.byte	0x50
 2072 007a 09000000 		.4byte	.LVL14-1
 2073 007e 0C000000 		.4byte	.LFE2
 2074 0082 0400     		.2byte	0x4
 2075 0084 F3       		.byte	0xf3
 2076 0085 01       		.uleb128 0x1
 2077 0086 50       		.byte	0x50
 2078 0087 9F       		.byte	0x9f
 2079 0088 00000000 		.4byte	0
 2080 008c 00000000 		.4byte	0
ARM GAS  C:\Users\Admin\AppData\Local\Temp\ccZ2lf0h.s 			page 50


 2081              	.LLST5:
 2082 0090 00000000 		.4byte	.LVL12
 2083 0094 06000000 		.4byte	.LVL13
 2084 0098 0100     		.2byte	0x1
 2085 009a 51       		.byte	0x51
 2086 009b 06000000 		.4byte	.LVL13
 2087 009f 09000000 		.4byte	.LVL14-1
 2088 00a3 0100     		.2byte	0x1
 2089 00a5 52       		.byte	0x52
 2090 00a6 09000000 		.4byte	.LVL14-1
 2091 00aa 0C000000 		.4byte	.LFE2
 2092 00ae 0400     		.2byte	0x4
 2093 00b0 F3       		.byte	0xf3
 2094 00b1 01       		.uleb128 0x1
 2095 00b2 51       		.byte	0x51
 2096 00b3 9F       		.byte	0x9f
 2097 00b4 00000000 		.4byte	0
 2098 00b8 00000000 		.4byte	0
 2099              	.LLST6:
 2100 00bc 18010000 		.4byte	.LVL22
 2101 00c0 1C010000 		.4byte	.LVL23
 2102 00c4 0200     		.2byte	0x2
 2103 00c6 30       		.byte	0x30
 2104 00c7 9F       		.byte	0x9f
 2105 00c8 1C010000 		.4byte	.LVL23
 2106 00cc 3A010000 		.4byte	.LVL25
 2107 00d0 0100     		.2byte	0x1
 2108 00d2 54       		.byte	0x54
 2109 00d3 3C010000 		.4byte	.LVL26
 2110 00d7 C0010000 		.4byte	.LVL30
 2111 00db 0100     		.2byte	0x1
 2112 00dd 54       		.byte	0x54
 2113 00de 00000000 		.4byte	0
 2114 00e2 00000000 		.4byte	0
 2115              	.LLST7:
 2116 00e6 1C010000 		.4byte	.LVL23
 2117 00ea 3A010000 		.4byte	.LVL25
 2118 00ee 0B00     		.2byte	0xb
 2119 00f0 74       		.byte	0x74
 2120 00f1 00       		.sleb128 0
 2121 00f2 36       		.byte	0x36
 2122 00f3 1E       		.byte	0x1e
 2123 00f4 03       		.byte	0x3
 2124 00f5 00000000 		.4byte	cfg_memset_list.4916
 2125 00f9 22       		.byte	0x22
 2126 00fa 9F       		.byte	0x9f
 2127 00fb 3A010000 		.4byte	.LVL25
 2128 00ff 3C010000 		.4byte	.LVL26
 2129 0103 0B00     		.2byte	0xb
 2130 0105 74       		.byte	0x74
 2131 0106 7F       		.sleb128 -1
 2132 0107 36       		.byte	0x36
 2133 0108 1E       		.byte	0x1e
 2134 0109 03       		.byte	0x3
 2135 010a 00000000 		.4byte	cfg_memset_list.4916
 2136 010e 22       		.byte	0x22
 2137 010f 9F       		.byte	0x9f
ARM GAS  C:\Users\Admin\AppData\Local\Temp\ccZ2lf0h.s 			page 51


 2138 0110 00000000 		.4byte	0
 2139 0114 00000000 		.4byte	0
 2140              		.section	.debug_aranges,"",%progbits
 2141 0000 3C000000 		.4byte	0x3c
 2142 0004 0200     		.2byte	0x2
 2143 0006 00000000 		.4byte	.Ldebug_info0
 2144 000a 04       		.byte	0x4
 2145 000b 00       		.byte	0
 2146 000c 0000     		.2byte	0
 2147 000e 0000     		.2byte	0
 2148 0010 00000000 		.4byte	.LFB5
 2149 0014 32000000 		.4byte	.LFE5-.LFB5
 2150 0018 00000000 		.4byte	.LFB7
 2151 001c 20000000 		.4byte	.LFE7-.LFB7
 2152 0020 00000000 		.4byte	.LFB2
 2153 0024 0C000000 		.4byte	.LFE2-.LFB2
 2154 0028 00000000 		.4byte	.LFB6
 2155 002c 08010000 		.4byte	.LFE6-.LFB6
 2156 0030 08010000 		.4byte	.LFB8
 2157 0034 14010000 		.4byte	.LFE8-.LFB8
 2158 0038 00000000 		.4byte	0
 2159 003c 00000000 		.4byte	0
 2160              		.section	.debug_ranges,"",%progbits
 2161              	.Ldebug_ranges0:
 2162 0000 00000000 		.4byte	.LFB5
 2163 0004 32000000 		.4byte	.LFE5
 2164 0008 00000000 		.4byte	.LFB7
 2165 000c 20000000 		.4byte	.LFE7
 2166 0010 00000000 		.4byte	.LFB2
 2167 0014 0C000000 		.4byte	.LFE2
 2168 0018 00000000 		.4byte	.LFB6
 2169 001c 08010000 		.4byte	.LFE6
 2170 0020 08010000 		.4byte	.LFB8
 2171 0024 1C020000 		.4byte	.LFE8
 2172 0028 00000000 		.4byte	0
 2173 002c 00000000 		.4byte	0
 2174              		.section	.debug_line,"",%progbits
 2175              	.Ldebug_line0:
 2176 0000 93010000 		.section	.debug_str,"MS",%progbits,1
 2176      0200E300 
 2176      00000201 
 2176      FB0E0D00 
 2176      01010101 
 2177              	.LASF19:
 2178 0000 72656733 		.ascii	"reg32\000"
 2178      3200
 2179              	.LASF12:
 2180 0006 73697A65 		.ascii	"size_t\000"
 2180      5F7400
 2181              	.LASF46:
 2182 000d 416E616C 		.ascii	"AnalogSetDefault\000"
 2182      6F675365 
 2182      74446566 
 2182      61756C74 
 2182      00
 2183              	.LASF41:
 2184 001e 4379496E 		.ascii	"CyIntSetVector\000"
ARM GAS  C:\Users\Admin\AppData\Local\Temp\ccZ2lf0h.s 			page 52


 2184      74536574 
 2184      56656374 
 2184      6F7200
 2185              	.LASF21:
 2186 002d 76616C75 		.ascii	"value\000"
 2186      6500
 2187              	.LASF26:
 2188 0033 636F756E 		.ascii	"count\000"
 2188      7400
 2189              	.LASF29:
 2190 0039 436C6F63 		.ascii	"ClockSetup\000"
 2190      6B536574 
 2190      757000
 2191              	.LASF30:
 2192 0044 63795F63 		.ascii	"cy_cfg_addr_table\000"
 2192      66675F61 
 2192      6464725F 
 2192      7461626C 
 2192      6500
 2193              	.LASF31:
 2194 0056 63795F63 		.ascii	"cy_cfg_data_table\000"
 2194      66675F64 
 2194      6174615F 
 2194      7461626C 
 2194      6500
 2195              	.LASF22:
 2196 0068 63795F63 		.ascii	"cy_cfg_addrvalue_t\000"
 2196      66675F61 
 2196      64647276 
 2196      616C7565 
 2196      5F7400
 2197              	.LASF16:
 2198 007b 666C6F61 		.ascii	"float\000"
 2198      7400
 2199              	.LASF35:
 2200 0081 6366675F 		.ascii	"cfg_memset_list\000"
 2200      6D656D73 
 2200      65745F6C 
 2200      69737400 
 2201              	.LASF33:
 2202 0091 73697A65 		.ascii	"size\000"
 2202      00
 2203              	.LASF37:
 2204 0096 43795379 		.ascii	"CySysClkWcoSetPowerMode\000"
 2204      73436C6B 
 2204      57636F53 
 2204      6574506F 
 2204      7765724D 
 2205              	.LASF18:
 2206 00ae 72656738 		.ascii	"reg8\000"
 2206      00
 2207              	.LASF8:
 2208 00b3 6C6F6E67 		.ascii	"long unsigned int\000"
 2208      20756E73 
 2208      69676E65 
 2208      6420696E 
 2208      7400
ARM GAS  C:\Users\Admin\AppData\Local\Temp\ccZ2lf0h.s 			page 53


 2209              	.LASF13:
 2210 00c5 75696E74 		.ascii	"uint8\000"
 2210      3800
 2211              	.LASF36:
 2212 00cb 43795379 		.ascii	"CySysClkWcoStart\000"
 2212      73436C6B 
 2212      57636F53 
 2212      74617274 
 2212      00
 2213              	.LASF28:
 2214 00dc 43594D45 		.ascii	"CYMEMZERO\000"
 2214      4D5A4552 
 2214      4F00
 2215              	.LASF4:
 2216 00e6 756E7369 		.ascii	"unsigned char\000"
 2216      676E6564 
 2216      20636861 
 2216      7200
 2217              	.LASF48:
 2218 00f4 6D656D73 		.ascii	"memset\000"
 2218      657400
 2219              	.LASF17:
 2220 00fb 646F7562 		.ascii	"double\000"
 2220      6C6500
 2221              	.LASF27:
 2222 0102 6366675F 		.ascii	"cfg_write_bytes32\000"
 2222      77726974 
 2222      655F6279 
 2222      74657333 
 2222      3200
 2223              	.LASF42:
 2224 0114 4379496E 		.ascii	"CyIntEnable\000"
 2224      74456E61 
 2224      626C6500 
 2225              	.LASF23:
 2226 0120 61646472 		.ascii	"addr_table\000"
 2226      5F746162 
 2226      6C6500
 2227              	.LASF14:
 2228 012b 75696E74 		.ascii	"uint16\000"
 2228      313600
 2229              	.LASF24:
 2230 0132 64617461 		.ascii	"data_table\000"
 2230      5F746162 
 2230      6C6500
 2231              	.LASF15:
 2232 013d 75696E74 		.ascii	"uint32\000"
 2232      333200
 2233              	.LASF0:
 2234 0144 756E7369 		.ascii	"unsigned int\000"
 2234      676E6564 
 2234      20696E74 
 2234      00
 2235              	.LASF47:
 2236 0151 63796669 		.ascii	"cyfitter_cfg\000"
 2236      74746572 
 2236      5F636667 
ARM GAS  C:\Users\Admin\AppData\Local\Temp\ccZ2lf0h.s 			page 54


 2236      00
 2237              	.LASF32:
 2238 015e 61646472 		.ascii	"address\000"
 2238      65737300 
 2239              	.LASF9:
 2240 0166 6C6F6E67 		.ascii	"long long unsigned int\000"
 2240      206C6F6E 
 2240      6720756E 
 2240      7369676E 
 2240      65642069 
 2241              	.LASF43:
 2242 017d 474E5520 		.ascii	"GNU C11 5.4.1 20160609 (release) [ARM/embedded-5-br"
 2242      43313120 
 2242      352E342E 
 2242      31203230 
 2242      31363036 
 2243 01b0 616E6368 		.ascii	"anch revision 237715] -mcpu=cortex-m0 -mthumb -g -O"
 2243      20726576 
 2243      6973696F 
 2243      6E203233 
 2243      37373135 
 2244 01e3 67202D66 		.ascii	"g -ffunction-sections -ffat-lto-objects\000"
 2244      66756E63 
 2244      74696F6E 
 2244      2D736563 
 2244      74696F6E 
 2245              	.LASF34:
 2246 020b 6366675F 		.ascii	"cfg_memset_t\000"
 2246      6D656D73 
 2246      65745F74 
 2246      00
 2247              	.LASF25:
 2248 0218 62617365 		.ascii	"baseAddr\000"
 2248      41646472 
 2248      00
 2249              	.LASF10:
 2250 0221 73697A65 		.ascii	"sizetype\000"
 2250      74797065 
 2250      00
 2251              	.LASF6:
 2252 022a 73686F72 		.ascii	"short unsigned int\000"
 2252      7420756E 
 2252      7369676E 
 2252      65642069 
 2252      6E7400
 2253              	.LASF1:
 2254 023d 6C6F6E67 		.ascii	"long long int\000"
 2254      206C6F6E 
 2254      6720696E 
 2254      7400
 2255              	.LASF40:
 2256 024b 43794465 		.ascii	"CyDelayUs\000"
 2256      6C617955 
 2256      7300
 2257              	.LASF11:
 2258 0255 63686172 		.ascii	"char\000"
 2258      00
ARM GAS  C:\Users\Admin\AppData\Local\Temp\ccZ2lf0h.s 			page 55


 2259              	.LASF39:
 2260 025a 43795379 		.ascii	"CySysClkEcoStart\000"
 2260      73436C6B 
 2260      45636F53 
 2260      74617274 
 2260      00
 2261              	.LASF45:
 2262 026b 443A5C4C 		.ascii	"D:\\LABs_BLE\\LABs_BLE\\Lab_3_1_UART_Transmitting.c"
 2262      4142735F 
 2262      424C455C 
 2262      4C414273 
 2262      5F424C45 
 2263 029b 7964736E 		.ascii	"ydsn\000"
 2263      00
 2264              	.LASF20:
 2265 02a0 6F666673 		.ascii	"offset\000"
 2265      657400
 2266              	.LASF5:
 2267 02a7 73686F72 		.ascii	"short int\000"
 2267      7420696E 
 2267      7400
 2268              	.LASF38:
 2269 02b1 43795379 		.ascii	"CySysClkWriteImoFreq\000"
 2269      73436C6B 
 2269      57726974 
 2269      65496D6F 
 2269      46726571 
 2270              	.LASF7:
 2271 02c6 6C6F6E67 		.ascii	"long int\000"
 2271      20696E74 
 2271      00
 2272              	.LASF2:
 2273 02cf 6C6F6E67 		.ascii	"long double\000"
 2273      20646F75 
 2273      626C6500 
 2274              	.LASF3:
 2275 02db 7369676E 		.ascii	"signed char\000"
 2275      65642063 
 2275      68617200 
 2276              	.LASF44:
 2277 02e7 47656E65 		.ascii	"Generated_Source\\PSoC4\\cyfitter_cfg.c\000"
 2277      72617465 
 2277      645F536F 
 2277      75726365 
 2277      5C50536F 
 2278              		.ident	"GCC: (GNU Tools for ARM Embedded Processors) 5.4.1 20160609 (release) [ARM/embedded-5-bran
