ARM GAS  C:\Users\Admin\AppData\Local\Temp\ccDHJoG6.s 			page 1


   1              		.syntax unified
   2              		.cpu cortex-m0
   3              		.fpu softvfp
   4              		.eabi_attribute 20, 1
   5              		.eabi_attribute 21, 1
   6              		.eabi_attribute 23, 3
   7              		.eabi_attribute 24, 1
   8              		.eabi_attribute 25, 1
   9              		.eabi_attribute 26, 1
  10              		.eabi_attribute 30, 1
  11              		.eabi_attribute 34, 0
  12              		.eabi_attribute 18, 4
  13              		.thumb
  14              		.syntax unified
  15              		.file	"cyfitter_cfg.c"
  16              		.text
  17              	.Ltext0:
  18              		.cfi_sections	.debug_frame
  19              		.section	.text.cfg_write_bytes32,"ax",%progbits
  20              		.align	2
  21              		.code	16
  22              		.thumb_func
  23              		.type	cfg_write_bytes32, %function
  24              	cfg_write_bytes32:
  25              	.LFB5:
  26              		.file 1 "Generated_Source\\PSoC4\\cyfitter_cfg.c"
   1:Generated_Source\PSoC4/cyfitter_cfg.c **** 
   2:Generated_Source\PSoC4/cyfitter_cfg.c **** /*******************************************************************************
   3:Generated_Source\PSoC4/cyfitter_cfg.c **** * File Name: cyfitter_cfg.c
   4:Generated_Source\PSoC4/cyfitter_cfg.c **** * 
   5:Generated_Source\PSoC4/cyfitter_cfg.c **** * PSoC Creator  4.4
   6:Generated_Source\PSoC4/cyfitter_cfg.c **** *
   7:Generated_Source\PSoC4/cyfitter_cfg.c **** * Description:
   8:Generated_Source\PSoC4/cyfitter_cfg.c **** * This file contains device initialization code.
   9:Generated_Source\PSoC4/cyfitter_cfg.c **** * Except for the user defined sections in CyClockStartupError(), this file should not be modified.
  10:Generated_Source\PSoC4/cyfitter_cfg.c **** * This file is automatically generated by PSoC Creator.
  11:Generated_Source\PSoC4/cyfitter_cfg.c **** *
  12:Generated_Source\PSoC4/cyfitter_cfg.c **** ********************************************************************************
  13:Generated_Source\PSoC4/cyfitter_cfg.c **** * Copyright (c) 2007-2020 Cypress Semiconductor.  All rights reserved.
  14:Generated_Source\PSoC4/cyfitter_cfg.c **** * You may use this file only in accordance with the license, terms, conditions, 
  15:Generated_Source\PSoC4/cyfitter_cfg.c **** * disclaimers, and limitations in the end user license agreement accompanying 
  16:Generated_Source\PSoC4/cyfitter_cfg.c **** * the software package with which this file was provided.
  17:Generated_Source\PSoC4/cyfitter_cfg.c **** ********************************************************************************/
  18:Generated_Source\PSoC4/cyfitter_cfg.c **** 
  19:Generated_Source\PSoC4/cyfitter_cfg.c **** #include <string.h>
  20:Generated_Source\PSoC4/cyfitter_cfg.c **** #include "cytypes.h"
  21:Generated_Source\PSoC4/cyfitter_cfg.c **** #include "cydevice_trm.h"
  22:Generated_Source\PSoC4/cyfitter_cfg.c **** #include "cyfitter.h"
  23:Generated_Source\PSoC4/cyfitter_cfg.c **** #include "CyLib.h"
  24:Generated_Source\PSoC4/cyfitter_cfg.c **** #include "CyLFClk.h"
  25:Generated_Source\PSoC4/cyfitter_cfg.c **** #include "cyfitter_cfg.h"
  26:Generated_Source\PSoC4/cyfitter_cfg.c **** #include "cyapicallbacks.h"
  27:Generated_Source\PSoC4/cyfitter_cfg.c **** 
  28:Generated_Source\PSoC4/cyfitter_cfg.c **** 
  29:Generated_Source\PSoC4/cyfitter_cfg.c **** #if defined(__GNUC__) || defined(__ARMCC_VERSION)
  30:Generated_Source\PSoC4/cyfitter_cfg.c ****     #define CYPACKED 
  31:Generated_Source\PSoC4/cyfitter_cfg.c ****     #define CYPACKED_ATTR __attribute__ ((packed))
ARM GAS  C:\Users\Admin\AppData\Local\Temp\ccDHJoG6.s 			page 2


  32:Generated_Source\PSoC4/cyfitter_cfg.c ****     #define CYALIGNED __attribute__ ((aligned))
  33:Generated_Source\PSoC4/cyfitter_cfg.c ****     #define CY_CFG_UNUSED __attribute__ ((unused))
  34:Generated_Source\PSoC4/cyfitter_cfg.c ****     #ifndef CY_CFG_SECTION
  35:Generated_Source\PSoC4/cyfitter_cfg.c ****         #define CY_CFG_SECTION __attribute__ ((section(".psocinit")))
  36:Generated_Source\PSoC4/cyfitter_cfg.c ****     #endif
  37:Generated_Source\PSoC4/cyfitter_cfg.c ****     
  38:Generated_Source\PSoC4/cyfitter_cfg.c ****     #if defined(__ARMCC_VERSION)
  39:Generated_Source\PSoC4/cyfitter_cfg.c ****         #define CY_CFG_MEMORY_BARRIER() __memory_changed()
  40:Generated_Source\PSoC4/cyfitter_cfg.c ****     #else
  41:Generated_Source\PSoC4/cyfitter_cfg.c ****         #define CY_CFG_MEMORY_BARRIER() __sync_synchronize()
  42:Generated_Source\PSoC4/cyfitter_cfg.c ****     #endif
  43:Generated_Source\PSoC4/cyfitter_cfg.c ****     
  44:Generated_Source\PSoC4/cyfitter_cfg.c **** #elif defined(__ICCARM__)
  45:Generated_Source\PSoC4/cyfitter_cfg.c ****     #include <intrinsics.h>
  46:Generated_Source\PSoC4/cyfitter_cfg.c **** 
  47:Generated_Source\PSoC4/cyfitter_cfg.c ****     #define CYPACKED __packed
  48:Generated_Source\PSoC4/cyfitter_cfg.c ****     #define CYPACKED_ATTR 
  49:Generated_Source\PSoC4/cyfitter_cfg.c ****     #define CYALIGNED _Pragma("data_alignment=4")
  50:Generated_Source\PSoC4/cyfitter_cfg.c ****     #define CY_CFG_UNUSED _Pragma("diag_suppress=Pe177")
  51:Generated_Source\PSoC4/cyfitter_cfg.c ****     #define CY_CFG_SECTION _Pragma("location=\".psocinit\"")
  52:Generated_Source\PSoC4/cyfitter_cfg.c ****     
  53:Generated_Source\PSoC4/cyfitter_cfg.c ****     #define CY_CFG_MEMORY_BARRIER() __DMB()
  54:Generated_Source\PSoC4/cyfitter_cfg.c ****     
  55:Generated_Source\PSoC4/cyfitter_cfg.c **** #else
  56:Generated_Source\PSoC4/cyfitter_cfg.c ****     #error Unsupported toolchain
  57:Generated_Source\PSoC4/cyfitter_cfg.c **** #endif
  58:Generated_Source\PSoC4/cyfitter_cfg.c **** 
  59:Generated_Source\PSoC4/cyfitter_cfg.c **** #ifndef CYCODE
  60:Generated_Source\PSoC4/cyfitter_cfg.c ****     #define CYCODE
  61:Generated_Source\PSoC4/cyfitter_cfg.c **** #endif
  62:Generated_Source\PSoC4/cyfitter_cfg.c **** #ifndef CYDATA
  63:Generated_Source\PSoC4/cyfitter_cfg.c ****     #define CYDATA
  64:Generated_Source\PSoC4/cyfitter_cfg.c **** #endif
  65:Generated_Source\PSoC4/cyfitter_cfg.c **** #ifndef CYFAR
  66:Generated_Source\PSoC4/cyfitter_cfg.c ****     #define CYFAR
  67:Generated_Source\PSoC4/cyfitter_cfg.c **** #endif
  68:Generated_Source\PSoC4/cyfitter_cfg.c **** #ifndef CYXDATA
  69:Generated_Source\PSoC4/cyfitter_cfg.c ****     #define CYXDATA
  70:Generated_Source\PSoC4/cyfitter_cfg.c **** #endif
  71:Generated_Source\PSoC4/cyfitter_cfg.c **** 
  72:Generated_Source\PSoC4/cyfitter_cfg.c **** 
  73:Generated_Source\PSoC4/cyfitter_cfg.c **** CY_CFG_UNUSED
  74:Generated_Source\PSoC4/cyfitter_cfg.c **** static void CYMEMZERO(void *s, size_t n);
  75:Generated_Source\PSoC4/cyfitter_cfg.c **** CY_CFG_UNUSED
  76:Generated_Source\PSoC4/cyfitter_cfg.c **** static void CYMEMZERO(void *s, size_t n)
  77:Generated_Source\PSoC4/cyfitter_cfg.c **** {
  78:Generated_Source\PSoC4/cyfitter_cfg.c **** 	(void)memset(s, 0, n);
  79:Generated_Source\PSoC4/cyfitter_cfg.c **** }
  80:Generated_Source\PSoC4/cyfitter_cfg.c **** CY_CFG_UNUSED
  81:Generated_Source\PSoC4/cyfitter_cfg.c **** static void CYCONFIGCPY(void *dest, const void *src, size_t n);
  82:Generated_Source\PSoC4/cyfitter_cfg.c **** CY_CFG_UNUSED
  83:Generated_Source\PSoC4/cyfitter_cfg.c **** static void CYCONFIGCPY(void *dest, const void *src, size_t n)
  84:Generated_Source\PSoC4/cyfitter_cfg.c **** {
  85:Generated_Source\PSoC4/cyfitter_cfg.c **** 	(void)memcpy(dest, src, n);
  86:Generated_Source\PSoC4/cyfitter_cfg.c **** }
  87:Generated_Source\PSoC4/cyfitter_cfg.c **** CY_CFG_UNUSED
  88:Generated_Source\PSoC4/cyfitter_cfg.c **** static void CYCONFIGCPYCODE(void *dest, const void *src, size_t n);
ARM GAS  C:\Users\Admin\AppData\Local\Temp\ccDHJoG6.s 			page 3


  89:Generated_Source\PSoC4/cyfitter_cfg.c **** CY_CFG_UNUSED
  90:Generated_Source\PSoC4/cyfitter_cfg.c **** static void CYCONFIGCPYCODE(void *dest, const void *src, size_t n)
  91:Generated_Source\PSoC4/cyfitter_cfg.c **** {
  92:Generated_Source\PSoC4/cyfitter_cfg.c **** 	(void)memcpy(dest, src, n);
  93:Generated_Source\PSoC4/cyfitter_cfg.c **** }
  94:Generated_Source\PSoC4/cyfitter_cfg.c **** 
  95:Generated_Source\PSoC4/cyfitter_cfg.c **** 
  96:Generated_Source\PSoC4/cyfitter_cfg.c **** 
  97:Generated_Source\PSoC4/cyfitter_cfg.c **** 
  98:Generated_Source\PSoC4/cyfitter_cfg.c **** /* Clock startup error codes                                                   */
  99:Generated_Source\PSoC4/cyfitter_cfg.c **** #define CYCLOCKSTART_NO_ERROR    0u
 100:Generated_Source\PSoC4/cyfitter_cfg.c **** #define CYCLOCKSTART_XTAL_ERROR  1u
 101:Generated_Source\PSoC4/cyfitter_cfg.c **** #define CYCLOCKSTART_32KHZ_ERROR 2u
 102:Generated_Source\PSoC4/cyfitter_cfg.c **** #define CYCLOCKSTART_PLL_ERROR   3u
 103:Generated_Source\PSoC4/cyfitter_cfg.c **** #define CYCLOCKSTART_FLL_ERROR   4u
 104:Generated_Source\PSoC4/cyfitter_cfg.c **** #define CYCLOCKSTART_WCO_ERROR   5u
 105:Generated_Source\PSoC4/cyfitter_cfg.c **** 
 106:Generated_Source\PSoC4/cyfitter_cfg.c **** 
 107:Generated_Source\PSoC4/cyfitter_cfg.c **** #ifdef CY_NEED_CYCLOCKSTARTUPERROR
 108:Generated_Source\PSoC4/cyfitter_cfg.c **** /*******************************************************************************
 109:Generated_Source\PSoC4/cyfitter_cfg.c **** * Function Name: CyClockStartupError
 110:Generated_Source\PSoC4/cyfitter_cfg.c **** ********************************************************************************
 111:Generated_Source\PSoC4/cyfitter_cfg.c **** * Summary:
 112:Generated_Source\PSoC4/cyfitter_cfg.c **** *  If an error is encountered during clock configuration (crystal startup error,
 113:Generated_Source\PSoC4/cyfitter_cfg.c **** *  PLL lock error, etc.), the system will end up here.  Unless reimplemented by
 114:Generated_Source\PSoC4/cyfitter_cfg.c **** *  the customer, this function will stop in an infinite loop.
 115:Generated_Source\PSoC4/cyfitter_cfg.c **** *
 116:Generated_Source\PSoC4/cyfitter_cfg.c **** * Parameters:
 117:Generated_Source\PSoC4/cyfitter_cfg.c **** *   void
 118:Generated_Source\PSoC4/cyfitter_cfg.c **** *
 119:Generated_Source\PSoC4/cyfitter_cfg.c **** * Return:
 120:Generated_Source\PSoC4/cyfitter_cfg.c **** *   void
 121:Generated_Source\PSoC4/cyfitter_cfg.c **** *
 122:Generated_Source\PSoC4/cyfitter_cfg.c **** *******************************************************************************/
 123:Generated_Source\PSoC4/cyfitter_cfg.c **** CY_CFG_UNUSED
 124:Generated_Source\PSoC4/cyfitter_cfg.c **** static void CyClockStartupError(uint8 errorCode);
 125:Generated_Source\PSoC4/cyfitter_cfg.c **** CY_CFG_UNUSED
 126:Generated_Source\PSoC4/cyfitter_cfg.c **** static void CyClockStartupError(uint8 errorCode)
 127:Generated_Source\PSoC4/cyfitter_cfg.c **** {
 128:Generated_Source\PSoC4/cyfitter_cfg.c ****     /* To remove the compiler warning if errorCode not used.                */
 129:Generated_Source\PSoC4/cyfitter_cfg.c ****     errorCode = errorCode;
 130:Generated_Source\PSoC4/cyfitter_cfg.c **** 
 131:Generated_Source\PSoC4/cyfitter_cfg.c ****     /* If we have a clock startup error (bad MHz crystal, PLL lock, etc.),  */
 132:Generated_Source\PSoC4/cyfitter_cfg.c ****     /* we will end up here to allow the customer to implement something to  */
 133:Generated_Source\PSoC4/cyfitter_cfg.c ****     /* deal with the clock condition.                                       */
 134:Generated_Source\PSoC4/cyfitter_cfg.c **** 
 135:Generated_Source\PSoC4/cyfitter_cfg.c **** #ifdef CY_CFG_CLOCK_STARTUP_ERROR_CALLBACK
 136:Generated_Source\PSoC4/cyfitter_cfg.c ****     CY_CFG_Clock_Startup_ErrorCallback();
 137:Generated_Source\PSoC4/cyfitter_cfg.c **** #else
 138:Generated_Source\PSoC4/cyfitter_cfg.c ****     /*  If not using CY_CFG_CLOCK_STARTUP_ERROR_CALLBACK, place your clock startup code here. */
 139:Generated_Source\PSoC4/cyfitter_cfg.c ****     /* `#START CyClockStartupError` */
 140:Generated_Source\PSoC4/cyfitter_cfg.c **** 
 141:Generated_Source\PSoC4/cyfitter_cfg.c **** 
 142:Generated_Source\PSoC4/cyfitter_cfg.c **** 
 143:Generated_Source\PSoC4/cyfitter_cfg.c ****     /* `#END` */
 144:Generated_Source\PSoC4/cyfitter_cfg.c **** 
 145:Generated_Source\PSoC4/cyfitter_cfg.c ****     while(1) {}
ARM GAS  C:\Users\Admin\AppData\Local\Temp\ccDHJoG6.s 			page 4


 146:Generated_Source\PSoC4/cyfitter_cfg.c **** #endif /* CY_CFG_CLOCK_STARTUP_ERROR_CALLBACK */
 147:Generated_Source\PSoC4/cyfitter_cfg.c **** }
 148:Generated_Source\PSoC4/cyfitter_cfg.c **** #endif
 149:Generated_Source\PSoC4/cyfitter_cfg.c **** 
 150:Generated_Source\PSoC4/cyfitter_cfg.c **** #define CY_CFG_BASE_ADDR_COUNT 4u
 151:Generated_Source\PSoC4/cyfitter_cfg.c **** CYPACKED typedef struct
 152:Generated_Source\PSoC4/cyfitter_cfg.c **** {
 153:Generated_Source\PSoC4/cyfitter_cfg.c **** 	uint8 offset;
 154:Generated_Source\PSoC4/cyfitter_cfg.c **** 	uint8 value;
 155:Generated_Source\PSoC4/cyfitter_cfg.c **** } CYPACKED_ATTR cy_cfg_addrvalue_t;
 156:Generated_Source\PSoC4/cyfitter_cfg.c **** 
 157:Generated_Source\PSoC4/cyfitter_cfg.c **** 
 158:Generated_Source\PSoC4/cyfitter_cfg.c **** 
 159:Generated_Source\PSoC4/cyfitter_cfg.c **** /*******************************************************************************
 160:Generated_Source\PSoC4/cyfitter_cfg.c **** * Function Name: cfg_write_bytes32
 161:Generated_Source\PSoC4/cyfitter_cfg.c **** ********************************************************************************
 162:Generated_Source\PSoC4/cyfitter_cfg.c **** * Summary:
 163:Generated_Source\PSoC4/cyfitter_cfg.c **** *  This function is used for setting up the chip configuration areas that
 164:Generated_Source\PSoC4/cyfitter_cfg.c **** *  contain relatively sparse data.
 165:Generated_Source\PSoC4/cyfitter_cfg.c **** *
 166:Generated_Source\PSoC4/cyfitter_cfg.c **** * Parameters:
 167:Generated_Source\PSoC4/cyfitter_cfg.c **** *   void
 168:Generated_Source\PSoC4/cyfitter_cfg.c **** *
 169:Generated_Source\PSoC4/cyfitter_cfg.c **** * Return:
 170:Generated_Source\PSoC4/cyfitter_cfg.c **** *   void
 171:Generated_Source\PSoC4/cyfitter_cfg.c **** *
 172:Generated_Source\PSoC4/cyfitter_cfg.c **** *******************************************************************************/
 173:Generated_Source\PSoC4/cyfitter_cfg.c **** static void cfg_write_bytes32(const uint32 addr_table[], const cy_cfg_addrvalue_t data_table[]);
 174:Generated_Source\PSoC4/cyfitter_cfg.c **** static void cfg_write_bytes32(const uint32 addr_table[], const cy_cfg_addrvalue_t data_table[])
 175:Generated_Source\PSoC4/cyfitter_cfg.c **** {
  27              		.loc 1 175 0
  28              		.cfi_startproc
  29              		@ args = 0, pretend = 0, frame = 0
  30              		@ frame_needed = 0, uses_anonymous_args = 0
  31              	.LVL0:
  32 0000 F0B5     		push	{r4, r5, r6, r7, lr}
  33              		.cfi_def_cfa_offset 20
  34              		.cfi_offset 4, -20
  35              		.cfi_offset 5, -16
  36              		.cfi_offset 6, -12
  37              		.cfi_offset 7, -8
  38              		.cfi_offset 14, -4
  39              	.LVL1:
 176:Generated_Source\PSoC4/cyfitter_cfg.c **** 	/* For 32-bit little-endian architectures */
 177:Generated_Source\PSoC4/cyfitter_cfg.c **** 	uint32 i, j = 0u;
  40              		.loc 1 177 0
  41 0002 0025     		movs	r5, #0
 178:Generated_Source\PSoC4/cyfitter_cfg.c **** 	for (i = 0u; i < CY_CFG_BASE_ADDR_COUNT; i++)
  42              		.loc 1 178 0
  43 0004 0027     		movs	r7, #0
  44 0006 11E0     		b	.L2
  45              	.LVL2:
  46              	.L5:
  47              	.LBB2:
 179:Generated_Source\PSoC4/cyfitter_cfg.c **** 	{
 180:Generated_Source\PSoC4/cyfitter_cfg.c **** 		uint32 baseAddr = addr_table[i];
  48              		.loc 1 180 0
ARM GAS  C:\Users\Admin\AppData\Local\Temp\ccDHJoG6.s 			page 5


  49 0008 BB00     		lsls	r3, r7, #2
  50 000a C658     		ldr	r6, [r0, r3]
  51              	.LVL3:
 181:Generated_Source\PSoC4/cyfitter_cfg.c **** 		uint8 count = (uint8)baseAddr;
  52              		.loc 1 181 0
  53 000c F3B2     		uxtb	r3, r6
  54              	.LVL4:
 182:Generated_Source\PSoC4/cyfitter_cfg.c **** 		baseAddr &= 0xFFFFFF00u;
  55              		.loc 1 182 0
  56 000e FF22     		movs	r2, #255
  57 0010 9643     		bics	r6, r2
  58              	.LVL5:
 183:Generated_Source\PSoC4/cyfitter_cfg.c **** 		while (count != 0u)
  59              		.loc 1 183 0
  60 0012 08E0     		b	.L3
  61              	.L4:
 184:Generated_Source\PSoC4/cyfitter_cfg.c **** 		{
 185:Generated_Source\PSoC4/cyfitter_cfg.c **** 			CY_SET_REG8((void *)(baseAddr + data_table[j].offset), data_table[j].value);
  62              		.loc 1 185 0
  63 0014 6A00     		lsls	r2, r5, #1
  64 0016 8A18     		adds	r2, r1, r2
  65 0018 1478     		ldrb	r4, [r2]
  66 001a A419     		adds	r4, r4, r6
  67 001c 5278     		ldrb	r2, [r2, #1]
  68 001e 2270     		strb	r2, [r4]
 186:Generated_Source\PSoC4/cyfitter_cfg.c **** 			j++;
  69              		.loc 1 186 0
  70 0020 0135     		adds	r5, r5, #1
  71              	.LVL6:
 187:Generated_Source\PSoC4/cyfitter_cfg.c **** 			count--;
  72              		.loc 1 187 0
  73 0022 013B     		subs	r3, r3, #1
  74              	.LVL7:
  75 0024 DBB2     		uxtb	r3, r3
  76              	.LVL8:
  77              	.L3:
 183:Generated_Source\PSoC4/cyfitter_cfg.c **** 		{
  78              		.loc 1 183 0
  79 0026 002B     		cmp	r3, #0
  80 0028 F4D1     		bne	.L4
  81              	.LBE2:
 178:Generated_Source\PSoC4/cyfitter_cfg.c **** 	{
  82              		.loc 1 178 0 discriminator 2
  83 002a 0137     		adds	r7, r7, #1
  84              	.LVL9:
  85              	.L2:
 178:Generated_Source\PSoC4/cyfitter_cfg.c **** 	{
  86              		.loc 1 178 0 is_stmt 0 discriminator 1
  87 002c 032F     		cmp	r7, #3
  88 002e EBD9     		bls	.L5
 188:Generated_Source\PSoC4/cyfitter_cfg.c **** 		}
 189:Generated_Source\PSoC4/cyfitter_cfg.c **** 	}
 190:Generated_Source\PSoC4/cyfitter_cfg.c **** }
  89              		.loc 1 190 0 is_stmt 1
  90              		@ sp needed
  91              	.LVL10:
  92              	.LVL11:
ARM GAS  C:\Users\Admin\AppData\Local\Temp\ccDHJoG6.s 			page 6


  93 0030 F0BD     		pop	{r4, r5, r6, r7, pc}
  94              		.cfi_endproc
  95              	.LFE5:
  96              		.size	cfg_write_bytes32, .-cfg_write_bytes32
  97 0032 C046     		.section	.text.AnalogSetDefault,"ax",%progbits
  98              		.align	2
  99              		.code	16
 100              		.thumb_func
 101              		.type	AnalogSetDefault, %function
 102              	AnalogSetDefault:
 103              	.LFB7:
 191:Generated_Source\PSoC4/cyfitter_cfg.c **** 
 192:Generated_Source\PSoC4/cyfitter_cfg.c **** 
 193:Generated_Source\PSoC4/cyfitter_cfg.c **** /*******************************************************************************
 194:Generated_Source\PSoC4/cyfitter_cfg.c **** * Function Name: ClockSetup
 195:Generated_Source\PSoC4/cyfitter_cfg.c **** ********************************************************************************
 196:Generated_Source\PSoC4/cyfitter_cfg.c **** *
 197:Generated_Source\PSoC4/cyfitter_cfg.c **** * Summary:
 198:Generated_Source\PSoC4/cyfitter_cfg.c **** *   Performs the initialization of all of the clocks in the device based on the
 199:Generated_Source\PSoC4/cyfitter_cfg.c **** *   settings in the Clock tab of the DWR.  This includes enabling the requested
 200:Generated_Source\PSoC4/cyfitter_cfg.c **** *   clocks and setting the necessary dividers to produce the desired frequency. 
 201:Generated_Source\PSoC4/cyfitter_cfg.c **** *
 202:Generated_Source\PSoC4/cyfitter_cfg.c **** * Parameters:
 203:Generated_Source\PSoC4/cyfitter_cfg.c **** *   void
 204:Generated_Source\PSoC4/cyfitter_cfg.c **** *
 205:Generated_Source\PSoC4/cyfitter_cfg.c **** * Return:
 206:Generated_Source\PSoC4/cyfitter_cfg.c **** *   void
 207:Generated_Source\PSoC4/cyfitter_cfg.c **** *
 208:Generated_Source\PSoC4/cyfitter_cfg.c **** *******************************************************************************/
 209:Generated_Source\PSoC4/cyfitter_cfg.c **** static void ClockSetup(void);
 210:Generated_Source\PSoC4/cyfitter_cfg.c **** CY_CFG_SECTION
 211:Generated_Source\PSoC4/cyfitter_cfg.c **** static void ClockSetup(void)
 212:Generated_Source\PSoC4/cyfitter_cfg.c **** {
 213:Generated_Source\PSoC4/cyfitter_cfg.c **** 
 214:Generated_Source\PSoC4/cyfitter_cfg.c **** 	/* Set Flash Cycles based on max possible frequency in case a glitch occurs during ClockSetup(). *
 215:Generated_Source\PSoC4/cyfitter_cfg.c **** 	CY_SET_REG32((void CYXDATA *)(CYREG_CPUSS_FLASH_CTL), (0x0012u));
 216:Generated_Source\PSoC4/cyfitter_cfg.c **** 
 217:Generated_Source\PSoC4/cyfitter_cfg.c **** 	/* Start the WCO */
 218:Generated_Source\PSoC4/cyfitter_cfg.c **** 	CySysClkWcoStart();
 219:Generated_Source\PSoC4/cyfitter_cfg.c **** 	(void)CySysClkWcoSetPowerMode(CY_SYS_CLK_WCO_LPM);    /* Switch to the low power mode */
 220:Generated_Source\PSoC4/cyfitter_cfg.c **** 
 221:Generated_Source\PSoC4/cyfitter_cfg.c **** 	/* Setup and trim IMO based on desired frequency. */
 222:Generated_Source\PSoC4/cyfitter_cfg.c **** 	CySysClkWriteImoFreq(24u);
 223:Generated_Source\PSoC4/cyfitter_cfg.c **** 	/* CYDEV_CLK_ILO_CONFIG Starting address: CYDEV_CLK_ILO_CONFIG */
 224:Generated_Source\PSoC4/cyfitter_cfg.c **** 	CY_SET_REG32((void *)(CYREG_CLK_ILO_CONFIG), 0x80000006u);
 225:Generated_Source\PSoC4/cyfitter_cfg.c **** 
 226:Generated_Source\PSoC4/cyfitter_cfg.c **** 
 227:Generated_Source\PSoC4/cyfitter_cfg.c **** 	/* Enable fast start mode for XO */
 228:Generated_Source\PSoC4/cyfitter_cfg.c **** 	CY_SET_REG32((void*)CYREG_BLE_BLERD_BB_XO, CY_GET_REG32((void*)CYREG_BLE_BLERD_BB_XO) | (uint32)0x
 229:Generated_Source\PSoC4/cyfitter_cfg.c **** 	CY_SET_REG32((void *)(CYREG_BLE_BLERD_BB_XO_CAPTRIM), 0x00003E2Du);
 230:Generated_Source\PSoC4/cyfitter_cfg.c **** 	/*Set XTAL(ECO) divider*/
 231:Generated_Source\PSoC4/cyfitter_cfg.c **** 	CY_SET_REG32((void *)(CYREG_BLE_BLESS_XTAL_CLK_DIV_CONFIG), 0x00000000u);
 232:Generated_Source\PSoC4/cyfitter_cfg.c **** 	/* Disable Crystal Stable Interrupt before enabling ECO */
 233:Generated_Source\PSoC4/cyfitter_cfg.c **** 	CY_SET_REG32((void*)CYREG_BLE_BLESS_LL_DSM_CTRL, CY_GET_REG32((void*)CYREG_BLE_BLESS_LL_DSM_CTRL) 
 234:Generated_Source\PSoC4/cyfitter_cfg.c **** 	/* Start the ECO and do not check status since it is not needed for HFCLK */
 235:Generated_Source\PSoC4/cyfitter_cfg.c **** 	(void)CySysClkEcoStart(2000u);
 236:Generated_Source\PSoC4/cyfitter_cfg.c **** 	CyDelayUs(1500u); /* Wait to stabilize */
ARM GAS  C:\Users\Admin\AppData\Local\Temp\ccDHJoG6.s 			page 7


 237:Generated_Source\PSoC4/cyfitter_cfg.c **** 
 238:Generated_Source\PSoC4/cyfitter_cfg.c **** 	/* Setup phase aligned clocks */
 239:Generated_Source\PSoC4/cyfitter_cfg.c **** 	CY_SET_REG32((void *)CYREG_PERI_DIV_16_5_CTL0, 0x005DBF00u);
 240:Generated_Source\PSoC4/cyfitter_cfg.c **** 	CY_SET_REG32((void *)CYREG_PERI_DIV_CMD, 0x8000FF80u);
 241:Generated_Source\PSoC4/cyfitter_cfg.c **** 
 242:Generated_Source\PSoC4/cyfitter_cfg.c **** 	/* CYDEV_CLK_IMO_CONFIG Starting address: CYDEV_CLK_IMO_CONFIG */
 243:Generated_Source\PSoC4/cyfitter_cfg.c **** 	CY_SET_REG32((void *)(CYREG_CLK_IMO_CONFIG), 0x80000000u);
 244:Generated_Source\PSoC4/cyfitter_cfg.c **** 
 245:Generated_Source\PSoC4/cyfitter_cfg.c **** 	/* CYDEV_CLK_SELECT Starting address: CYDEV_CLK_SELECT */
 246:Generated_Source\PSoC4/cyfitter_cfg.c **** 	CY_SET_REG32((void *)(CYREG_CLK_SELECT), 0x00380000u);
 247:Generated_Source\PSoC4/cyfitter_cfg.c **** 
 248:Generated_Source\PSoC4/cyfitter_cfg.c **** 	/* CYDEV_PERI_PCLK_CTL11 Starting address: CYDEV_PERI_PCLK_CTL11 */
 249:Generated_Source\PSoC4/cyfitter_cfg.c **** 	CY_SET_REG32((void *)(CYREG_PERI_PCLK_CTL11), 0x00000080u);
 250:Generated_Source\PSoC4/cyfitter_cfg.c **** 
 251:Generated_Source\PSoC4/cyfitter_cfg.c **** 	(void)CyIntSetVector(8u, &CySysWdtIsr);
 252:Generated_Source\PSoC4/cyfitter_cfg.c **** 	CyIntEnable(8u);
 253:Generated_Source\PSoC4/cyfitter_cfg.c **** 	CY_SET_REG32((void *)(CYREG_WDT_CONFIG), 0x00000000u);
 254:Generated_Source\PSoC4/cyfitter_cfg.c **** 	/* Set Flash Cycles based on newly configured 24.00MHz HFCLK. */
 255:Generated_Source\PSoC4/cyfitter_cfg.c **** 	CY_SET_REG32((void CYXDATA *)(CYREG_CPUSS_FLASH_CTL), (0x0011u));
 256:Generated_Source\PSoC4/cyfitter_cfg.c **** }
 257:Generated_Source\PSoC4/cyfitter_cfg.c **** 
 258:Generated_Source\PSoC4/cyfitter_cfg.c **** 
 259:Generated_Source\PSoC4/cyfitter_cfg.c **** /* Analog API Functions */
 260:Generated_Source\PSoC4/cyfitter_cfg.c **** 
 261:Generated_Source\PSoC4/cyfitter_cfg.c **** 
 262:Generated_Source\PSoC4/cyfitter_cfg.c **** /*******************************************************************************
 263:Generated_Source\PSoC4/cyfitter_cfg.c **** * Function Name: AnalogSetDefault
 264:Generated_Source\PSoC4/cyfitter_cfg.c **** ********************************************************************************
 265:Generated_Source\PSoC4/cyfitter_cfg.c **** *
 266:Generated_Source\PSoC4/cyfitter_cfg.c **** * Summary:
 267:Generated_Source\PSoC4/cyfitter_cfg.c **** *  Sets up the analog portions of the chip to default values based on chip
 268:Generated_Source\PSoC4/cyfitter_cfg.c **** *  configuration options from the project.
 269:Generated_Source\PSoC4/cyfitter_cfg.c **** *
 270:Generated_Source\PSoC4/cyfitter_cfg.c **** * Parameters:
 271:Generated_Source\PSoC4/cyfitter_cfg.c **** *  void
 272:Generated_Source\PSoC4/cyfitter_cfg.c **** *
 273:Generated_Source\PSoC4/cyfitter_cfg.c **** * Return:
 274:Generated_Source\PSoC4/cyfitter_cfg.c **** *  void
 275:Generated_Source\PSoC4/cyfitter_cfg.c **** *
 276:Generated_Source\PSoC4/cyfitter_cfg.c **** *******************************************************************************/
 277:Generated_Source\PSoC4/cyfitter_cfg.c **** static void AnalogSetDefault(void);
 278:Generated_Source\PSoC4/cyfitter_cfg.c **** static void AnalogSetDefault(void)
 279:Generated_Source\PSoC4/cyfitter_cfg.c **** {
 104              		.loc 1 279 0
 105              		.cfi_startproc
 106              		@ args = 0, pretend = 0, frame = 0
 107              		@ frame_needed = 0, uses_anonymous_args = 0
 108              		@ link register save eliminated.
 280:Generated_Source\PSoC4/cyfitter_cfg.c **** 	CY_SET_XTND_REG32((void CYFAR *)CYREG_CTBM0_DFT_CTRL, 0x00000003u);
 109              		.loc 1 280 0
 110 0000 0323     		movs	r3, #3
 111 0002 044A     		ldr	r2, .L7
 112 0004 1360     		str	r3, [r2]
 281:Generated_Source\PSoC4/cyfitter_cfg.c **** 	CY_SET_XTND_REG32((void CYFAR *)CYREG_CTBM1_DFT_CTRL, 0x00000003u);
 113              		.loc 1 281 0
 114 0006 044A     		ldr	r2, .L7+4
 115 0008 1360     		str	r3, [r2]
ARM GAS  C:\Users\Admin\AppData\Local\Temp\ccDHJoG6.s 			page 8


 282:Generated_Source\PSoC4/cyfitter_cfg.c **** 	CY_SET_XTND_REG32((void CYFAR *)CYREG_PASS_DSAB_DSAB_CTRL, 0x00000000u);
 116              		.loc 1 282 0
 117 000a 0022     		movs	r2, #0
 118 000c 034B     		ldr	r3, .L7+8
 119 000e 1A60     		str	r2, [r3]
 283:Generated_Source\PSoC4/cyfitter_cfg.c **** }
 120              		.loc 1 283 0
 121              		@ sp needed
 122 0010 7047     		bx	lr
 123              	.L8:
 124 0012 C046     		.align	2
 125              	.L7:
 126 0014 30003040 		.word	1076887600
 127 0018 30003140 		.word	1076953136
 128 001c 000E3F40 		.word	1077874176
 129              		.cfi_endproc
 130              	.LFE7:
 131              		.size	AnalogSetDefault, .-AnalogSetDefault
 132              		.section	.text.CYMEMZERO,"ax",%progbits
 133              		.align	2
 134              		.code	16
 135              		.thumb_func
 136              		.type	CYMEMZERO, %function
 137              	CYMEMZERO:
 138              	.LFB2:
  77:Generated_Source\PSoC4/cyfitter_cfg.c **** 	(void)memset(s, 0, n);
 139              		.loc 1 77 0
 140              		.cfi_startproc
 141              		@ args = 0, pretend = 0, frame = 0
 142              		@ frame_needed = 0, uses_anonymous_args = 0
 143              	.LVL12:
 144 0000 10B5     		push	{r4, lr}
 145              		.cfi_def_cfa_offset 8
 146              		.cfi_offset 4, -8
 147              		.cfi_offset 14, -4
 148 0002 0A00     		movs	r2, r1
  78:Generated_Source\PSoC4/cyfitter_cfg.c **** }
 149              		.loc 1 78 0
 150 0004 0021     		movs	r1, #0
 151              	.LVL13:
 152 0006 FFF7FEFF 		bl	memset
 153              	.LVL14:
  79:Generated_Source\PSoC4/cyfitter_cfg.c **** CY_CFG_UNUSED
 154              		.loc 1 79 0
 155              		@ sp needed
 156 000a 10BD     		pop	{r4, pc}
 157              		.cfi_endproc
 158              	.LFE2:
 159              		.size	CYMEMZERO, .-CYMEMZERO
 160              		.section	.psocinit,"ax",%progbits
 161              		.align	2
 162              		.code	16
 163              		.thumb_func
 164              		.type	ClockSetup, %function
 165              	ClockSetup:
 166              	.LFB6:
 212:Generated_Source\PSoC4/cyfitter_cfg.c **** 
ARM GAS  C:\Users\Admin\AppData\Local\Temp\ccDHJoG6.s 			page 9


 167              		.loc 1 212 0
 168              		.cfi_startproc
 169              		@ args = 0, pretend = 0, frame = 0
 170              		@ frame_needed = 0, uses_anonymous_args = 0
 171 0000 70B5     		push	{r4, r5, r6, lr}
 172              		.cfi_def_cfa_offset 16
 173              		.cfi_offset 4, -16
 174              		.cfi_offset 5, -12
 175              		.cfi_offset 6, -8
 176              		.cfi_offset 14, -4
 215:Generated_Source\PSoC4/cyfitter_cfg.c **** 
 177              		.loc 1 215 0
 178 0002 214C     		ldr	r4, .L11
 179 0004 1223     		movs	r3, #18
 180 0006 2360     		str	r3, [r4]
 218:Generated_Source\PSoC4/cyfitter_cfg.c **** 	(void)CySysClkWcoSetPowerMode(CY_SYS_CLK_WCO_LPM);    /* Switch to the low power mode */
 181              		.loc 1 218 0
 182 0008 FFF7FEFF 		bl	CySysClkWcoStart
 183              	.LVL15:
 219:Generated_Source\PSoC4/cyfitter_cfg.c **** 
 184              		.loc 1 219 0
 185 000c 0120     		movs	r0, #1
 186 000e FFF7FEFF 		bl	CySysClkWcoSetPowerMode
 187              	.LVL16:
 222:Generated_Source\PSoC4/cyfitter_cfg.c **** 	/* CYDEV_CLK_ILO_CONFIG Starting address: CYDEV_CLK_ILO_CONFIG */
 188              		.loc 1 222 0
 189 0012 1820     		movs	r0, #24
 190 0014 FFF7FEFF 		bl	CySysClkWriteImoFreq
 191              	.LVL17:
 224:Generated_Source\PSoC4/cyfitter_cfg.c **** 
 192              		.loc 1 224 0
 193 0018 1C4A     		ldr	r2, .L11+4
 194 001a 1D4B     		ldr	r3, .L11+8
 195 001c 1A60     		str	r2, [r3]
 228:Generated_Source\PSoC4/cyfitter_cfg.c **** 	CY_SET_REG32((void *)(CYREG_BLE_BLERD_BB_XO_CAPTRIM), 0x00003E2Du);
 196              		.loc 1 228 0
 197 001e 1D4A     		ldr	r2, .L11+12
 198 0020 1168     		ldr	r1, [r2]
 199 0022 0223     		movs	r3, #2
 200 0024 0B43     		orrs	r3, r1
 201 0026 1360     		str	r3, [r2]
 229:Generated_Source\PSoC4/cyfitter_cfg.c **** 	/*Set XTAL(ECO) divider*/
 202              		.loc 1 229 0
 203 0028 1B4A     		ldr	r2, .L11+16
 204 002a 1C4B     		ldr	r3, .L11+20
 205 002c 1A60     		str	r2, [r3]
 231:Generated_Source\PSoC4/cyfitter_cfg.c **** 	/* Disable Crystal Stable Interrupt before enabling ECO */
 206              		.loc 1 231 0
 207 002e 0025     		movs	r5, #0
 208 0030 1B4B     		ldr	r3, .L11+24
 209 0032 1D60     		str	r5, [r3]
 233:Generated_Source\PSoC4/cyfitter_cfg.c **** 	/* Start the ECO and do not check status since it is not needed for HFCLK */
 210              		.loc 1 233 0
 211 0034 1B4A     		ldr	r2, .L11+28
 212 0036 1368     		ldr	r3, [r2]
 213 0038 0821     		movs	r1, #8
 214 003a 8B43     		bics	r3, r1
ARM GAS  C:\Users\Admin\AppData\Local\Temp\ccDHJoG6.s 			page 10


 215 003c 1360     		str	r3, [r2]
 235:Generated_Source\PSoC4/cyfitter_cfg.c **** 	CyDelayUs(1500u); /* Wait to stabilize */
 216              		.loc 1 235 0
 217 003e FA20     		movs	r0, #250
 218 0040 C000     		lsls	r0, r0, #3
 219 0042 FFF7FEFF 		bl	CySysClkEcoStart
 220              	.LVL18:
 236:Generated_Source\PSoC4/cyfitter_cfg.c **** 
 221              		.loc 1 236 0
 222 0046 1848     		ldr	r0, .L11+32
 223 0048 FFF7FEFF 		bl	CyDelayUs
 224              	.LVL19:
 239:Generated_Source\PSoC4/cyfitter_cfg.c **** 	CY_SET_REG32((void *)CYREG_PERI_DIV_CMD, 0x8000FF80u);
 225              		.loc 1 239 0
 226 004c 174A     		ldr	r2, .L11+36
 227 004e 184B     		ldr	r3, .L11+40
 228 0050 1A60     		str	r2, [r3]
 240:Generated_Source\PSoC4/cyfitter_cfg.c **** 
 229              		.loc 1 240 0
 230 0052 184A     		ldr	r2, .L11+44
 231 0054 184B     		ldr	r3, .L11+48
 232 0056 1A60     		str	r2, [r3]
 243:Generated_Source\PSoC4/cyfitter_cfg.c **** 
 233              		.loc 1 243 0
 234 0058 8022     		movs	r2, #128
 235 005a 1206     		lsls	r2, r2, #24
 236 005c 174B     		ldr	r3, .L11+52
 237 005e 1A60     		str	r2, [r3]
 246:Generated_Source\PSoC4/cyfitter_cfg.c **** 
 238              		.loc 1 246 0
 239 0060 E022     		movs	r2, #224
 240 0062 9203     		lsls	r2, r2, #14
 241 0064 164B     		ldr	r3, .L11+56
 242 0066 1A60     		str	r2, [r3]
 249:Generated_Source\PSoC4/cyfitter_cfg.c **** 
 243              		.loc 1 249 0
 244 0068 8022     		movs	r2, #128
 245 006a 164B     		ldr	r3, .L11+60
 246 006c 1A60     		str	r2, [r3]
 251:Generated_Source\PSoC4/cyfitter_cfg.c **** 	CyIntEnable(8u);
 247              		.loc 1 251 0
 248 006e 1649     		ldr	r1, .L11+64
 249 0070 0820     		movs	r0, #8
 250 0072 FFF7FEFF 		bl	CyIntSetVector
 251              	.LVL20:
 252:Generated_Source\PSoC4/cyfitter_cfg.c **** 	CY_SET_REG32((void *)(CYREG_WDT_CONFIG), 0x00000000u);
 252              		.loc 1 252 0
 253 0076 0820     		movs	r0, #8
 254 0078 FFF7FEFF 		bl	CyIntEnable
 255              	.LVL21:
 253:Generated_Source\PSoC4/cyfitter_cfg.c **** 	/* Set Flash Cycles based on newly configured 24.00MHz HFCLK. */
 256              		.loc 1 253 0
 257 007c 134B     		ldr	r3, .L11+68
 258 007e 1D60     		str	r5, [r3]
 255:Generated_Source\PSoC4/cyfitter_cfg.c **** }
 259              		.loc 1 255 0
 260 0080 1123     		movs	r3, #17
ARM GAS  C:\Users\Admin\AppData\Local\Temp\ccDHJoG6.s 			page 11


 261 0082 2360     		str	r3, [r4]
 256:Generated_Source\PSoC4/cyfitter_cfg.c **** 
 262              		.loc 1 256 0
 263              		@ sp needed
 264 0084 70BD     		pop	{r4, r5, r6, pc}
 265              	.L12:
 266 0086 C046     		.align	2
 267              	.L11:
 268 0088 30001040 		.word	1074790448
 269 008c 06000080 		.word	-2147483642
 270 0090 04010B40 		.word	1074462980
 271 0094 78002E40 		.word	1076756600
 272 0098 2D3E0000 		.word	15917
 273 009c 7C002E40 		.word	1076756604
 274 00a0 64F02E40 		.word	1076818020
 275 00a4 6CF02E40 		.word	1076818028
 276 00a8 DC050000 		.word	1500
 277 00ac 00BF5D00 		.word	6143744
 278 00b0 00040140 		.word	1073808384
 279 00b4 80FF0080 		.word	-2147418240
 280 00b8 00000140 		.word	1073807360
 281 00bc 08010B40 		.word	1074462984
 282 00c0 00010B40 		.word	1074462976
 283 00c4 2C010140 		.word	1073807660
 284 00c8 00000000 		.word	CySysWdtIsr
 285 00cc 0C020B40 		.word	1074463244
 286              		.cfi_endproc
 287              	.LFE6:
 288              		.size	ClockSetup, .-ClockSetup
 289              		.align	2
 290              		.global	cyfitter_cfg
 291              		.code	16
 292              		.thumb_func
 293              		.type	cyfitter_cfg, %function
 294              	cyfitter_cfg:
 295              	.LFB8:
 284:Generated_Source\PSoC4/cyfitter_cfg.c **** 
 285:Generated_Source\PSoC4/cyfitter_cfg.c **** 
 286:Generated_Source\PSoC4/cyfitter_cfg.c **** 
 287:Generated_Source\PSoC4/cyfitter_cfg.c **** 
 288:Generated_Source\PSoC4/cyfitter_cfg.c **** /*******************************************************************************
 289:Generated_Source\PSoC4/cyfitter_cfg.c **** * Function Name: cyfitter_cfg
 290:Generated_Source\PSoC4/cyfitter_cfg.c **** ********************************************************************************
 291:Generated_Source\PSoC4/cyfitter_cfg.c **** * Summary:
 292:Generated_Source\PSoC4/cyfitter_cfg.c **** *  This function is called by the start-up code for the selected device. It
 293:Generated_Source\PSoC4/cyfitter_cfg.c **** *  performs all of the necessary device configuration based on the design
 294:Generated_Source\PSoC4/cyfitter_cfg.c **** *  settings.  This includes settings from the Design Wide Resources (DWR) such
 295:Generated_Source\PSoC4/cyfitter_cfg.c **** *  as Clocks and Pins as well as any component configuration that is necessary.
 296:Generated_Source\PSoC4/cyfitter_cfg.c **** *
 297:Generated_Source\PSoC4/cyfitter_cfg.c **** * Parameters:
 298:Generated_Source\PSoC4/cyfitter_cfg.c **** *   void
 299:Generated_Source\PSoC4/cyfitter_cfg.c **** *
 300:Generated_Source\PSoC4/cyfitter_cfg.c **** * Return:
 301:Generated_Source\PSoC4/cyfitter_cfg.c **** *   void
 302:Generated_Source\PSoC4/cyfitter_cfg.c **** *
 303:Generated_Source\PSoC4/cyfitter_cfg.c **** *******************************************************************************/
 304:Generated_Source\PSoC4/cyfitter_cfg.c **** CY_CFG_SECTION
ARM GAS  C:\Users\Admin\AppData\Local\Temp\ccDHJoG6.s 			page 12


 305:Generated_Source\PSoC4/cyfitter_cfg.c **** void cyfitter_cfg(void)
 306:Generated_Source\PSoC4/cyfitter_cfg.c **** {
 296              		.loc 1 306 0
 297              		.cfi_startproc
 298              		@ args = 0, pretend = 0, frame = 0
 299              		@ frame_needed = 0, uses_anonymous_args = 0
 300 00d0 10B5     		push	{r4, lr}
 301              		.cfi_def_cfa_offset 8
 302              		.cfi_offset 4, -8
 303              		.cfi_offset 14, -4
 307:Generated_Source\PSoC4/cyfitter_cfg.c **** 	/* Disable interrupts by default. Let user enable if/when they want. */
 308:Generated_Source\PSoC4/cyfitter_cfg.c **** 	CyGlobalIntDisable;
 304              		.loc 1 308 0
 305              		.syntax divided
 306              	@ 308 "Generated_Source\PSoC4\cyfitter_cfg.c" 1
 307 00d2 72B6     		CPSID   i
 308              	@ 0 "" 2
 309:Generated_Source\PSoC4/cyfitter_cfg.c **** 
 310:Generated_Source\PSoC4/cyfitter_cfg.c **** 	CY_SET_REG32((void *)(CYREG_BLE_BLESS_LL_DSM_CTRL), 0x00000000u);
 309              		.loc 1 310 0
 310              		.thumb
 311              		.syntax unified
 312 00d4 0022     		movs	r2, #0
 313 00d6 274B     		ldr	r3, .L16
 314 00d8 1A60     		str	r2, [r3]
 315              	.LVL22:
 316              	.LBB3:
 311:Generated_Source\PSoC4/cyfitter_cfg.c **** 
 312:Generated_Source\PSoC4/cyfitter_cfg.c **** 	{
 313:Generated_Source\PSoC4/cyfitter_cfg.c **** 		static const uint32 CYCODE cy_cfg_addr_table[] = {
 314:Generated_Source\PSoC4/cyfitter_cfg.c **** 			0x400F323Fu, /* Base address: 0x400F3200 Count: 63 */
 315:Generated_Source\PSoC4/cyfitter_cfg.c **** 			0x400F331Du, /* Base address: 0x400F3300 Count: 29 */
 316:Generated_Source\PSoC4/cyfitter_cfg.c **** 			0x400F4306u, /* Base address: 0x400F4300 Count: 6 */
 317:Generated_Source\PSoC4/cyfitter_cfg.c **** 			0x400F6002u, /* Base address: 0x400F6000 Count: 2 */
 318:Generated_Source\PSoC4/cyfitter_cfg.c **** 		};
 319:Generated_Source\PSoC4/cyfitter_cfg.c **** 
 320:Generated_Source\PSoC4/cyfitter_cfg.c **** 		static const cy_cfg_addrvalue_t CYCODE cy_cfg_data_table[] = {
 321:Generated_Source\PSoC4/cyfitter_cfg.c **** 			{0x00u, 0x0Au},
 322:Generated_Source\PSoC4/cyfitter_cfg.c **** 			{0x01u, 0x21u},
 323:Generated_Source\PSoC4/cyfitter_cfg.c **** 			{0x02u, 0x34u},
 324:Generated_Source\PSoC4/cyfitter_cfg.c **** 			{0x03u, 0x0Eu},
 325:Generated_Source\PSoC4/cyfitter_cfg.c **** 			{0x04u, 0x01u},
 326:Generated_Source\PSoC4/cyfitter_cfg.c **** 			{0x06u, 0x5Cu},
 327:Generated_Source\PSoC4/cyfitter_cfg.c **** 			{0x08u, 0x04u},
 328:Generated_Source\PSoC4/cyfitter_cfg.c **** 			{0x09u, 0x40u},
 329:Generated_Source\PSoC4/cyfitter_cfg.c **** 			{0x0Au, 0x3Au},
 330:Generated_Source\PSoC4/cyfitter_cfg.c **** 			{0x0Bu, 0x0Fu},
 331:Generated_Source\PSoC4/cyfitter_cfg.c **** 			{0x0Du, 0x80u},
 332:Generated_Source\PSoC4/cyfitter_cfg.c **** 			{0x0Eu, 0x3Eu},
 333:Generated_Source\PSoC4/cyfitter_cfg.c **** 			{0x0Fu, 0x0Fu},
 334:Generated_Source\PSoC4/cyfitter_cfg.c **** 			{0x11u, 0x21u},
 335:Generated_Source\PSoC4/cyfitter_cfg.c **** 			{0x12u, 0x40u},
 336:Generated_Source\PSoC4/cyfitter_cfg.c **** 			{0x13u, 0x0Eu},
 337:Generated_Source\PSoC4/cyfitter_cfg.c **** 			{0x16u, 0x2Eu},
 338:Generated_Source\PSoC4/cyfitter_cfg.c **** 			{0x17u, 0x21u},
 339:Generated_Source\PSoC4/cyfitter_cfg.c **** 			{0x18u, 0x03u},
 340:Generated_Source\PSoC4/cyfitter_cfg.c **** 			{0x1Au, 0x04u},
ARM GAS  C:\Users\Admin\AppData\Local\Temp\ccDHJoG6.s 			page 13


 341:Generated_Source\PSoC4/cyfitter_cfg.c **** 			{0x1Bu, 0x29u},
 342:Generated_Source\PSoC4/cyfitter_cfg.c **** 			{0x1Cu, 0x04u},
 343:Generated_Source\PSoC4/cyfitter_cfg.c **** 			{0x1Eu, 0x0Au},
 344:Generated_Source\PSoC4/cyfitter_cfg.c **** 			{0x1Fu, 0x2Du},
 345:Generated_Source\PSoC4/cyfitter_cfg.c **** 			{0x20u, 0x0Eu},
 346:Generated_Source\PSoC4/cyfitter_cfg.c **** 			{0x22u, 0x30u},
 347:Generated_Source\PSoC4/cyfitter_cfg.c **** 			{0x23u, 0x21u},
 348:Generated_Source\PSoC4/cyfitter_cfg.c **** 			{0x25u, 0x10u},
 349:Generated_Source\PSoC4/cyfitter_cfg.c **** 			{0x26u, 0x2Eu},
 350:Generated_Source\PSoC4/cyfitter_cfg.c **** 			{0x27u, 0x0Fu},
 351:Generated_Source\PSoC4/cyfitter_cfg.c **** 			{0x2Au, 0x2Eu},
 352:Generated_Source\PSoC4/cyfitter_cfg.c **** 			{0x2Bu, 0x2Fu},
 353:Generated_Source\PSoC4/cyfitter_cfg.c **** 			{0x2Eu, 0x2Eu},
 354:Generated_Source\PSoC4/cyfitter_cfg.c **** 			{0x30u, 0x20u},
 355:Generated_Source\PSoC4/cyfitter_cfg.c **** 			{0x31u, 0x03u},
 356:Generated_Source\PSoC4/cyfitter_cfg.c **** 			{0x32u, 0x18u},
 357:Generated_Source\PSoC4/cyfitter_cfg.c **** 			{0x33u, 0x05u},
 358:Generated_Source\PSoC4/cyfitter_cfg.c **** 			{0x34u, 0x07u},
 359:Generated_Source\PSoC4/cyfitter_cfg.c **** 			{0x35u, 0x09u},
 360:Generated_Source\PSoC4/cyfitter_cfg.c **** 			{0x36u, 0x48u},
 361:Generated_Source\PSoC4/cyfitter_cfg.c **** 			{0x37u, 0xF0u},
 362:Generated_Source\PSoC4/cyfitter_cfg.c **** 			{0x3Au, 0xA8u},
 363:Generated_Source\PSoC4/cyfitter_cfg.c **** 			{0x3Bu, 0xEAu},
 364:Generated_Source\PSoC4/cyfitter_cfg.c **** 			{0x3Eu, 0x01u},
 365:Generated_Source\PSoC4/cyfitter_cfg.c **** 			{0x58u, 0x04u},
 366:Generated_Source\PSoC4/cyfitter_cfg.c **** 			{0x59u, 0x04u},
 367:Generated_Source\PSoC4/cyfitter_cfg.c **** 			{0x5Fu, 0x01u},
 368:Generated_Source\PSoC4/cyfitter_cfg.c **** 			{0x86u, 0x07u},
 369:Generated_Source\PSoC4/cyfitter_cfg.c **** 			{0x8Au, 0x01u},
 370:Generated_Source\PSoC4/cyfitter_cfg.c **** 			{0x9Du, 0x01u},
 371:Generated_Source\PSoC4/cyfitter_cfg.c **** 			{0x9Eu, 0x03u},
 372:Generated_Source\PSoC4/cyfitter_cfg.c **** 			{0xA2u, 0x01u},
 373:Generated_Source\PSoC4/cyfitter_cfg.c **** 			{0xB0u, 0x01u},
 374:Generated_Source\PSoC4/cyfitter_cfg.c **** 			{0xB4u, 0x02u},
 375:Generated_Source\PSoC4/cyfitter_cfg.c **** 			{0xB5u, 0x01u},
 376:Generated_Source\PSoC4/cyfitter_cfg.c **** 			{0xB6u, 0x04u},
 377:Generated_Source\PSoC4/cyfitter_cfg.c **** 			{0xB8u, 0x08u},
 378:Generated_Source\PSoC4/cyfitter_cfg.c **** 			{0xBAu, 0xA2u},
 379:Generated_Source\PSoC4/cyfitter_cfg.c **** 			{0xBBu, 0xC0u},
 380:Generated_Source\PSoC4/cyfitter_cfg.c **** 			{0xBFu, 0x10u},
 381:Generated_Source\PSoC4/cyfitter_cfg.c **** 			{0xD8u, 0x04u},
 382:Generated_Source\PSoC4/cyfitter_cfg.c **** 			{0xD9u, 0x09u},
 383:Generated_Source\PSoC4/cyfitter_cfg.c **** 			{0xDFu, 0x01u},
 384:Generated_Source\PSoC4/cyfitter_cfg.c **** 			{0x01u, 0x28u},
 385:Generated_Source\PSoC4/cyfitter_cfg.c **** 			{0x05u, 0x6Au},
 386:Generated_Source\PSoC4/cyfitter_cfg.c **** 			{0x0Au, 0x02u},
 387:Generated_Source\PSoC4/cyfitter_cfg.c **** 			{0x0Eu, 0xAAu},
 388:Generated_Source\PSoC4/cyfitter_cfg.c **** 			{0x13u, 0x02u},
 389:Generated_Source\PSoC4/cyfitter_cfg.c **** 			{0x17u, 0x6Au},
 390:Generated_Source\PSoC4/cyfitter_cfg.c **** 			{0x19u, 0x6Au},
 391:Generated_Source\PSoC4/cyfitter_cfg.c **** 			{0x1Au, 0x02u},
 392:Generated_Source\PSoC4/cyfitter_cfg.c **** 			{0x1Bu, 0x51u},
 393:Generated_Source\PSoC4/cyfitter_cfg.c **** 			{0x1Eu, 0xAAu},
 394:Generated_Source\PSoC4/cyfitter_cfg.c **** 			{0x1Fu, 0x48u},
 395:Generated_Source\PSoC4/cyfitter_cfg.c **** 			{0x22u, 0x90u},
 396:Generated_Source\PSoC4/cyfitter_cfg.c **** 			{0x27u, 0x6Au},
 397:Generated_Source\PSoC4/cyfitter_cfg.c **** 			{0x2Du, 0x08u},
ARM GAS  C:\Users\Admin\AppData\Local\Temp\ccDHJoG6.s 			page 14


 398:Generated_Source\PSoC4/cyfitter_cfg.c **** 			{0x2Fu, 0x48u},
 399:Generated_Source\PSoC4/cyfitter_cfg.c **** 			{0x32u, 0x80u},
 400:Generated_Source\PSoC4/cyfitter_cfg.c **** 			{0x37u, 0x6Au},
 401:Generated_Source\PSoC4/cyfitter_cfg.c **** 			{0x3Fu, 0xA2u},
 402:Generated_Source\PSoC4/cyfitter_cfg.c **** 			{0x7Au, 0x04u},
 403:Generated_Source\PSoC4/cyfitter_cfg.c **** 			{0x82u, 0x10u},
 404:Generated_Source\PSoC4/cyfitter_cfg.c **** 			{0x8Au, 0x80u},
 405:Generated_Source\PSoC4/cyfitter_cfg.c **** 			{0xC0u, 0xF6u},
 406:Generated_Source\PSoC4/cyfitter_cfg.c **** 			{0xC2u, 0xF1u},
 407:Generated_Source\PSoC4/cyfitter_cfg.c **** 			{0xC4u, 0xF8u},
 408:Generated_Source\PSoC4/cyfitter_cfg.c **** 			{0xCAu, 0xE0u},
 409:Generated_Source\PSoC4/cyfitter_cfg.c **** 			{0xCCu, 0xF8u},
 410:Generated_Source\PSoC4/cyfitter_cfg.c **** 			{0xCEu, 0xB0u},
 411:Generated_Source\PSoC4/cyfitter_cfg.c **** 			{0xDEu, 0x04u},
 412:Generated_Source\PSoC4/cyfitter_cfg.c **** 			{0xE4u, 0x04u},
 413:Generated_Source\PSoC4/cyfitter_cfg.c **** 			{0x67u, 0x0Au},
 414:Generated_Source\PSoC4/cyfitter_cfg.c **** 			{0x83u, 0x01u},
 415:Generated_Source\PSoC4/cyfitter_cfg.c **** 			{0x8Bu, 0x04u},
 416:Generated_Source\PSoC4/cyfitter_cfg.c **** 			{0xD6u, 0x01u},
 417:Generated_Source\PSoC4/cyfitter_cfg.c **** 			{0xD8u, 0x01u},
 418:Generated_Source\PSoC4/cyfitter_cfg.c **** 			{0xE0u, 0x01u},
 419:Generated_Source\PSoC4/cyfitter_cfg.c **** 			{0x01u, 0x01u},
 420:Generated_Source\PSoC4/cyfitter_cfg.c **** 			{0x10u, 0x01u},
 421:Generated_Source\PSoC4/cyfitter_cfg.c **** 		};
 422:Generated_Source\PSoC4/cyfitter_cfg.c **** 
 423:Generated_Source\PSoC4/cyfitter_cfg.c **** 
 424:Generated_Source\PSoC4/cyfitter_cfg.c **** 
 425:Generated_Source\PSoC4/cyfitter_cfg.c **** 		CYPACKED typedef struct {
 426:Generated_Source\PSoC4/cyfitter_cfg.c **** 			void CYFAR *address;
 427:Generated_Source\PSoC4/cyfitter_cfg.c **** 			uint16 size;
 428:Generated_Source\PSoC4/cyfitter_cfg.c **** 		} CYPACKED_ATTR cfg_memset_t;
 429:Generated_Source\PSoC4/cyfitter_cfg.c **** 
 430:Generated_Source\PSoC4/cyfitter_cfg.c **** 		static const cfg_memset_t CYCODE cfg_memset_list[] = {
 431:Generated_Source\PSoC4/cyfitter_cfg.c **** 			/* address, size */
 432:Generated_Source\PSoC4/cyfitter_cfg.c **** 			{(void CYFAR *)(CYDEV_UDB_P0_U0_BASE), 1024u},
 433:Generated_Source\PSoC4/cyfitter_cfg.c **** 			{(void CYFAR *)(CYDEV_UDB_DSI0_BASE), 1024u},
 434:Generated_Source\PSoC4/cyfitter_cfg.c **** 		};
 435:Generated_Source\PSoC4/cyfitter_cfg.c **** 
 436:Generated_Source\PSoC4/cyfitter_cfg.c **** 		uint8 CYDATA i;
 437:Generated_Source\PSoC4/cyfitter_cfg.c **** 
 438:Generated_Source\PSoC4/cyfitter_cfg.c **** 		/* Zero out critical memory blocks before beginning configuration */
 439:Generated_Source\PSoC4/cyfitter_cfg.c **** 		for (i = 0u; i < (sizeof(cfg_memset_list)/sizeof(cfg_memset_list[0])); i++)
 317              		.loc 1 439 0
 318 00da 0024     		movs	r4, #0
 319 00dc 0FE0     		b	.L14
 320              	.LVL23:
 321              	.L15:
 322              	.LBB4:
 440:Generated_Source\PSoC4/cyfitter_cfg.c **** 		{
 441:Generated_Source\PSoC4/cyfitter_cfg.c **** 			const cfg_memset_t CYCODE * CYDATA ms = &cfg_memset_list[i];
 442:Generated_Source\PSoC4/cyfitter_cfg.c **** 			CYMEMZERO(ms->address, (size_t)(uint32)(ms->size));
 323              		.loc 1 442 0 discriminator 3
 324 00de 2648     		ldr	r0, .L16+4
 325 00e0 6200     		lsls	r2, r4, #1
 326 00e2 1319     		adds	r3, r2, r4
 327 00e4 5900     		lsls	r1, r3, #1
 328 00e6 0B00     		movs	r3, r1
ARM GAS  C:\Users\Admin\AppData\Local\Temp\ccDHJoG6.s 			page 15


 329 00e8 4118     		adds	r1, r0, r1
 330 00ea 8988     		ldrh	r1, [r1, #4]
 331 00ec 1A5A     		ldrh	r2, [r3, r0]
 332 00ee C318     		adds	r3, r0, r3
 333 00f0 5888     		ldrh	r0, [r3, #2]
 334 00f2 0004     		lsls	r0, r0, #16
 335 00f4 1043     		orrs	r0, r2
 336 00f6 FFF7FEFF 		bl	CYMEMZERO
 337              	.LVL24:
 338              	.LBE4:
 439:Generated_Source\PSoC4/cyfitter_cfg.c **** 		{
 339              		.loc 1 439 0 discriminator 3
 340 00fa 0134     		adds	r4, r4, #1
 341              	.LVL25:
 342 00fc E4B2     		uxtb	r4, r4
 343              	.LVL26:
 344              	.L14:
 439:Generated_Source\PSoC4/cyfitter_cfg.c **** 		{
 345              		.loc 1 439 0 is_stmt 0 discriminator 1
 346 00fe 012C     		cmp	r4, #1
 347 0100 EDD9     		bls	.L15
 443:Generated_Source\PSoC4/cyfitter_cfg.c **** 		}
 444:Generated_Source\PSoC4/cyfitter_cfg.c **** 
 445:Generated_Source\PSoC4/cyfitter_cfg.c **** 		cfg_write_bytes32(cy_cfg_addr_table, cy_cfg_data_table);
 348              		.loc 1 445 0 is_stmt 1
 349 0102 1D49     		ldr	r1, .L16+4
 350 0104 0C31     		adds	r1, r1, #12
 351 0106 1D48     		ldr	r0, .L16+8
 352 0108 5430     		adds	r0, r0, #84
 353 010a FFF7FEFF 		bl	cfg_write_bytes32
 354              	.LVL27:
 446:Generated_Source\PSoC4/cyfitter_cfg.c **** 
 447:Generated_Source\PSoC4/cyfitter_cfg.c **** 		/* HSIOM Starting address: CYDEV_HSIOM_BASE */
 448:Generated_Source\PSoC4/cyfitter_cfg.c **** 		CY_SET_REG32((void *)(CYREG_HSIOM_PORT_SEL3), 0x33000000u);
 355              		.loc 1 448 0
 356 010e CC22     		movs	r2, #204
 357 0110 9205     		lsls	r2, r2, #22
 358 0112 1B4B     		ldr	r3, .L16+12
 359 0114 1A60     		str	r2, [r3]
 449:Generated_Source\PSoC4/cyfitter_cfg.c **** 
 450:Generated_Source\PSoC4/cyfitter_cfg.c **** 		/* FORCED_HSIOM Starting address: CYDEV_HSIOM_PORT_SEL0 */
 451:Generated_Source\PSoC4/cyfitter_cfg.c **** 		CY_SET_REG32((void *)(CYREG_HSIOM_PORT_SEL0), 0x00000000u);
 360              		.loc 1 451 0
 361 0116 0022     		movs	r2, #0
 362 0118 1A4B     		ldr	r3, .L16+16
 363 011a 1A60     		str	r2, [r3]
 452:Generated_Source\PSoC4/cyfitter_cfg.c **** 
 453:Generated_Source\PSoC4/cyfitter_cfg.c **** 		/* UDB_PA_0 Starting address: CYDEV_UDB_PA0_BASE */
 454:Generated_Source\PSoC4/cyfitter_cfg.c **** 		CY_SET_REG32((void *)(CYDEV_UDB_PA0_BASE), 0x00990000u);
 364              		.loc 1 454 0
 365 011c 9923     		movs	r3, #153
 366 011e 1B04     		lsls	r3, r3, #16
 367 0120 194A     		ldr	r2, .L16+20
 368 0122 1360     		str	r3, [r2]
 455:Generated_Source\PSoC4/cyfitter_cfg.c **** 
 456:Generated_Source\PSoC4/cyfitter_cfg.c **** 		/* UDB_PA_3 Starting address: CYDEV_UDB_PA3_BASE */
 457:Generated_Source\PSoC4/cyfitter_cfg.c **** 		CY_SET_REG32((void *)(CYDEV_UDB_PA3_BASE), 0x00990000u);
ARM GAS  C:\Users\Admin\AppData\Local\Temp\ccDHJoG6.s 			page 16


 369              		.loc 1 457 0
 370 0124 194A     		ldr	r2, .L16+24
 371 0126 1360     		str	r3, [r2]
 458:Generated_Source\PSoC4/cyfitter_cfg.c **** 		CY_SET_REG32((void *)(CYREG_UDB_PA3_CFG8), 0xD0000000u);
 372              		.loc 1 458 0
 373 0128 D022     		movs	r2, #208
 374 012a 1206     		lsls	r2, r2, #24
 375 012c 184B     		ldr	r3, .L16+28
 376 012e 1A60     		str	r2, [r3]
 459:Generated_Source\PSoC4/cyfitter_cfg.c **** 
 460:Generated_Source\PSoC4/cyfitter_cfg.c **** 		/* Enable UDB array and digital routing */
 461:Generated_Source\PSoC4/cyfitter_cfg.c **** 		CY_SET_XTND_REG8((void *)CYREG_UDB_UDBIF_WAIT_CFG, (uint8)((CY_GET_XTND_REG8((void *)CYREG_UDB_UD
 377              		.loc 1 461 0
 378 0130 1849     		ldr	r1, .L16+32
 379 0132 0B78     		ldrb	r3, [r1]
 380 0134 3C22     		movs	r2, #60
 381 0136 9343     		bics	r3, r2
 382 0138 1422     		movs	r2, #20
 383 013a 1343     		orrs	r3, r2
 384 013c DBB2     		uxtb	r3, r3
 385 013e 0B70     		strb	r3, [r1]
 462:Generated_Source\PSoC4/cyfitter_cfg.c **** 		CY_SET_XTND_REG8((void *)CYREG_UDB_UDBIF_BANK_CTL, (uint8)(CY_GET_XTND_REG8((void *)CYREG_UDB_UDB
 386              		.loc 1 462 0
 387 0140 154A     		ldr	r2, .L16+36
 388 0142 1178     		ldrb	r1, [r2]
 389 0144 1623     		movs	r3, #22
 390 0146 0B43     		orrs	r3, r1
 391 0148 DBB2     		uxtb	r3, r3
 392 014a 1370     		strb	r3, [r2]
 393              	.LBE3:
 463:Generated_Source\PSoC4/cyfitter_cfg.c **** 	}
 464:Generated_Source\PSoC4/cyfitter_cfg.c **** 
 465:Generated_Source\PSoC4/cyfitter_cfg.c **** 	/* Perform second pass device configuration. These items must be configured in specific order afte
 466:Generated_Source\PSoC4/cyfitter_cfg.c **** 	/* IOPINS0_0 Starting address: CYDEV_GPIO_PRT0_BASE */
 467:Generated_Source\PSoC4/cyfitter_cfg.c **** 	CY_SET_REG32((void *)(CYDEV_GPIO_PRT0_BASE), 0x00000004u);
 394              		.loc 1 467 0
 395 014c 0422     		movs	r2, #4
 396 014e 134B     		ldr	r3, .L16+40
 397 0150 1A60     		str	r2, [r3]
 468:Generated_Source\PSoC4/cyfitter_cfg.c **** 	CY_SET_REG32((void *)(CYREG_GPIO_PRT0_PC), 0x00000180u);
 398              		.loc 1 468 0
 399 0152 7D32     		adds	r2, r2, #125
 400 0154 FF32     		adds	r2, r2, #255
 401 0156 124B     		ldr	r3, .L16+44
 402 0158 1A60     		str	r2, [r3]
 469:Generated_Source\PSoC4/cyfitter_cfg.c **** 
 470:Generated_Source\PSoC4/cyfitter_cfg.c **** 	/* IOPINS0_3 Starting address: CYDEV_GPIO_PRT3_BASE */
 471:Generated_Source\PSoC4/cyfitter_cfg.c **** 	CY_SET_REG32((void *)(CYDEV_GPIO_PRT3_BASE), 0x000000C0u);
 403              		.loc 1 471 0
 404 015a C03A     		subs	r2, r2, #192
 405 015c 114B     		ldr	r3, .L16+48
 406 015e 1A60     		str	r2, [r3]
 472:Generated_Source\PSoC4/cyfitter_cfg.c **** 	CY_SET_REG32((void *)(CYREG_GPIO_PRT3_PC), 0x00D80000u);
 407              		.loc 1 472 0
 408 0160 D822     		movs	r2, #216
 409 0162 1204     		lsls	r2, r2, #16
 410 0164 104B     		ldr	r3, .L16+52
ARM GAS  C:\Users\Admin\AppData\Local\Temp\ccDHJoG6.s 			page 17


 411 0166 1A60     		str	r2, [r3]
 473:Generated_Source\PSoC4/cyfitter_cfg.c **** 
 474:Generated_Source\PSoC4/cyfitter_cfg.c **** 
 475:Generated_Source\PSoC4/cyfitter_cfg.c **** 	/* Setup clocks based on selections from Clock DWR */
 476:Generated_Source\PSoC4/cyfitter_cfg.c **** 	ClockSetup();
 412              		.loc 1 476 0
 413 0168 FFF74AFF 		bl	ClockSetup
 414              	.LVL28:
 477:Generated_Source\PSoC4/cyfitter_cfg.c **** 
 478:Generated_Source\PSoC4/cyfitter_cfg.c **** 	/* Perform basic analog initialization to defaults */
 479:Generated_Source\PSoC4/cyfitter_cfg.c **** 	AnalogSetDefault();
 415              		.loc 1 479 0
 416 016c FFF7FEFF 		bl	AnalogSetDefault
 417              	.LVL29:
 480:Generated_Source\PSoC4/cyfitter_cfg.c **** 
 481:Generated_Source\PSoC4/cyfitter_cfg.c **** }
 418              		.loc 1 481 0
 419              		@ sp needed
 420              	.LVL30:
 421 0170 10BD     		pop	{r4, pc}
 422              	.L17:
 423 0172 C046     		.align	2
 424              	.L16:
 425 0174 6CF02E40 		.word	1076818028
 426 0178 00000000 		.word	.LANCHOR0
 427 017c 80000000 		.word	.LANCHOR1
 428 0180 00030240 		.word	1073873664
 429 0184 00000240 		.word	1073872896
 430 0188 00500F40 		.word	1074745344
 431 018c 30500F40 		.word	1074745392
 432 0190 38500F40 		.word	1074745400
 433 0194 01700F40 		.word	1074753537
 434 0198 00700F40 		.word	1074753536
 435 019c 00000440 		.word	1074003968
 436 01a0 08000440 		.word	1074003976
 437 01a4 00030440 		.word	1074004736
 438 01a8 08030440 		.word	1074004744
 439              		.cfi_endproc
 440              	.LFE8:
 441              		.size	cyfitter_cfg, .-cyfitter_cfg
 442              		.section	.rodata
 443              		.align	2
 444              		.set	.LANCHOR0,. + 0
 445              		.set	.LANCHOR1,. + 128
 446              		.type	cfg_memset_list.4916, %object
 447              		.size	cfg_memset_list.4916, 12
 448              	cfg_memset_list.4916:
 449 0000 00300F40 		.word	1074737152
 450 0004 0004     		.short	1024
 451 0006 00400F40 		.4byte	1074741248
 452 000a 0004     		.short	1024
 453              		.type	cy_cfg_data_table.4911, %object
 454              		.size	cy_cfg_data_table.4911, 200
 455              	cy_cfg_data_table.4911:
 456 000c 00       		.byte	0
 457 000d 0A       		.byte	10
 458 000e 01       		.byte	1
ARM GAS  C:\Users\Admin\AppData\Local\Temp\ccDHJoG6.s 			page 18


 459 000f 21       		.byte	33
 460 0010 02       		.byte	2
 461 0011 34       		.byte	52
 462 0012 03       		.byte	3
 463 0013 0E       		.byte	14
 464 0014 04       		.byte	4
 465 0015 01       		.byte	1
 466 0016 06       		.byte	6
 467 0017 5C       		.byte	92
 468 0018 08       		.byte	8
 469 0019 04       		.byte	4
 470 001a 09       		.byte	9
 471 001b 40       		.byte	64
 472 001c 0A       		.byte	10
 473 001d 3A       		.byte	58
 474 001e 0B       		.byte	11
 475 001f 0F       		.byte	15
 476 0020 0D       		.byte	13
 477 0021 80       		.byte	-128
 478 0022 0E       		.byte	14
 479 0023 3E       		.byte	62
 480 0024 0F       		.byte	15
 481 0025 0F       		.byte	15
 482 0026 11       		.byte	17
 483 0027 21       		.byte	33
 484 0028 12       		.byte	18
 485 0029 40       		.byte	64
 486 002a 13       		.byte	19
 487 002b 0E       		.byte	14
 488 002c 16       		.byte	22
 489 002d 2E       		.byte	46
 490 002e 17       		.byte	23
 491 002f 21       		.byte	33
 492 0030 18       		.byte	24
 493 0031 03       		.byte	3
 494 0032 1A       		.byte	26
 495 0033 04       		.byte	4
 496 0034 1B       		.byte	27
 497 0035 29       		.byte	41
 498 0036 1C       		.byte	28
 499 0037 04       		.byte	4
 500 0038 1E       		.byte	30
 501 0039 0A       		.byte	10
 502 003a 1F       		.byte	31
 503 003b 2D       		.byte	45
 504 003c 20       		.byte	32
 505 003d 0E       		.byte	14
 506 003e 22       		.byte	34
 507 003f 30       		.byte	48
 508 0040 23       		.byte	35
 509 0041 21       		.byte	33
 510 0042 25       		.byte	37
 511 0043 10       		.byte	16
 512 0044 26       		.byte	38
 513 0045 2E       		.byte	46
 514 0046 27       		.byte	39
 515 0047 0F       		.byte	15
ARM GAS  C:\Users\Admin\AppData\Local\Temp\ccDHJoG6.s 			page 19


 516 0048 2A       		.byte	42
 517 0049 2E       		.byte	46
 518 004a 2B       		.byte	43
 519 004b 2F       		.byte	47
 520 004c 2E       		.byte	46
 521 004d 2E       		.byte	46
 522 004e 30       		.byte	48
 523 004f 20       		.byte	32
 524 0050 31       		.byte	49
 525 0051 03       		.byte	3
 526 0052 32       		.byte	50
 527 0053 18       		.byte	24
 528 0054 33       		.byte	51
 529 0055 05       		.byte	5
 530 0056 34       		.byte	52
 531 0057 07       		.byte	7
 532 0058 35       		.byte	53
 533 0059 09       		.byte	9
 534 005a 36       		.byte	54
 535 005b 48       		.byte	72
 536 005c 37       		.byte	55
 537 005d F0       		.byte	-16
 538 005e 3A       		.byte	58
 539 005f A8       		.byte	-88
 540 0060 3B       		.byte	59
 541 0061 EA       		.byte	-22
 542 0062 3E       		.byte	62
 543 0063 01       		.byte	1
 544 0064 58       		.byte	88
 545 0065 04       		.byte	4
 546 0066 59       		.byte	89
 547 0067 04       		.byte	4
 548 0068 5F       		.byte	95
 549 0069 01       		.byte	1
 550 006a 86       		.byte	-122
 551 006b 07       		.byte	7
 552 006c 8A       		.byte	-118
 553 006d 01       		.byte	1
 554 006e 9D       		.byte	-99
 555 006f 01       		.byte	1
 556 0070 9E       		.byte	-98
 557 0071 03       		.byte	3
 558 0072 A2       		.byte	-94
 559 0073 01       		.byte	1
 560 0074 B0       		.byte	-80
 561 0075 01       		.byte	1
 562 0076 B4       		.byte	-76
 563 0077 02       		.byte	2
 564 0078 B5       		.byte	-75
 565 0079 01       		.byte	1
 566 007a B6       		.byte	-74
 567 007b 04       		.byte	4
 568 007c B8       		.byte	-72
 569 007d 08       		.byte	8
 570 007e BA       		.byte	-70
 571 007f A2       		.byte	-94
 572 0080 BB       		.byte	-69
ARM GAS  C:\Users\Admin\AppData\Local\Temp\ccDHJoG6.s 			page 20


 573 0081 C0       		.byte	-64
 574 0082 BF       		.byte	-65
 575 0083 10       		.byte	16
 576 0084 D8       		.byte	-40
 577 0085 04       		.byte	4
 578 0086 D9       		.byte	-39
 579 0087 09       		.byte	9
 580 0088 DF       		.byte	-33
 581 0089 01       		.byte	1
 582 008a 01       		.byte	1
 583 008b 28       		.byte	40
 584 008c 05       		.byte	5
 585 008d 6A       		.byte	106
 586 008e 0A       		.byte	10
 587 008f 02       		.byte	2
 588 0090 0E       		.byte	14
 589 0091 AA       		.byte	-86
 590 0092 13       		.byte	19
 591 0093 02       		.byte	2
 592 0094 17       		.byte	23
 593 0095 6A       		.byte	106
 594 0096 19       		.byte	25
 595 0097 6A       		.byte	106
 596 0098 1A       		.byte	26
 597 0099 02       		.byte	2
 598 009a 1B       		.byte	27
 599 009b 51       		.byte	81
 600 009c 1E       		.byte	30
 601 009d AA       		.byte	-86
 602 009e 1F       		.byte	31
 603 009f 48       		.byte	72
 604 00a0 22       		.byte	34
 605 00a1 90       		.byte	-112
 606 00a2 27       		.byte	39
 607 00a3 6A       		.byte	106
 608 00a4 2D       		.byte	45
 609 00a5 08       		.byte	8
 610 00a6 2F       		.byte	47
 611 00a7 48       		.byte	72
 612 00a8 32       		.byte	50
 613 00a9 80       		.byte	-128
 614 00aa 37       		.byte	55
 615 00ab 6A       		.byte	106
 616 00ac 3F       		.byte	63
 617 00ad A2       		.byte	-94
 618 00ae 7A       		.byte	122
 619 00af 04       		.byte	4
 620 00b0 82       		.byte	-126
 621 00b1 10       		.byte	16
 622 00b2 8A       		.byte	-118
 623 00b3 80       		.byte	-128
 624 00b4 C0       		.byte	-64
 625 00b5 F6       		.byte	-10
 626 00b6 C2       		.byte	-62
 627 00b7 F1       		.byte	-15
 628 00b8 C4       		.byte	-60
 629 00b9 F8       		.byte	-8
ARM GAS  C:\Users\Admin\AppData\Local\Temp\ccDHJoG6.s 			page 21


 630 00ba CA       		.byte	-54
 631 00bb E0       		.byte	-32
 632 00bc CC       		.byte	-52
 633 00bd F8       		.byte	-8
 634 00be CE       		.byte	-50
 635 00bf B0       		.byte	-80
 636 00c0 DE       		.byte	-34
 637 00c1 04       		.byte	4
 638 00c2 E4       		.byte	-28
 639 00c3 04       		.byte	4
 640 00c4 67       		.byte	103
 641 00c5 0A       		.byte	10
 642 00c6 83       		.byte	-125
 643 00c7 01       		.byte	1
 644 00c8 8B       		.byte	-117
 645 00c9 04       		.byte	4
 646 00ca D6       		.byte	-42
 647 00cb 01       		.byte	1
 648 00cc D8       		.byte	-40
 649 00cd 01       		.byte	1
 650 00ce E0       		.byte	-32
 651 00cf 01       		.byte	1
 652 00d0 01       		.byte	1
 653 00d1 01       		.byte	1
 654 00d2 10       		.byte	16
 655 00d3 01       		.byte	1
 656              		.type	cy_cfg_addr_table.4910, %object
 657              		.size	cy_cfg_addr_table.4910, 16
 658              	cy_cfg_addr_table.4910:
 659 00d4 3F320F40 		.word	1074737727
 660 00d8 1D330F40 		.word	1074737949
 661 00dc 06430F40 		.word	1074742022
 662 00e0 02600F40 		.word	1074749442
 663              		.text
 664              	.Letext0:
 665              		.file 2 "c:\\program files (x86)\\cypress\\psoc creator\\4.4\\psoc creator\\import\\gnu\\arm\\5.4.
 666              		.file 3 "Generated_Source\\PSoC4\\cytypes.h"
 667              		.file 4 "Generated_Source\\PSoC4\\CyLFClk.h"
 668              		.file 5 "Generated_Source\\PSoC4\\CyLib.h"
 669              		.section	.debug_info,"",%progbits
 670              	.Ldebug_info0:
 671 0000 29040000 		.4byte	0x429
 672 0004 0400     		.2byte	0x4
 673 0006 00000000 		.4byte	.Ldebug_abbrev0
 674 000a 04       		.byte	0x4
 675 000b 01       		.uleb128 0x1
 676 000c 6A010000 		.4byte	.LASF43
 677 0010 0C       		.byte	0xc
 678 0011 B2020000 		.4byte	.LASF44
 679 0015 D8020000 		.4byte	.LASF45
 680 0019 00000000 		.4byte	.Ldebug_ranges0+0
 681 001d 00000000 		.4byte	0
 682 0021 00000000 		.4byte	.Ldebug_line0
 683 0025 02       		.uleb128 0x2
 684 0026 04       		.byte	0x4
 685 0027 05       		.byte	0x5
 686 0028 696E7400 		.ascii	"int\000"
ARM GAS  C:\Users\Admin\AppData\Local\Temp\ccDHJoG6.s 			page 22


 687 002c 03       		.uleb128 0x3
 688 002d 06000000 		.4byte	.LASF12
 689 0031 02       		.byte	0x2
 690 0032 D8       		.byte	0xd8
 691 0033 37000000 		.4byte	0x37
 692 0037 04       		.uleb128 0x4
 693 0038 04       		.byte	0x4
 694 0039 07       		.byte	0x7
 695 003a 31010000 		.4byte	.LASF0
 696 003e 04       		.uleb128 0x4
 697 003f 08       		.byte	0x8
 698 0040 05       		.byte	0x5
 699 0041 2A020000 		.4byte	.LASF1
 700 0045 04       		.uleb128 0x4
 701 0046 08       		.byte	0x8
 702 0047 04       		.byte	0x4
 703 0048 9A020000 		.4byte	.LASF2
 704 004c 04       		.uleb128 0x4
 705 004d 01       		.byte	0x1
 706 004e 06       		.byte	0x6
 707 004f A6020000 		.4byte	.LASF3
 708 0053 04       		.uleb128 0x4
 709 0054 01       		.byte	0x1
 710 0055 08       		.byte	0x8
 711 0056 D3000000 		.4byte	.LASF4
 712 005a 04       		.uleb128 0x4
 713 005b 02       		.byte	0x2
 714 005c 05       		.byte	0x5
 715 005d 72020000 		.4byte	.LASF5
 716 0061 04       		.uleb128 0x4
 717 0062 02       		.byte	0x2
 718 0063 07       		.byte	0x7
 719 0064 17020000 		.4byte	.LASF6
 720 0068 04       		.uleb128 0x4
 721 0069 04       		.byte	0x4
 722 006a 05       		.byte	0x5
 723 006b 91020000 		.4byte	.LASF7
 724 006f 04       		.uleb128 0x4
 725 0070 04       		.byte	0x4
 726 0071 07       		.byte	0x7
 727 0072 A0000000 		.4byte	.LASF8
 728 0076 04       		.uleb128 0x4
 729 0077 08       		.byte	0x8
 730 0078 07       		.byte	0x7
 731 0079 53010000 		.4byte	.LASF9
 732 007d 04       		.uleb128 0x4
 733 007e 04       		.byte	0x4
 734 007f 07       		.byte	0x7
 735 0080 0E020000 		.4byte	.LASF10
 736 0084 05       		.uleb128 0x5
 737 0085 04       		.byte	0x4
 738 0086 04       		.uleb128 0x4
 739 0087 01       		.byte	0x1
 740 0088 08       		.byte	0x8
 741 0089 42020000 		.4byte	.LASF11
 742 008d 06       		.uleb128 0x6
 743 008e B2000000 		.4byte	.LASF13
ARM GAS  C:\Users\Admin\AppData\Local\Temp\ccDHJoG6.s 			page 23


 744 0092 03       		.byte	0x3
 745 0093 E401     		.2byte	0x1e4
 746 0095 53000000 		.4byte	0x53
 747 0099 06       		.uleb128 0x6
 748 009a 18010000 		.4byte	.LASF14
 749 009e 03       		.byte	0x3
 750 009f E501     		.2byte	0x1e5
 751 00a1 61000000 		.4byte	0x61
 752 00a5 06       		.uleb128 0x6
 753 00a6 2A010000 		.4byte	.LASF15
 754 00aa 03       		.byte	0x3
 755 00ab E601     		.2byte	0x1e6
 756 00ad 6F000000 		.4byte	0x6f
 757 00b1 04       		.uleb128 0x4
 758 00b2 04       		.byte	0x4
 759 00b3 04       		.byte	0x4
 760 00b4 68000000 		.4byte	.LASF16
 761 00b8 04       		.uleb128 0x4
 762 00b9 08       		.byte	0x8
 763 00ba 04       		.byte	0x4
 764 00bb E8000000 		.4byte	.LASF17
 765 00bf 06       		.uleb128 0x6
 766 00c0 9B000000 		.4byte	.LASF18
 767 00c4 03       		.byte	0x3
 768 00c5 8E02     		.2byte	0x28e
 769 00c7 CB000000 		.4byte	0xcb
 770 00cb 07       		.uleb128 0x7
 771 00cc 8D000000 		.4byte	0x8d
 772 00d0 06       		.uleb128 0x6
 773 00d1 00000000 		.4byte	.LASF19
 774 00d5 03       		.byte	0x3
 775 00d6 9002     		.2byte	0x290
 776 00d8 DC000000 		.4byte	0xdc
 777 00dc 07       		.uleb128 0x7
 778 00dd A5000000 		.4byte	0xa5
 779 00e1 08       		.uleb128 0x8
 780 00e2 02       		.byte	0x2
 781 00e3 01       		.byte	0x1
 782 00e4 97       		.byte	0x97
 783 00e5 02010000 		.4byte	0x102
 784 00e9 09       		.uleb128 0x9
 785 00ea 6B020000 		.4byte	.LASF20
 786 00ee 01       		.byte	0x1
 787 00ef 99       		.byte	0x99
 788 00f0 8D000000 		.4byte	0x8d
 789 00f4 00       		.byte	0
 790 00f5 09       		.uleb128 0x9
 791 00f6 2D000000 		.4byte	.LASF21
 792 00fa 01       		.byte	0x1
 793 00fb 9A       		.byte	0x9a
 794 00fc 8D000000 		.4byte	0x8d
 795 0100 01       		.byte	0x1
 796 0101 00       		.byte	0
 797 0102 03       		.uleb128 0x3
 798 0103 58020000 		.4byte	.LASF22
 799 0107 01       		.byte	0x1
 800 0108 9B       		.byte	0x9b
ARM GAS  C:\Users\Admin\AppData\Local\Temp\ccDHJoG6.s 			page 24


 801 0109 E1000000 		.4byte	0xe1
 802 010d 0A       		.uleb128 0xa
 803 010e EF000000 		.4byte	.LASF27
 804 0112 01       		.byte	0x1
 805 0113 AE       		.byte	0xae
 806 0114 00000000 		.4byte	.LFB5
 807 0118 32000000 		.4byte	.LFE5-.LFB5
 808 011c 01       		.uleb128 0x1
 809 011d 9C       		.byte	0x9c
 810 011e 7F010000 		.4byte	0x17f
 811 0122 0B       		.uleb128 0xb
 812 0123 0D010000 		.4byte	.LASF23
 813 0127 01       		.byte	0x1
 814 0128 AE       		.byte	0xae
 815 0129 7F010000 		.4byte	0x17f
 816 012d 01       		.uleb128 0x1
 817 012e 50       		.byte	0x50
 818 012f 0B       		.uleb128 0xb
 819 0130 1F010000 		.4byte	.LASF24
 820 0134 01       		.byte	0x1
 821 0135 AE       		.byte	0xae
 822 0136 8A010000 		.4byte	0x18a
 823 013a 01       		.uleb128 0x1
 824 013b 51       		.byte	0x51
 825 013c 0C       		.uleb128 0xc
 826 013d 6900     		.ascii	"i\000"
 827 013f 01       		.byte	0x1
 828 0140 B1       		.byte	0xb1
 829 0141 A5000000 		.4byte	0xa5
 830 0145 00000000 		.4byte	.LLST0
 831 0149 0C       		.uleb128 0xc
 832 014a 6A00     		.ascii	"j\000"
 833 014c 01       		.byte	0x1
 834 014d B1       		.byte	0xb1
 835 014e A5000000 		.4byte	0xa5
 836 0152 1F000000 		.4byte	.LLST1
 837 0156 0D       		.uleb128 0xd
 838 0157 08000000 		.4byte	.LBB2
 839 015b 22000000 		.4byte	.LBE2-.LBB2
 840 015f 0E       		.uleb128 0xe
 841 0160 05020000 		.4byte	.LASF25
 842 0164 01       		.byte	0x1
 843 0165 B4       		.byte	0xb4
 844 0166 A5000000 		.4byte	0xa5
 845 016a 3E000000 		.4byte	.LLST2
 846 016e 0E       		.uleb128 0xe
 847 016f 33000000 		.4byte	.LASF26
 848 0173 01       		.byte	0x1
 849 0174 B5       		.byte	0xb5
 850 0175 8D000000 		.4byte	0x8d
 851 0179 51000000 		.4byte	.LLST3
 852 017d 00       		.byte	0
 853 017e 00       		.byte	0
 854 017f 0F       		.uleb128 0xf
 855 0180 04       		.byte	0x4
 856 0181 85010000 		.4byte	0x185
 857 0185 10       		.uleb128 0x10
ARM GAS  C:\Users\Admin\AppData\Local\Temp\ccDHJoG6.s 			page 25


 858 0186 A5000000 		.4byte	0xa5
 859 018a 0F       		.uleb128 0xf
 860 018b 04       		.byte	0x4
 861 018c 90010000 		.4byte	0x190
 862 0190 10       		.uleb128 0x10
 863 0191 02010000 		.4byte	0x102
 864 0195 11       		.uleb128 0x11
 865 0196 0D000000 		.4byte	.LASF46
 866 019a 01       		.byte	0x1
 867 019b 1601     		.2byte	0x116
 868 019d 00000000 		.4byte	.LFB7
 869 01a1 20000000 		.4byte	.LFE7-.LFB7
 870 01a5 01       		.uleb128 0x1
 871 01a6 9C       		.byte	0x9c
 872 01a7 0A       		.uleb128 0xa
 873 01a8 C9000000 		.4byte	.LASF28
 874 01ac 01       		.byte	0x1
 875 01ad 4C       		.byte	0x4c
 876 01ae 00000000 		.4byte	.LFB2
 877 01b2 0C000000 		.4byte	.LFE2-.LFB2
 878 01b6 01       		.uleb128 0x1
 879 01b7 9C       		.byte	0x9c
 880 01b8 F4010000 		.4byte	0x1f4
 881 01bc 12       		.uleb128 0x12
 882 01bd 7300     		.ascii	"s\000"
 883 01bf 01       		.byte	0x1
 884 01c0 4C       		.byte	0x4c
 885 01c1 84000000 		.4byte	0x84
 886 01c5 6F000000 		.4byte	.LLST4
 887 01c9 12       		.uleb128 0x12
 888 01ca 6E00     		.ascii	"n\000"
 889 01cc 01       		.byte	0x1
 890 01cd 4C       		.byte	0x4c
 891 01ce 2C000000 		.4byte	0x2c
 892 01d2 90000000 		.4byte	.LLST5
 893 01d6 13       		.uleb128 0x13
 894 01d7 0A000000 		.4byte	.LVL14
 895 01db D6030000 		.4byte	0x3d6
 896 01df 14       		.uleb128 0x14
 897 01e0 01       		.uleb128 0x1
 898 01e1 50       		.byte	0x50
 899 01e2 03       		.uleb128 0x3
 900 01e3 F3       		.byte	0xf3
 901 01e4 01       		.uleb128 0x1
 902 01e5 50       		.byte	0x50
 903 01e6 14       		.uleb128 0x14
 904 01e7 01       		.uleb128 0x1
 905 01e8 51       		.byte	0x51
 906 01e9 01       		.uleb128 0x1
 907 01ea 30       		.byte	0x30
 908 01eb 14       		.uleb128 0x14
 909 01ec 01       		.uleb128 0x1
 910 01ed 52       		.byte	0x52
 911 01ee 03       		.uleb128 0x3
 912 01ef F3       		.byte	0xf3
 913 01f0 01       		.uleb128 0x1
 914 01f1 51       		.byte	0x51
ARM GAS  C:\Users\Admin\AppData\Local\Temp\ccDHJoG6.s 			page 26


 915 01f2 00       		.byte	0
 916 01f3 00       		.byte	0
 917 01f4 0A       		.uleb128 0xa
 918 01f5 39000000 		.4byte	.LASF29
 919 01f9 01       		.byte	0x1
 920 01fa D3       		.byte	0xd3
 921 01fb 00000000 		.4byte	.LFB6
 922 01ff D0000000 		.4byte	.LFE6-.LFB6
 923 0203 01       		.uleb128 0x1
 924 0204 9C       		.byte	0x9c
 925 0205 85020000 		.4byte	0x285
 926 0209 15       		.uleb128 0x15
 927 020a 0C000000 		.4byte	.LVL15
 928 020e DF030000 		.4byte	0x3df
 929 0212 16       		.uleb128 0x16
 930 0213 12000000 		.4byte	.LVL16
 931 0217 EA030000 		.4byte	0x3ea
 932 021b 25020000 		.4byte	0x225
 933 021f 14       		.uleb128 0x14
 934 0220 01       		.uleb128 0x1
 935 0221 50       		.byte	0x50
 936 0222 01       		.uleb128 0x1
 937 0223 31       		.byte	0x31
 938 0224 00       		.byte	0
 939 0225 16       		.uleb128 0x16
 940 0226 18000000 		.4byte	.LVL17
 941 022a F5030000 		.4byte	0x3f5
 942 022e 38020000 		.4byte	0x238
 943 0232 14       		.uleb128 0x14
 944 0233 01       		.uleb128 0x1
 945 0234 50       		.byte	0x50
 946 0235 01       		.uleb128 0x1
 947 0236 48       		.byte	0x48
 948 0237 00       		.byte	0
 949 0238 16       		.uleb128 0x16
 950 0239 46000000 		.4byte	.LVL18
 951 023d 00040000 		.4byte	0x400
 952 0241 4D020000 		.4byte	0x24d
 953 0245 14       		.uleb128 0x14
 954 0246 01       		.uleb128 0x1
 955 0247 50       		.byte	0x50
 956 0248 03       		.uleb128 0x3
 957 0249 0A       		.byte	0xa
 958 024a D007     		.2byte	0x7d0
 959 024c 00       		.byte	0
 960 024d 16       		.uleb128 0x16
 961 024e 4C000000 		.4byte	.LVL19
 962 0252 0B040000 		.4byte	0x40b
 963 0256 62020000 		.4byte	0x262
 964 025a 14       		.uleb128 0x14
 965 025b 01       		.uleb128 0x1
 966 025c 50       		.byte	0x50
 967 025d 03       		.uleb128 0x3
 968 025e 0A       		.byte	0xa
 969 025f DC05     		.2byte	0x5dc
 970 0261 00       		.byte	0
 971 0262 16       		.uleb128 0x16
ARM GAS  C:\Users\Admin\AppData\Local\Temp\ccDHJoG6.s 			page 27


 972 0263 76000000 		.4byte	.LVL20
 973 0267 16040000 		.4byte	0x416
 974 026b 75020000 		.4byte	0x275
 975 026f 14       		.uleb128 0x14
 976 0270 01       		.uleb128 0x1
 977 0271 50       		.byte	0x50
 978 0272 01       		.uleb128 0x1
 979 0273 38       		.byte	0x38
 980 0274 00       		.byte	0
 981 0275 13       		.uleb128 0x13
 982 0276 7C000000 		.4byte	.LVL21
 983 027a 21040000 		.4byte	0x421
 984 027e 14       		.uleb128 0x14
 985 027f 01       		.uleb128 0x1
 986 0280 50       		.byte	0x50
 987 0281 01       		.uleb128 0x1
 988 0282 38       		.byte	0x38
 989 0283 00       		.byte	0
 990 0284 00       		.byte	0
 991 0285 17       		.uleb128 0x17
 992 0286 3E010000 		.4byte	.LASF47
 993 028a 01       		.byte	0x1
 994 028b 3101     		.2byte	0x131
 995 028d D0000000 		.4byte	.LFB8
 996 0291 DC000000 		.4byte	.LFE8-.LFB8
 997 0295 01       		.uleb128 0x1
 998 0296 9C       		.byte	0x9c
 999 0297 AC030000 		.4byte	0x3ac
 1000 029b 18       		.uleb128 0x18
 1001 029c DA000000 		.4byte	.LBB3
 1002 02a0 72000000 		.4byte	.LBE3-.LBB3
 1003 02a4 99030000 		.4byte	0x399
 1004 02a8 19       		.uleb128 0x19
 1005 02a9 44000000 		.4byte	.LASF30
 1006 02ad 01       		.byte	0x1
 1007 02ae 3901     		.2byte	0x139
 1008 02b0 BC030000 		.4byte	0x3bc
 1009 02b4 05       		.uleb128 0x5
 1010 02b5 03       		.byte	0x3
 1011 02b6 D4000000 		.4byte	cy_cfg_addr_table.4910
 1012 02ba 19       		.uleb128 0x19
 1013 02bb 56000000 		.4byte	.LASF31
 1014 02bf 01       		.byte	0x1
 1015 02c0 4001     		.2byte	0x140
 1016 02c2 D1030000 		.4byte	0x3d1
 1017 02c6 05       		.uleb128 0x5
 1018 02c7 03       		.byte	0x3
 1019 02c8 0C000000 		.4byte	cy_cfg_data_table.4911
 1020 02cc 1A       		.uleb128 0x1a
 1021 02cd 06       		.byte	0x6
 1022 02ce 01       		.byte	0x1
 1023 02cf A901     		.2byte	0x1a9
 1024 02d1 F0020000 		.4byte	0x2f0
 1025 02d5 1B       		.uleb128 0x1b
 1026 02d6 4B010000 		.4byte	.LASF32
 1027 02da 01       		.byte	0x1
 1028 02db AA01     		.2byte	0x1aa
ARM GAS  C:\Users\Admin\AppData\Local\Temp\ccDHJoG6.s 			page 28


 1029 02dd 84000000 		.4byte	0x84
 1030 02e1 00       		.byte	0
 1031 02e2 1B       		.uleb128 0x1b
 1032 02e3 7E000000 		.4byte	.LASF33
 1033 02e7 01       		.byte	0x1
 1034 02e8 AB01     		.2byte	0x1ab
 1035 02ea 99000000 		.4byte	0x99
 1036 02ee 04       		.byte	0x4
 1037 02ef 00       		.byte	0
 1038 02f0 06       		.uleb128 0x6
 1039 02f1 F8010000 		.4byte	.LASF34
 1040 02f5 01       		.byte	0x1
 1041 02f6 AC01     		.2byte	0x1ac
 1042 02f8 CC020000 		.4byte	0x2cc
 1043 02fc 1C       		.uleb128 0x1c
 1044 02fd 0C030000 		.4byte	0x30c
 1045 0301 0C030000 		.4byte	0x30c
 1046 0305 1D       		.uleb128 0x1d
 1047 0306 7D000000 		.4byte	0x7d
 1048 030a 01       		.byte	0x1
 1049 030b 00       		.byte	0
 1050 030c 10       		.uleb128 0x10
 1051 030d F0020000 		.4byte	0x2f0
 1052 0311 19       		.uleb128 0x19
 1053 0312 6E000000 		.4byte	.LASF35
 1054 0316 01       		.byte	0x1
 1055 0317 AE01     		.2byte	0x1ae
 1056 0319 23030000 		.4byte	0x323
 1057 031d 05       		.uleb128 0x5
 1058 031e 03       		.byte	0x3
 1059 031f 00000000 		.4byte	cfg_memset_list.4916
 1060 0323 10       		.uleb128 0x10
 1061 0324 FC020000 		.4byte	0x2fc
 1062 0328 1E       		.uleb128 0x1e
 1063 0329 6900     		.ascii	"i\000"
 1064 032b 01       		.byte	0x1
 1065 032c B401     		.2byte	0x1b4
 1066 032e 8D000000 		.4byte	0x8d
 1067 0332 BC000000 		.4byte	.LLST6
 1068 0336 18       		.uleb128 0x18
 1069 0337 DE000000 		.4byte	.LBB4
 1070 033b 1C000000 		.4byte	.LBE4-.LBB4
 1071 033f 7C030000 		.4byte	0x37c
 1072 0343 1E       		.uleb128 0x1e
 1073 0344 6D7300   		.ascii	"ms\000"
 1074 0347 01       		.byte	0x1
 1075 0348 B901     		.2byte	0x1b9
 1076 034a 52030000 		.4byte	0x352
 1077 034e E6000000 		.4byte	.LLST7
 1078 0352 0F       		.uleb128 0xf
 1079 0353 04       		.byte	0x4
 1080 0354 0C030000 		.4byte	0x30c
 1081 0358 13       		.uleb128 0x13
 1082 0359 FA000000 		.4byte	.LVL24
 1083 035d A7010000 		.4byte	0x1a7
 1084 0361 14       		.uleb128 0x14
 1085 0362 01       		.uleb128 0x1
ARM GAS  C:\Users\Admin\AppData\Local\Temp\ccDHJoG6.s 			page 29


 1086 0363 51       		.byte	0x51
 1087 0364 15       		.uleb128 0x15
 1088 0365 74       		.byte	0x74
 1089 0366 00       		.sleb128 0
 1090 0367 31       		.byte	0x31
 1091 0368 24       		.byte	0x24
 1092 0369 74       		.byte	0x74
 1093 036a 00       		.sleb128 0
 1094 036b 22       		.byte	0x22
 1095 036c 31       		.byte	0x31
 1096 036d 24       		.byte	0x24
 1097 036e 03       		.byte	0x3
 1098 036f 04000000 		.4byte	.LANCHOR0+4
 1099 0373 22       		.byte	0x22
 1100 0374 94       		.byte	0x94
 1101 0375 02       		.byte	0x2
 1102 0376 0A       		.byte	0xa
 1103 0377 FFFF     		.2byte	0xffff
 1104 0379 1A       		.byte	0x1a
 1105 037a 00       		.byte	0
 1106 037b 00       		.byte	0
 1107 037c 13       		.uleb128 0x13
 1108 037d 0E010000 		.4byte	.LVL27
 1109 0381 0D010000 		.4byte	0x10d
 1110 0385 14       		.uleb128 0x14
 1111 0386 01       		.uleb128 0x1
 1112 0387 50       		.byte	0x50
 1113 0388 05       		.uleb128 0x5
 1114 0389 03       		.byte	0x3
 1115 038a D4000000 		.4byte	.LANCHOR1+84
 1116 038e 14       		.uleb128 0x14
 1117 038f 01       		.uleb128 0x1
 1118 0390 51       		.byte	0x51
 1119 0391 05       		.uleb128 0x5
 1120 0392 03       		.byte	0x3
 1121 0393 0C000000 		.4byte	.LANCHOR0+12
 1122 0397 00       		.byte	0
 1123 0398 00       		.byte	0
 1124 0399 15       		.uleb128 0x15
 1125 039a 6C010000 		.4byte	.LVL28
 1126 039e F4010000 		.4byte	0x1f4
 1127 03a2 15       		.uleb128 0x15
 1128 03a3 70010000 		.4byte	.LVL29
 1129 03a7 95010000 		.4byte	0x195
 1130 03ab 00       		.byte	0
 1131 03ac 1C       		.uleb128 0x1c
 1132 03ad 85010000 		.4byte	0x185
 1133 03b1 BC030000 		.4byte	0x3bc
 1134 03b5 1D       		.uleb128 0x1d
 1135 03b6 7D000000 		.4byte	0x7d
 1136 03ba 03       		.byte	0x3
 1137 03bb 00       		.byte	0
 1138 03bc 10       		.uleb128 0x10
 1139 03bd AC030000 		.4byte	0x3ac
 1140 03c1 1C       		.uleb128 0x1c
 1141 03c2 90010000 		.4byte	0x190
 1142 03c6 D1030000 		.4byte	0x3d1
ARM GAS  C:\Users\Admin\AppData\Local\Temp\ccDHJoG6.s 			page 30


 1143 03ca 1D       		.uleb128 0x1d
 1144 03cb 7D000000 		.4byte	0x7d
 1145 03cf 63       		.byte	0x63
 1146 03d0 00       		.byte	0
 1147 03d1 10       		.uleb128 0x10
 1148 03d2 C1030000 		.4byte	0x3c1
 1149 03d6 1F       		.uleb128 0x1f
 1150 03d7 E1000000 		.4byte	.LASF48
 1151 03db E1000000 		.4byte	.LASF48
 1152 03df 20       		.uleb128 0x20
 1153 03e0 B8000000 		.4byte	.LASF36
 1154 03e4 B8000000 		.4byte	.LASF36
 1155 03e8 04       		.byte	0x4
 1156 03e9 4E       		.byte	0x4e
 1157 03ea 20       		.uleb128 0x20
 1158 03eb 83000000 		.4byte	.LASF37
 1159 03ef 83000000 		.4byte	.LASF37
 1160 03f3 04       		.byte	0x4
 1161 03f4 50       		.byte	0x50
 1162 03f5 20       		.uleb128 0x20
 1163 03f6 7C020000 		.4byte	.LASF38
 1164 03fa 7C020000 		.4byte	.LASF38
 1165 03fe 05       		.byte	0x5
 1166 03ff 6C       		.byte	0x6c
 1167 0400 20       		.uleb128 0x20
 1168 0401 47020000 		.4byte	.LASF39
 1169 0405 47020000 		.4byte	.LASF39
 1170 0409 05       		.byte	0x5
 1171 040a 84       		.byte	0x84
 1172 040b 20       		.uleb128 0x20
 1173 040c 38020000 		.4byte	.LASF40
 1174 0410 38020000 		.4byte	.LASF40
 1175 0414 05       		.byte	0x5
 1176 0415 DA       		.byte	0xda
 1177 0416 20       		.uleb128 0x20
 1178 0417 1E000000 		.4byte	.LASF41
 1179 041b 1E000000 		.4byte	.LASF41
 1180 041f 05       		.byte	0x5
 1181 0420 BD       		.byte	0xbd
 1182 0421 20       		.uleb128 0x20
 1183 0422 01010000 		.4byte	.LASF42
 1184 0426 01010000 		.4byte	.LASF42
 1185 042a 05       		.byte	0x5
 1186 042b C3       		.byte	0xc3
 1187 042c 00       		.byte	0
 1188              		.section	.debug_abbrev,"",%progbits
 1189              	.Ldebug_abbrev0:
 1190 0000 01       		.uleb128 0x1
 1191 0001 11       		.uleb128 0x11
 1192 0002 01       		.byte	0x1
 1193 0003 25       		.uleb128 0x25
 1194 0004 0E       		.uleb128 0xe
 1195 0005 13       		.uleb128 0x13
 1196 0006 0B       		.uleb128 0xb
 1197 0007 03       		.uleb128 0x3
 1198 0008 0E       		.uleb128 0xe
 1199 0009 1B       		.uleb128 0x1b
ARM GAS  C:\Users\Admin\AppData\Local\Temp\ccDHJoG6.s 			page 31


 1200 000a 0E       		.uleb128 0xe
 1201 000b 55       		.uleb128 0x55
 1202 000c 17       		.uleb128 0x17
 1203 000d 11       		.uleb128 0x11
 1204 000e 01       		.uleb128 0x1
 1205 000f 10       		.uleb128 0x10
 1206 0010 17       		.uleb128 0x17
 1207 0011 00       		.byte	0
 1208 0012 00       		.byte	0
 1209 0013 02       		.uleb128 0x2
 1210 0014 24       		.uleb128 0x24
 1211 0015 00       		.byte	0
 1212 0016 0B       		.uleb128 0xb
 1213 0017 0B       		.uleb128 0xb
 1214 0018 3E       		.uleb128 0x3e
 1215 0019 0B       		.uleb128 0xb
 1216 001a 03       		.uleb128 0x3
 1217 001b 08       		.uleb128 0x8
 1218 001c 00       		.byte	0
 1219 001d 00       		.byte	0
 1220 001e 03       		.uleb128 0x3
 1221 001f 16       		.uleb128 0x16
 1222 0020 00       		.byte	0
 1223 0021 03       		.uleb128 0x3
 1224 0022 0E       		.uleb128 0xe
 1225 0023 3A       		.uleb128 0x3a
 1226 0024 0B       		.uleb128 0xb
 1227 0025 3B       		.uleb128 0x3b
 1228 0026 0B       		.uleb128 0xb
 1229 0027 49       		.uleb128 0x49
 1230 0028 13       		.uleb128 0x13
 1231 0029 00       		.byte	0
 1232 002a 00       		.byte	0
 1233 002b 04       		.uleb128 0x4
 1234 002c 24       		.uleb128 0x24
 1235 002d 00       		.byte	0
 1236 002e 0B       		.uleb128 0xb
 1237 002f 0B       		.uleb128 0xb
 1238 0030 3E       		.uleb128 0x3e
 1239 0031 0B       		.uleb128 0xb
 1240 0032 03       		.uleb128 0x3
 1241 0033 0E       		.uleb128 0xe
 1242 0034 00       		.byte	0
 1243 0035 00       		.byte	0
 1244 0036 05       		.uleb128 0x5
 1245 0037 0F       		.uleb128 0xf
 1246 0038 00       		.byte	0
 1247 0039 0B       		.uleb128 0xb
 1248 003a 0B       		.uleb128 0xb
 1249 003b 00       		.byte	0
 1250 003c 00       		.byte	0
 1251 003d 06       		.uleb128 0x6
 1252 003e 16       		.uleb128 0x16
 1253 003f 00       		.byte	0
 1254 0040 03       		.uleb128 0x3
 1255 0041 0E       		.uleb128 0xe
 1256 0042 3A       		.uleb128 0x3a
ARM GAS  C:\Users\Admin\AppData\Local\Temp\ccDHJoG6.s 			page 32


 1257 0043 0B       		.uleb128 0xb
 1258 0044 3B       		.uleb128 0x3b
 1259 0045 05       		.uleb128 0x5
 1260 0046 49       		.uleb128 0x49
 1261 0047 13       		.uleb128 0x13
 1262 0048 00       		.byte	0
 1263 0049 00       		.byte	0
 1264 004a 07       		.uleb128 0x7
 1265 004b 35       		.uleb128 0x35
 1266 004c 00       		.byte	0
 1267 004d 49       		.uleb128 0x49
 1268 004e 13       		.uleb128 0x13
 1269 004f 00       		.byte	0
 1270 0050 00       		.byte	0
 1271 0051 08       		.uleb128 0x8
 1272 0052 13       		.uleb128 0x13
 1273 0053 01       		.byte	0x1
 1274 0054 0B       		.uleb128 0xb
 1275 0055 0B       		.uleb128 0xb
 1276 0056 3A       		.uleb128 0x3a
 1277 0057 0B       		.uleb128 0xb
 1278 0058 3B       		.uleb128 0x3b
 1279 0059 0B       		.uleb128 0xb
 1280 005a 01       		.uleb128 0x1
 1281 005b 13       		.uleb128 0x13
 1282 005c 00       		.byte	0
 1283 005d 00       		.byte	0
 1284 005e 09       		.uleb128 0x9
 1285 005f 0D       		.uleb128 0xd
 1286 0060 00       		.byte	0
 1287 0061 03       		.uleb128 0x3
 1288 0062 0E       		.uleb128 0xe
 1289 0063 3A       		.uleb128 0x3a
 1290 0064 0B       		.uleb128 0xb
 1291 0065 3B       		.uleb128 0x3b
 1292 0066 0B       		.uleb128 0xb
 1293 0067 49       		.uleb128 0x49
 1294 0068 13       		.uleb128 0x13
 1295 0069 38       		.uleb128 0x38
 1296 006a 0B       		.uleb128 0xb
 1297 006b 00       		.byte	0
 1298 006c 00       		.byte	0
 1299 006d 0A       		.uleb128 0xa
 1300 006e 2E       		.uleb128 0x2e
 1301 006f 01       		.byte	0x1
 1302 0070 03       		.uleb128 0x3
 1303 0071 0E       		.uleb128 0xe
 1304 0072 3A       		.uleb128 0x3a
 1305 0073 0B       		.uleb128 0xb
 1306 0074 3B       		.uleb128 0x3b
 1307 0075 0B       		.uleb128 0xb
 1308 0076 27       		.uleb128 0x27
 1309 0077 19       		.uleb128 0x19
 1310 0078 11       		.uleb128 0x11
 1311 0079 01       		.uleb128 0x1
 1312 007a 12       		.uleb128 0x12
 1313 007b 06       		.uleb128 0x6
ARM GAS  C:\Users\Admin\AppData\Local\Temp\ccDHJoG6.s 			page 33


 1314 007c 40       		.uleb128 0x40
 1315 007d 18       		.uleb128 0x18
 1316 007e 9742     		.uleb128 0x2117
 1317 0080 19       		.uleb128 0x19
 1318 0081 01       		.uleb128 0x1
 1319 0082 13       		.uleb128 0x13
 1320 0083 00       		.byte	0
 1321 0084 00       		.byte	0
 1322 0085 0B       		.uleb128 0xb
 1323 0086 05       		.uleb128 0x5
 1324 0087 00       		.byte	0
 1325 0088 03       		.uleb128 0x3
 1326 0089 0E       		.uleb128 0xe
 1327 008a 3A       		.uleb128 0x3a
 1328 008b 0B       		.uleb128 0xb
 1329 008c 3B       		.uleb128 0x3b
 1330 008d 0B       		.uleb128 0xb
 1331 008e 49       		.uleb128 0x49
 1332 008f 13       		.uleb128 0x13
 1333 0090 02       		.uleb128 0x2
 1334 0091 18       		.uleb128 0x18
 1335 0092 00       		.byte	0
 1336 0093 00       		.byte	0
 1337 0094 0C       		.uleb128 0xc
 1338 0095 34       		.uleb128 0x34
 1339 0096 00       		.byte	0
 1340 0097 03       		.uleb128 0x3
 1341 0098 08       		.uleb128 0x8
 1342 0099 3A       		.uleb128 0x3a
 1343 009a 0B       		.uleb128 0xb
 1344 009b 3B       		.uleb128 0x3b
 1345 009c 0B       		.uleb128 0xb
 1346 009d 49       		.uleb128 0x49
 1347 009e 13       		.uleb128 0x13
 1348 009f 02       		.uleb128 0x2
 1349 00a0 17       		.uleb128 0x17
 1350 00a1 00       		.byte	0
 1351 00a2 00       		.byte	0
 1352 00a3 0D       		.uleb128 0xd
 1353 00a4 0B       		.uleb128 0xb
 1354 00a5 01       		.byte	0x1
 1355 00a6 11       		.uleb128 0x11
 1356 00a7 01       		.uleb128 0x1
 1357 00a8 12       		.uleb128 0x12
 1358 00a9 06       		.uleb128 0x6
 1359 00aa 00       		.byte	0
 1360 00ab 00       		.byte	0
 1361 00ac 0E       		.uleb128 0xe
 1362 00ad 34       		.uleb128 0x34
 1363 00ae 00       		.byte	0
 1364 00af 03       		.uleb128 0x3
 1365 00b0 0E       		.uleb128 0xe
 1366 00b1 3A       		.uleb128 0x3a
 1367 00b2 0B       		.uleb128 0xb
 1368 00b3 3B       		.uleb128 0x3b
 1369 00b4 0B       		.uleb128 0xb
 1370 00b5 49       		.uleb128 0x49
ARM GAS  C:\Users\Admin\AppData\Local\Temp\ccDHJoG6.s 			page 34


 1371 00b6 13       		.uleb128 0x13
 1372 00b7 02       		.uleb128 0x2
 1373 00b8 17       		.uleb128 0x17
 1374 00b9 00       		.byte	0
 1375 00ba 00       		.byte	0
 1376 00bb 0F       		.uleb128 0xf
 1377 00bc 0F       		.uleb128 0xf
 1378 00bd 00       		.byte	0
 1379 00be 0B       		.uleb128 0xb
 1380 00bf 0B       		.uleb128 0xb
 1381 00c0 49       		.uleb128 0x49
 1382 00c1 13       		.uleb128 0x13
 1383 00c2 00       		.byte	0
 1384 00c3 00       		.byte	0
 1385 00c4 10       		.uleb128 0x10
 1386 00c5 26       		.uleb128 0x26
 1387 00c6 00       		.byte	0
 1388 00c7 49       		.uleb128 0x49
 1389 00c8 13       		.uleb128 0x13
 1390 00c9 00       		.byte	0
 1391 00ca 00       		.byte	0
 1392 00cb 11       		.uleb128 0x11
 1393 00cc 2E       		.uleb128 0x2e
 1394 00cd 00       		.byte	0
 1395 00ce 03       		.uleb128 0x3
 1396 00cf 0E       		.uleb128 0xe
 1397 00d0 3A       		.uleb128 0x3a
 1398 00d1 0B       		.uleb128 0xb
 1399 00d2 3B       		.uleb128 0x3b
 1400 00d3 05       		.uleb128 0x5
 1401 00d4 27       		.uleb128 0x27
 1402 00d5 19       		.uleb128 0x19
 1403 00d6 11       		.uleb128 0x11
 1404 00d7 01       		.uleb128 0x1
 1405 00d8 12       		.uleb128 0x12
 1406 00d9 06       		.uleb128 0x6
 1407 00da 40       		.uleb128 0x40
 1408 00db 18       		.uleb128 0x18
 1409 00dc 9742     		.uleb128 0x2117
 1410 00de 19       		.uleb128 0x19
 1411 00df 00       		.byte	0
 1412 00e0 00       		.byte	0
 1413 00e1 12       		.uleb128 0x12
 1414 00e2 05       		.uleb128 0x5
 1415 00e3 00       		.byte	0
 1416 00e4 03       		.uleb128 0x3
 1417 00e5 08       		.uleb128 0x8
 1418 00e6 3A       		.uleb128 0x3a
 1419 00e7 0B       		.uleb128 0xb
 1420 00e8 3B       		.uleb128 0x3b
 1421 00e9 0B       		.uleb128 0xb
 1422 00ea 49       		.uleb128 0x49
 1423 00eb 13       		.uleb128 0x13
 1424 00ec 02       		.uleb128 0x2
 1425 00ed 17       		.uleb128 0x17
 1426 00ee 00       		.byte	0
 1427 00ef 00       		.byte	0
ARM GAS  C:\Users\Admin\AppData\Local\Temp\ccDHJoG6.s 			page 35


 1428 00f0 13       		.uleb128 0x13
 1429 00f1 898201   		.uleb128 0x4109
 1430 00f4 01       		.byte	0x1
 1431 00f5 11       		.uleb128 0x11
 1432 00f6 01       		.uleb128 0x1
 1433 00f7 31       		.uleb128 0x31
 1434 00f8 13       		.uleb128 0x13
 1435 00f9 00       		.byte	0
 1436 00fa 00       		.byte	0
 1437 00fb 14       		.uleb128 0x14
 1438 00fc 8A8201   		.uleb128 0x410a
 1439 00ff 00       		.byte	0
 1440 0100 02       		.uleb128 0x2
 1441 0101 18       		.uleb128 0x18
 1442 0102 9142     		.uleb128 0x2111
 1443 0104 18       		.uleb128 0x18
 1444 0105 00       		.byte	0
 1445 0106 00       		.byte	0
 1446 0107 15       		.uleb128 0x15
 1447 0108 898201   		.uleb128 0x4109
 1448 010b 00       		.byte	0
 1449 010c 11       		.uleb128 0x11
 1450 010d 01       		.uleb128 0x1
 1451 010e 31       		.uleb128 0x31
 1452 010f 13       		.uleb128 0x13
 1453 0110 00       		.byte	0
 1454 0111 00       		.byte	0
 1455 0112 16       		.uleb128 0x16
 1456 0113 898201   		.uleb128 0x4109
 1457 0116 01       		.byte	0x1
 1458 0117 11       		.uleb128 0x11
 1459 0118 01       		.uleb128 0x1
 1460 0119 31       		.uleb128 0x31
 1461 011a 13       		.uleb128 0x13
 1462 011b 01       		.uleb128 0x1
 1463 011c 13       		.uleb128 0x13
 1464 011d 00       		.byte	0
 1465 011e 00       		.byte	0
 1466 011f 17       		.uleb128 0x17
 1467 0120 2E       		.uleb128 0x2e
 1468 0121 01       		.byte	0x1
 1469 0122 3F       		.uleb128 0x3f
 1470 0123 19       		.uleb128 0x19
 1471 0124 03       		.uleb128 0x3
 1472 0125 0E       		.uleb128 0xe
 1473 0126 3A       		.uleb128 0x3a
 1474 0127 0B       		.uleb128 0xb
 1475 0128 3B       		.uleb128 0x3b
 1476 0129 05       		.uleb128 0x5
 1477 012a 27       		.uleb128 0x27
 1478 012b 19       		.uleb128 0x19
 1479 012c 11       		.uleb128 0x11
 1480 012d 01       		.uleb128 0x1
 1481 012e 12       		.uleb128 0x12
 1482 012f 06       		.uleb128 0x6
 1483 0130 40       		.uleb128 0x40
 1484 0131 18       		.uleb128 0x18
ARM GAS  C:\Users\Admin\AppData\Local\Temp\ccDHJoG6.s 			page 36


 1485 0132 9742     		.uleb128 0x2117
 1486 0134 19       		.uleb128 0x19
 1487 0135 01       		.uleb128 0x1
 1488 0136 13       		.uleb128 0x13
 1489 0137 00       		.byte	0
 1490 0138 00       		.byte	0
 1491 0139 18       		.uleb128 0x18
 1492 013a 0B       		.uleb128 0xb
 1493 013b 01       		.byte	0x1
 1494 013c 11       		.uleb128 0x11
 1495 013d 01       		.uleb128 0x1
 1496 013e 12       		.uleb128 0x12
 1497 013f 06       		.uleb128 0x6
 1498 0140 01       		.uleb128 0x1
 1499 0141 13       		.uleb128 0x13
 1500 0142 00       		.byte	0
 1501 0143 00       		.byte	0
 1502 0144 19       		.uleb128 0x19
 1503 0145 34       		.uleb128 0x34
 1504 0146 00       		.byte	0
 1505 0147 03       		.uleb128 0x3
 1506 0148 0E       		.uleb128 0xe
 1507 0149 3A       		.uleb128 0x3a
 1508 014a 0B       		.uleb128 0xb
 1509 014b 3B       		.uleb128 0x3b
 1510 014c 05       		.uleb128 0x5
 1511 014d 49       		.uleb128 0x49
 1512 014e 13       		.uleb128 0x13
 1513 014f 02       		.uleb128 0x2
 1514 0150 18       		.uleb128 0x18
 1515 0151 00       		.byte	0
 1516 0152 00       		.byte	0
 1517 0153 1A       		.uleb128 0x1a
 1518 0154 13       		.uleb128 0x13
 1519 0155 01       		.byte	0x1
 1520 0156 0B       		.uleb128 0xb
 1521 0157 0B       		.uleb128 0xb
 1522 0158 3A       		.uleb128 0x3a
 1523 0159 0B       		.uleb128 0xb
 1524 015a 3B       		.uleb128 0x3b
 1525 015b 05       		.uleb128 0x5
 1526 015c 01       		.uleb128 0x1
 1527 015d 13       		.uleb128 0x13
 1528 015e 00       		.byte	0
 1529 015f 00       		.byte	0
 1530 0160 1B       		.uleb128 0x1b
 1531 0161 0D       		.uleb128 0xd
 1532 0162 00       		.byte	0
 1533 0163 03       		.uleb128 0x3
 1534 0164 0E       		.uleb128 0xe
 1535 0165 3A       		.uleb128 0x3a
 1536 0166 0B       		.uleb128 0xb
 1537 0167 3B       		.uleb128 0x3b
 1538 0168 05       		.uleb128 0x5
 1539 0169 49       		.uleb128 0x49
 1540 016a 13       		.uleb128 0x13
 1541 016b 38       		.uleb128 0x38
ARM GAS  C:\Users\Admin\AppData\Local\Temp\ccDHJoG6.s 			page 37


 1542 016c 0B       		.uleb128 0xb
 1543 016d 00       		.byte	0
 1544 016e 00       		.byte	0
 1545 016f 1C       		.uleb128 0x1c
 1546 0170 01       		.uleb128 0x1
 1547 0171 01       		.byte	0x1
 1548 0172 49       		.uleb128 0x49
 1549 0173 13       		.uleb128 0x13
 1550 0174 01       		.uleb128 0x1
 1551 0175 13       		.uleb128 0x13
 1552 0176 00       		.byte	0
 1553 0177 00       		.byte	0
 1554 0178 1D       		.uleb128 0x1d
 1555 0179 21       		.uleb128 0x21
 1556 017a 00       		.byte	0
 1557 017b 49       		.uleb128 0x49
 1558 017c 13       		.uleb128 0x13
 1559 017d 2F       		.uleb128 0x2f
 1560 017e 0B       		.uleb128 0xb
 1561 017f 00       		.byte	0
 1562 0180 00       		.byte	0
 1563 0181 1E       		.uleb128 0x1e
 1564 0182 34       		.uleb128 0x34
 1565 0183 00       		.byte	0
 1566 0184 03       		.uleb128 0x3
 1567 0185 08       		.uleb128 0x8
 1568 0186 3A       		.uleb128 0x3a
 1569 0187 0B       		.uleb128 0xb
 1570 0188 3B       		.uleb128 0x3b
 1571 0189 05       		.uleb128 0x5
 1572 018a 49       		.uleb128 0x49
 1573 018b 13       		.uleb128 0x13
 1574 018c 02       		.uleb128 0x2
 1575 018d 17       		.uleb128 0x17
 1576 018e 00       		.byte	0
 1577 018f 00       		.byte	0
 1578 0190 1F       		.uleb128 0x1f
 1579 0191 2E       		.uleb128 0x2e
 1580 0192 00       		.byte	0
 1581 0193 3F       		.uleb128 0x3f
 1582 0194 19       		.uleb128 0x19
 1583 0195 3C       		.uleb128 0x3c
 1584 0196 19       		.uleb128 0x19
 1585 0197 6E       		.uleb128 0x6e
 1586 0198 0E       		.uleb128 0xe
 1587 0199 03       		.uleb128 0x3
 1588 019a 0E       		.uleb128 0xe
 1589 019b 00       		.byte	0
 1590 019c 00       		.byte	0
 1591 019d 20       		.uleb128 0x20
 1592 019e 2E       		.uleb128 0x2e
 1593 019f 00       		.byte	0
 1594 01a0 3F       		.uleb128 0x3f
 1595 01a1 19       		.uleb128 0x19
 1596 01a2 3C       		.uleb128 0x3c
 1597 01a3 19       		.uleb128 0x19
 1598 01a4 6E       		.uleb128 0x6e
ARM GAS  C:\Users\Admin\AppData\Local\Temp\ccDHJoG6.s 			page 38


 1599 01a5 0E       		.uleb128 0xe
 1600 01a6 03       		.uleb128 0x3
 1601 01a7 0E       		.uleb128 0xe
 1602 01a8 3A       		.uleb128 0x3a
 1603 01a9 0B       		.uleb128 0xb
 1604 01aa 3B       		.uleb128 0x3b
 1605 01ab 0B       		.uleb128 0xb
 1606 01ac 00       		.byte	0
 1607 01ad 00       		.byte	0
 1608 01ae 00       		.byte	0
 1609              		.section	.debug_loc,"",%progbits
 1610              	.Ldebug_loc0:
 1611              	.LLST0:
 1612 0000 02000000 		.4byte	.LVL1
 1613 0004 08000000 		.4byte	.LVL2
 1614 0008 0200     		.2byte	0x2
 1615 000a 30       		.byte	0x30
 1616 000b 9F       		.byte	0x9f
 1617 000c 08000000 		.4byte	.LVL2
 1618 0010 30000000 		.4byte	.LVL11
 1619 0014 0100     		.2byte	0x1
 1620 0016 57       		.byte	0x57
 1621 0017 00000000 		.4byte	0
 1622 001b 00000000 		.4byte	0
 1623              	.LLST1:
 1624 001f 02000000 		.4byte	.LVL1
 1625 0023 08000000 		.4byte	.LVL2
 1626 0027 0200     		.2byte	0x2
 1627 0029 30       		.byte	0x30
 1628 002a 9F       		.byte	0x9f
 1629 002b 08000000 		.4byte	.LVL2
 1630 002f 30000000 		.4byte	.LVL10
 1631 0033 0100     		.2byte	0x1
 1632 0035 55       		.byte	0x55
 1633 0036 00000000 		.4byte	0
 1634 003a 00000000 		.4byte	0
 1635              	.LLST2:
 1636 003e 0C000000 		.4byte	.LVL3
 1637 0042 2C000000 		.4byte	.LVL9
 1638 0046 0100     		.2byte	0x1
 1639 0048 56       		.byte	0x56
 1640 0049 00000000 		.4byte	0
 1641 004d 00000000 		.4byte	0
 1642              	.LLST3:
 1643 0051 0E000000 		.4byte	.LVL4
 1644 0055 24000000 		.4byte	.LVL7
 1645 0059 0100     		.2byte	0x1
 1646 005b 53       		.byte	0x53
 1647 005c 26000000 		.4byte	.LVL8
 1648 0060 2C000000 		.4byte	.LVL9
 1649 0064 0100     		.2byte	0x1
 1650 0066 53       		.byte	0x53
 1651 0067 00000000 		.4byte	0
 1652 006b 00000000 		.4byte	0
 1653              	.LLST4:
 1654 006f 00000000 		.4byte	.LVL12
 1655 0073 09000000 		.4byte	.LVL14-1
ARM GAS  C:\Users\Admin\AppData\Local\Temp\ccDHJoG6.s 			page 39


 1656 0077 0100     		.2byte	0x1
 1657 0079 50       		.byte	0x50
 1658 007a 09000000 		.4byte	.LVL14-1
 1659 007e 0C000000 		.4byte	.LFE2
 1660 0082 0400     		.2byte	0x4
 1661 0084 F3       		.byte	0xf3
 1662 0085 01       		.uleb128 0x1
 1663 0086 50       		.byte	0x50
 1664 0087 9F       		.byte	0x9f
 1665 0088 00000000 		.4byte	0
 1666 008c 00000000 		.4byte	0
 1667              	.LLST5:
 1668 0090 00000000 		.4byte	.LVL12
 1669 0094 06000000 		.4byte	.LVL13
 1670 0098 0100     		.2byte	0x1
 1671 009a 51       		.byte	0x51
 1672 009b 06000000 		.4byte	.LVL13
 1673 009f 09000000 		.4byte	.LVL14-1
 1674 00a3 0100     		.2byte	0x1
 1675 00a5 52       		.byte	0x52
 1676 00a6 09000000 		.4byte	.LVL14-1
 1677 00aa 0C000000 		.4byte	.LFE2
 1678 00ae 0400     		.2byte	0x4
 1679 00b0 F3       		.byte	0xf3
 1680 00b1 01       		.uleb128 0x1
 1681 00b2 51       		.byte	0x51
 1682 00b3 9F       		.byte	0x9f
 1683 00b4 00000000 		.4byte	0
 1684 00b8 00000000 		.4byte	0
 1685              	.LLST6:
 1686 00bc DA000000 		.4byte	.LVL22
 1687 00c0 DE000000 		.4byte	.LVL23
 1688 00c4 0200     		.2byte	0x2
 1689 00c6 30       		.byte	0x30
 1690 00c7 9F       		.byte	0x9f
 1691 00c8 DE000000 		.4byte	.LVL23
 1692 00cc FC000000 		.4byte	.LVL25
 1693 00d0 0100     		.2byte	0x1
 1694 00d2 54       		.byte	0x54
 1695 00d3 FE000000 		.4byte	.LVL26
 1696 00d7 70010000 		.4byte	.LVL30
 1697 00db 0100     		.2byte	0x1
 1698 00dd 54       		.byte	0x54
 1699 00de 00000000 		.4byte	0
 1700 00e2 00000000 		.4byte	0
 1701              	.LLST7:
 1702 00e6 DE000000 		.4byte	.LVL23
 1703 00ea FC000000 		.4byte	.LVL25
 1704 00ee 0B00     		.2byte	0xb
 1705 00f0 74       		.byte	0x74
 1706 00f1 00       		.sleb128 0
 1707 00f2 36       		.byte	0x36
 1708 00f3 1E       		.byte	0x1e
 1709 00f4 03       		.byte	0x3
 1710 00f5 00000000 		.4byte	cfg_memset_list.4916
 1711 00f9 22       		.byte	0x22
 1712 00fa 9F       		.byte	0x9f
ARM GAS  C:\Users\Admin\AppData\Local\Temp\ccDHJoG6.s 			page 40


 1713 00fb FC000000 		.4byte	.LVL25
 1714 00ff FE000000 		.4byte	.LVL26
 1715 0103 0B00     		.2byte	0xb
 1716 0105 74       		.byte	0x74
 1717 0106 7F       		.sleb128 -1
 1718 0107 36       		.byte	0x36
 1719 0108 1E       		.byte	0x1e
 1720 0109 03       		.byte	0x3
 1721 010a 00000000 		.4byte	cfg_memset_list.4916
 1722 010e 22       		.byte	0x22
 1723 010f 9F       		.byte	0x9f
 1724 0110 00000000 		.4byte	0
 1725 0114 00000000 		.4byte	0
 1726              		.section	.debug_aranges,"",%progbits
 1727 0000 3C000000 		.4byte	0x3c
 1728 0004 0200     		.2byte	0x2
 1729 0006 00000000 		.4byte	.Ldebug_info0
 1730 000a 04       		.byte	0x4
 1731 000b 00       		.byte	0
 1732 000c 0000     		.2byte	0
 1733 000e 0000     		.2byte	0
 1734 0010 00000000 		.4byte	.LFB5
 1735 0014 32000000 		.4byte	.LFE5-.LFB5
 1736 0018 00000000 		.4byte	.LFB7
 1737 001c 20000000 		.4byte	.LFE7-.LFB7
 1738 0020 00000000 		.4byte	.LFB2
 1739 0024 0C000000 		.4byte	.LFE2-.LFB2
 1740 0028 00000000 		.4byte	.LFB6
 1741 002c D0000000 		.4byte	.LFE6-.LFB6
 1742 0030 D0000000 		.4byte	.LFB8
 1743 0034 DC000000 		.4byte	.LFE8-.LFB8
 1744 0038 00000000 		.4byte	0
 1745 003c 00000000 		.4byte	0
 1746              		.section	.debug_ranges,"",%progbits
 1747              	.Ldebug_ranges0:
 1748 0000 00000000 		.4byte	.LFB5
 1749 0004 32000000 		.4byte	.LFE5
 1750 0008 00000000 		.4byte	.LFB7
 1751 000c 20000000 		.4byte	.LFE7
 1752 0010 00000000 		.4byte	.LFB2
 1753 0014 0C000000 		.4byte	.LFE2
 1754 0018 00000000 		.4byte	.LFB6
 1755 001c D0000000 		.4byte	.LFE6
 1756 0020 D0000000 		.4byte	.LFB8
 1757 0024 AC010000 		.4byte	.LFE8
 1758 0028 00000000 		.4byte	0
 1759 002c 00000000 		.4byte	0
 1760              		.section	.debug_line,"",%progbits
 1761              	.Ldebug_line0:
 1762 0000 88010000 		.section	.debug_str,"MS",%progbits,1
 1762      0200E300 
 1762      00000201 
 1762      FB0E0D00 
 1762      01010101 
 1763              	.LASF19:
 1764 0000 72656733 		.ascii	"reg32\000"
 1764      3200
ARM GAS  C:\Users\Admin\AppData\Local\Temp\ccDHJoG6.s 			page 41


 1765              	.LASF12:
 1766 0006 73697A65 		.ascii	"size_t\000"
 1766      5F7400
 1767              	.LASF46:
 1768 000d 416E616C 		.ascii	"AnalogSetDefault\000"
 1768      6F675365 
 1768      74446566 
 1768      61756C74 
 1768      00
 1769              	.LASF41:
 1770 001e 4379496E 		.ascii	"CyIntSetVector\000"
 1770      74536574 
 1770      56656374 
 1770      6F7200
 1771              	.LASF21:
 1772 002d 76616C75 		.ascii	"value\000"
 1772      6500
 1773              	.LASF26:
 1774 0033 636F756E 		.ascii	"count\000"
 1774      7400
 1775              	.LASF29:
 1776 0039 436C6F63 		.ascii	"ClockSetup\000"
 1776      6B536574 
 1776      757000
 1777              	.LASF30:
 1778 0044 63795F63 		.ascii	"cy_cfg_addr_table\000"
 1778      66675F61 
 1778      6464725F 
 1778      7461626C 
 1778      6500
 1779              	.LASF31:
 1780 0056 63795F63 		.ascii	"cy_cfg_data_table\000"
 1780      66675F64 
 1780      6174615F 
 1780      7461626C 
 1780      6500
 1781              	.LASF16:
 1782 0068 666C6F61 		.ascii	"float\000"
 1782      7400
 1783              	.LASF35:
 1784 006e 6366675F 		.ascii	"cfg_memset_list\000"
 1784      6D656D73 
 1784      65745F6C 
 1784      69737400 
 1785              	.LASF33:
 1786 007e 73697A65 		.ascii	"size\000"
 1786      00
 1787              	.LASF37:
 1788 0083 43795379 		.ascii	"CySysClkWcoSetPowerMode\000"
 1788      73436C6B 
 1788      57636F53 
 1788      6574506F 
 1788      7765724D 
 1789              	.LASF18:
 1790 009b 72656738 		.ascii	"reg8\000"
 1790      00
 1791              	.LASF8:
ARM GAS  C:\Users\Admin\AppData\Local\Temp\ccDHJoG6.s 			page 42


 1792 00a0 6C6F6E67 		.ascii	"long unsigned int\000"
 1792      20756E73 
 1792      69676E65 
 1792      6420696E 
 1792      7400
 1793              	.LASF13:
 1794 00b2 75696E74 		.ascii	"uint8\000"
 1794      3800
 1795              	.LASF36:
 1796 00b8 43795379 		.ascii	"CySysClkWcoStart\000"
 1796      73436C6B 
 1796      57636F53 
 1796      74617274 
 1796      00
 1797              	.LASF28:
 1798 00c9 43594D45 		.ascii	"CYMEMZERO\000"
 1798      4D5A4552 
 1798      4F00
 1799              	.LASF4:
 1800 00d3 756E7369 		.ascii	"unsigned char\000"
 1800      676E6564 
 1800      20636861 
 1800      7200
 1801              	.LASF48:
 1802 00e1 6D656D73 		.ascii	"memset\000"
 1802      657400
 1803              	.LASF17:
 1804 00e8 646F7562 		.ascii	"double\000"
 1804      6C6500
 1805              	.LASF27:
 1806 00ef 6366675F 		.ascii	"cfg_write_bytes32\000"
 1806      77726974 
 1806      655F6279 
 1806      74657333 
 1806      3200
 1807              	.LASF42:
 1808 0101 4379496E 		.ascii	"CyIntEnable\000"
 1808      74456E61 
 1808      626C6500 
 1809              	.LASF23:
 1810 010d 61646472 		.ascii	"addr_table\000"
 1810      5F746162 
 1810      6C6500
 1811              	.LASF14:
 1812 0118 75696E74 		.ascii	"uint16\000"
 1812      313600
 1813              	.LASF24:
 1814 011f 64617461 		.ascii	"data_table\000"
 1814      5F746162 
 1814      6C6500
 1815              	.LASF15:
 1816 012a 75696E74 		.ascii	"uint32\000"
 1816      333200
 1817              	.LASF0:
 1818 0131 756E7369 		.ascii	"unsigned int\000"
 1818      676E6564 
 1818      20696E74 
ARM GAS  C:\Users\Admin\AppData\Local\Temp\ccDHJoG6.s 			page 43


 1818      00
 1819              	.LASF47:
 1820 013e 63796669 		.ascii	"cyfitter_cfg\000"
 1820      74746572 
 1820      5F636667 
 1820      00
 1821              	.LASF32:
 1822 014b 61646472 		.ascii	"address\000"
 1822      65737300 
 1823              	.LASF9:
 1824 0153 6C6F6E67 		.ascii	"long long unsigned int\000"
 1824      206C6F6E 
 1824      6720756E 
 1824      7369676E 
 1824      65642069 
 1825              	.LASF43:
 1826 016a 474E5520 		.ascii	"GNU C11 5.4.1 20160609 (release) [ARM/embedded-5-br"
 1826      43313120 
 1826      352E342E 
 1826      31203230 
 1826      31363036 
 1827 019d 616E6368 		.ascii	"anch revision 237715] -mcpu=cortex-m0 -mthumb -g -O"
 1827      20726576 
 1827      6973696F 
 1827      6E203233 
 1827      37373135 
 1828 01d0 67202D66 		.ascii	"g -ffunction-sections -ffat-lto-objects\000"
 1828      66756E63 
 1828      74696F6E 
 1828      2D736563 
 1828      74696F6E 
 1829              	.LASF34:
 1830 01f8 6366675F 		.ascii	"cfg_memset_t\000"
 1830      6D656D73 
 1830      65745F74 
 1830      00
 1831              	.LASF25:
 1832 0205 62617365 		.ascii	"baseAddr\000"
 1832      41646472 
 1832      00
 1833              	.LASF10:
 1834 020e 73697A65 		.ascii	"sizetype\000"
 1834      74797065 
 1834      00
 1835              	.LASF6:
 1836 0217 73686F72 		.ascii	"short unsigned int\000"
 1836      7420756E 
 1836      7369676E 
 1836      65642069 
 1836      6E7400
 1837              	.LASF1:
 1838 022a 6C6F6E67 		.ascii	"long long int\000"
 1838      206C6F6E 
 1838      6720696E 
 1838      7400
 1839              	.LASF40:
 1840 0238 43794465 		.ascii	"CyDelayUs\000"
ARM GAS  C:\Users\Admin\AppData\Local\Temp\ccDHJoG6.s 			page 44


 1840      6C617955 
 1840      7300
 1841              	.LASF11:
 1842 0242 63686172 		.ascii	"char\000"
 1842      00
 1843              	.LASF39:
 1844 0247 43795379 		.ascii	"CySysClkEcoStart\000"
 1844      73436C6B 
 1844      45636F53 
 1844      74617274 
 1844      00
 1845              	.LASF22:
 1846 0258 63795F63 		.ascii	"cy_cfg_addrvalue_t\000"
 1846      66675F61 
 1846      64647276 
 1846      616C7565 
 1846      5F7400
 1847              	.LASF20:
 1848 026b 6F666673 		.ascii	"offset\000"
 1848      657400
 1849              	.LASF5:
 1850 0272 73686F72 		.ascii	"short int\000"
 1850      7420696E 
 1850      7400
 1851              	.LASF38:
 1852 027c 43795379 		.ascii	"CySysClkWriteImoFreq\000"
 1852      73436C6B 
 1852      57726974 
 1852      65496D6F 
 1852      46726571 
 1853              	.LASF7:
 1854 0291 6C6F6E67 		.ascii	"long int\000"
 1854      20696E74 
 1854      00
 1855              	.LASF2:
 1856 029a 6C6F6E67 		.ascii	"long double\000"
 1856      20646F75 
 1856      626C6500 
 1857              	.LASF3:
 1858 02a6 7369676E 		.ascii	"signed char\000"
 1858      65642063 
 1858      68617200 
 1859              	.LASF44:
 1860 02b2 47656E65 		.ascii	"Generated_Source\\PSoC4\\cyfitter_cfg.c\000"
 1860      72617465 
 1860      645F536F 
 1860      75726365 
 1860      5C50536F 
 1861              	.LASF45:
 1862 02d8 443A5C4C 		.ascii	"D:\\LABs_BLE\\LABs_BLE\\Lab_1_3_LED.cydsn\000"
 1862      4142735F 
 1862      424C455C 
 1862      4C414273 
 1862      5F424C45 
 1863              		.ident	"GCC: (GNU Tools for ARM Embedded Processors) 5.4.1 20160609 (release) [ARM/embedded-5-bran
